recipe_id,recipe_name,category,category_id,preparation_time_min,calories,protein_g,carbohydrates_g,fat_g,estimated_cost_usd,dietary_tags
1,Classic Spinach & Mushroom Omelette,Breakfast,0,15,468.9,29.8,5.4,36.8,2.63,Vegetarian;Keto;Gluten-Free;High-Protein;Halal
2,Greek Yogurt Berry Nut Bowl,Breakfast,0,5,449.8,26.1,41.6,22.8,4.12,Vegetarian;Gluten-Free;High-Protein;Halal
3,Avocado & Egg Whole Wheat Toast,Breakfast,0,10,639.6,24.0,43.1,43.7,2.64,Vegetarian;Halal
4,Peanut Butter Banana Oatmeal,Breakfast,0,10,656.7,25.4,84.5,27.5,1.38,Vegan;Vegetarian;Dairy-Free;Halal
5,High-Protein Tofu Breakfast Scramble,Breakfast,0,15,314.7,17.1,12.3,24.1,2.79,Vegan;Vegetarian;Gluten-Free;Dairy-Free;High-Protein;Halal
6,Berry Chia Yogurt Parfait,Breakfast,0,5,449.5,24.1,34.1,26.9,3.46,Vegetarian;Gluten-Free;Halal
7,Grilled Chicken & Quinoa Harvest Bowl,Lunch,1,25,587.1,62.9,30.6,23.4,4.39,Gluten-Free;High-Protein;Halal
8,Mediterranean Chickpea & Avocado Salad,Lunch,1,12,591.0,15.1,51.1,40.4,3.71,Vegan;Vegetarian;Gluten-Free;Dairy-Free;Halal
9,Tuna Salad Whole Wheat Wrap,Lunch,1,10,434.9,43.2,48.2,7.7,2.88,High-Protein;Halal
10,Black Bean Burrito Bowl with Brown Rice,Lunch,1,20,412.1,16.0,62.2,11.9,2.34,Vegan;Vegetarian;Gluten-Free;Dairy-Free;Halal
11,Creamy Tomato & Mozzarella Penne,Lunch,1,20,470.7,22.1,43.5,24.2,2.25,Vegetarian;Halal
12,Turkey Avocado BLT Wrap,Lunch,1,15,841.7,50.7,60.5,47.8,4.86,High-Protein;Halal
13,Pan-Seared Salmon with Garlic Butter Broccoli & Sweet Potato,Dinner,2,30,789.3,47.7,51.5,43.1,7.68,Gluten-Free;High-Protein;Halal
14,Lean Ground Beef Stir-Fry with Brown Rice & Peppers,Dinner,2,25,613.1,52.6,33.1,31.8,4.62,Gluten-Free;Dairy-Free;High-Protein;Halal
15,Creamy Garlic Parmesan Chicken Fettuccine,Dinner,2,30,924.0,77.1,35.8,51.3,4.39,High-Protein;Halal
16,Hearty Lentil & Vegetable Stew,Dinner,2,35,457.8,16.3,65.7,16.1,2.17,Vegan;Vegetarian;Gluten-Free;Dairy-Free;Halal
17,Garlic Butter Shrimp with Zucchini Noodles & Tomatoes,Dinner,2,20,516.5,61.5,15.1,24.8,7.18,Keto;Gluten-Free;High-Protein;Low-Carb;Halal
18,Savory Tofu & Mushroom Teriyaki Bowl,Dinner,2,25,454.9,25.5,49.0,20.6,4.03,Vegan;Vegetarian;Dairy-Free;Halal
19,Apple Slices with Natural Peanut Butter,Snack,3,3,299.4,9.3,31.8,17.9,1.03,Vegan;Vegetarian;Gluten-Free;Dairy-Free;Halal
20,Banana Almond Protein Smoothie,Snack,3,5,440.4,19.4,51.4,20.3,2.01,Vegetarian;Gluten-Free;Halal
21,Cheddar Cheese & Boiled Egg Power Snack,Snack,3,8,241.8,16.7,3.1,18.1,1.08,Vegetarian;Keto;Gluten-Free;High-Protein;Halal
22,Strawberries & Dark Chocolate Walnut Cup,Snack,3,4,258.6,5.3,20.0,19.9,2.22,Vegan;Vegetarian;Gluten-Free;Halal
23,Zesty Creamy Garlic Parmesan Chicken Fettuccine Style 23,Dinner,2,32,933.8,87.1,32.7,48.9,4.8,High-Protein;Halal
24,Herb-Crusted Banana Almond Protein Smoothie Style 24,Snack,3,0,439.3,18.3,52.2,20.3,1.94,Vegetarian;Gluten-Free;Halal
25,Hearty Creamy Tomato & Mozzarella Penne Style 25,Lunch,1,15,480.5,22.5,45.4,24.2,2.21,Vegetarian;Halal
26,Fresh Pan-Seared Salmon with Garlic Butter Broccoli & Sweet Potato Style 26,Dinner,2,25,788.7,60.8,51.1,36.3,8.71,Gluten-Free;High-Protein;Halal
27,Crispy Avocado & Egg Whole Wheat Toast Style 27,Breakfast,0,17,608.2,26.4,44.7,38.7,2.51,Vegetarian;Halal
28,Garden-Fresh Garlic Butter Shrimp with Zucchini Noodles & Tomatoes Style 28,Dinner,2,15,441.2,51.8,15.1,20.6,6.17,Keto;Gluten-Free;High-Protein;Low-Carb;Halal
29,Hearty Greek Yogurt Berry Nut Bowl Style 29,Breakfast,0,11,499.4,31.1,39.3,27.3,4.38,Vegetarian;Gluten-Free;High-Protein;Halal
30,Rustic Cheddar Cheese & Boiled Egg Power Snack Style 30,Snack,3,11,282.0,19.2,3.2,21.4,1.2,Vegetarian;Keto;Gluten-Free;High-Protein;Halal
31,Zesty Pan-Seared Salmon with Garlic Butter Broccoli & Sweet Potato Style 31,Dinner,2,32,912.3,56.9,58.5,48.9,8.9,Gluten-Free;High-Protein;Halal
32,Hearty Lean Ground Beef Stir-Fry with Brown Rice & Peppers Style 32,Dinner,2,26,619.0,53.7,31.8,32.6,4.62,Gluten-Free;Dairy-Free;High-Protein;Halal
33,Rustic High-Protein Tofu Breakfast Scramble Style 33,Breakfast,0,15,335.5,18.8,14.5,24.9,3.12,Vegan;Vegetarian;Gluten-Free;Dairy-Free;High-Protein;Halal
34,Savory Creamy Tomato & Mozzarella Penne Style 34,Lunch,1,28,461.8,20.8,47.0,22.3,2.33,Vegetarian;Halal
35,Rustic Lean Ground Beef Stir-Fry with Brown Rice & Peppers Style 35,Dinner,2,28,646.0,52.1,43.6,30.6,4.66,Gluten-Free;Dairy-Free;High-Protein;Halal
36,Fresh Banana Almond Protein Smoothie Style 36,Snack,3,4,407.8,17.6,50.5,17.6,1.87,Vegetarian;Gluten-Free;Halal
37,Fresh Garlic Butter Shrimp with Zucchini Noodles & Tomatoes Style 37,Dinner,2,23,470.9,57.9,10.3,23.4,6.99,Keto;Gluten-Free;High-Protein;Low-Carb;Halal
38,Hearty Lean Ground Beef Stir-Fry with Brown Rice & Peppers Style 38,Dinner,2,35,685.0,58.6,37.1,35.4,5.13,Gluten-Free;Dairy-Free;High-Protein;Halal
39,Spicy Creamy Tomato & Mozzarella Penne Style 39,Lunch,1,16,521.5,25.3,48.1,26.4,2.45,Vegetarian;Halal
40,Savory Garlic Butter Shrimp with Zucchini Noodles & Tomatoes Style 40,Dinner,2,27,520.5,60.8,16.9,24.9,7.16,Keto;Gluten-Free;High-Protein;Low-Carb;Halal
41,Smoky Garlic Butter Shrimp with Zucchini Noodles & Tomatoes Style 41,Dinner,2,28,544.3,66.5,13.7,26.2,7.34,Keto;Gluten-Free;High-Protein;Low-Carb;Halal
42,Fresh Black Bean Burrito Bowl with Brown Rice Style 42,Lunch,1,20,468.6,19.1,72.8,12.2,2.71,Vegan;Vegetarian;Gluten-Free;Dairy-Free;Halal
43,Garden-Fresh Apple Slices with Natural Peanut Butter Style 43,Snack,3,-2,299.4,9.3,31.8,17.9,1.03,Vegan;Vegetarian;Gluten-Free;Dairy-Free;Halal
44,Spicy Berry Chia Yogurt Parfait Style 44,Breakfast,0,5,462.4,25.2,35.2,27.4,3.69,Vegetarian;Gluten-Free;Halal
45,Savory Peanut Butter Banana Oatmeal Style 45,Breakfast,0,10,614.8,23.6,77.7,26.7,1.33,Vegan;Vegetarian;Dairy-Free;Halal
46,Roasted Pan-Seared Salmon with Garlic Butter Broccoli & Sweet Potato Style 46,Dinner,2,30,798.5,46.8,58.2,41.9,7.7,Gluten-Free;High-Protein;Halal
47,Crispy Greek Yogurt Berry Nut Bowl Style 47,Breakfast,0,6,392.2,23.2,37.2,19.4,4.05,Vegetarian;Gluten-Free;High-Protein;Halal
48,Fresh Classic Spinach & Mushroom Omelette Style 48,Breakfast,0,25,486.6,30.8,5.1,38.4,2.59,Vegetarian;Keto;Gluten-Free;High-Protein;Halal
49,Hearty Mediterranean Chickpea & Avocado Salad Style 49,Lunch,1,13,596.1,15.4,52.0,40.5,3.7,Vegan;Vegetarian;Gluten-Free;Dairy-Free;Halal
50,Herb-Crusted Greek Yogurt Berry Nut Bowl Style 50,Breakfast,0,9,444.4,23.7,41.4,23.5,3.87,Vegetarian;Gluten-Free;High-Protein;Halal
51,Savory Creamy Tomato & Mozzarella Penne Style 51,Lunch,1,20,410.2,18.8,36.9,21.9,2.08,Vegetarian;Halal
52,Garden-Fresh Creamy Garlic Parmesan Chicken Fettuccine Style 52,Dinner,2,27,862.9,72.8,41.0,44.2,4.08,High-Protein;Halal
53,Spicy Black Bean Burrito Bowl with Brown Rice Style 53,Lunch,1,18,385.9,13.9,57.8,11.8,2.15,Vegan;Vegetarian;Gluten-Free;Dairy-Free;Halal
54,Garden-Fresh Apple Slices with Natural Peanut Butter Style 54,Snack,3,7,299.4,9.3,31.8,17.9,1.03,Vegan;Vegetarian;Gluten-Free;Dairy-Free;Halal
55,Fresh Lean Ground Beef Stir-Fry with Brown Rice & Peppers Style 55,Dinner,2,35,683.2,60.6,31.8,36.9,5.21,Gluten-Free;Dairy-Free;High-Protein;Halal
56,Smoky Hearty Lentil & Vegetable Stew Style 56,Dinner,2,43,398.7,18.2,66.7,8.4,1.93,Vegan;Vegetarian;Gluten-Free;Dairy-Free;Halal
57,Zesty Lean Ground Beef Stir-Fry with Brown Rice & Peppers Style 57,Dinner,2,29,568.5,48.2,31.7,29.2,4.3,Gluten-Free;Dairy-Free;High-Protein;Halal
58,Roasted Black Bean Burrito Bowl with Brown Rice Style 58,Lunch,1,20,421.4,16.4,64.0,12.0,2.24,Vegan;Vegetarian;Gluten-Free;Dairy-Free;Halal
59,Golden Grilled Chicken & Quinoa Harvest Bowl Style 59,Lunch,1,34,609.8,72.9,32.8,19.9,5.84,Gluten-Free;High-Protein;Halal
60,Garden-Fresh Lean Ground Beef Stir-Fry with Brown Rice & Peppers Style 60,Dinner,2,30,516.7,42.3,33.8,25.0,3.96,Gluten-Free;Dairy-Free;High-Protein;Halal
61,Savory Turkey Avocado BLT Wrap Style 61,Lunch,1,22,903.6,60.4,61.0,50.2,5.49,High-Protein;Halal
62,Fresh Berry Chia Yogurt Parfait Style 62,Breakfast,0,7,1332.9,7.5,32.6,135.4,3.68,Vegetarian;Gluten-Free;Halal
63,Spicy Turkey Avocado BLT Wrap Style 63,Lunch,1,10,787.3,25.8,95.1,37.9,3.21,High-Protein;Halal
64,Roasted Hearty Lentil & Vegetable Stew Style 64,Dinner,2,36,526.4,18.3,82.2,16.2,2.18,Vegan;Vegetarian;Gluten-Free;Dairy-Free;Halal
65,Spicy Greek Yogurt Berry Nut Bowl Style 65,Breakfast,0,2,427.4,25.1,37.8,22.3,4.01,Vegetarian;Gluten-Free;High-Protein;Halal
66,Spicy Creamy Tomato & Mozzarella Penne Style 66,Lunch,1,21,521.5,25.2,48.1,26.4,2.37,Vegetarian;Halal
67,Hearty Creamy Tomato & Mozzarella Penne Style 67,Lunch,1,21,404.8,17.5,35.2,22.5,1.94,Vegetarian;Halal
68,Golden Savory Tofu & Mushroom Teriyaki Bowl Style 68,Dinner,2,34,455.1,26.7,48.0,21.0,4.38,Vegan;Vegetarian;Dairy-Free;Halal
69,Herb-Crusted Greek Yogurt Berry Nut Bowl Style 69,Breakfast,0,14,393.4,21.6,36.6,20.6,3.73,Vegetarian;Gluten-Free;High-Protein;Halal
70,Golden Banana Almond Protein Smoothie Style 70,Snack,3,14,468.4,21.3,53.2,21.8,2.18,Vegetarian;Gluten-Free;Halal
71,Herb-Crusted Apple Slices with Natural Peanut Butter Style 71,Snack,3,1,328.8,10.5,32.8,20.4,1.07,Vegan;Vegetarian;Gluten-Free;Dairy-Free;Halal
72,Rustic Creamy Garlic Parmesan Chicken Fettuccine Style 72,Dinner,2,36,978.8,80.5,38.7,54.5,4.59,High-Protein;Halal
73,Herb-Crusted Pan-Seared Salmon with Garlic Butter Broccoli & Sweet Potato Style 73,Dinner,2,36,884.8,52.4,55.5,49.8,8.42,Gluten-Free;High-Protein;Halal
74,Spicy Hearty Lentil & Vegetable Stew Style 74,Dinner,2,39,487.5,17.8,71.6,16.1,2.02,Vegan;Vegetarian;Gluten-Free;Dairy-Free;Halal
75,Spicy Savory Tofu & Mushroom Teriyaki Bowl Style 75,Dinner,2,33,444.5,25.1,47.8,20.2,4.04,Vegan;Vegetarian;Dairy-Free;Halal
76,Fresh Lean Ground Beef Stir-Fry with Brown Rice & Peppers Style 76,Dinner,2,35,671.9,58.6,32.7,36.0,4.97,Gluten-Free;Dairy-Free;High-Protein;Halal
77,Fresh Peanut Butter Banana Oatmeal Style 77,Breakfast,0,8,667.0,25.8,87.1,27.4,1.35,Vegan;Vegetarian;Dairy-Free;Halal
78,Fresh Strawberries & Dark Chocolate Walnut Cup Style 78,Snack,3,1,263.4,5.4,21.2,19.9,2.44,Vegan;Vegetarian;Gluten-Free;Halal
79,Herb-Crusted Grilled Chicken & Quinoa Harvest Bowl Style 79,Lunch,1,32,614.2,74.4,32.7,19.9,4.92,Gluten-Free;High-Protein;Halal
80,Fresh Banana Almond Protein Smoothie Style 80,Snack,3,13,439.7,20.1,50.8,20.2,2.06,Vegetarian;Gluten-Free;Halal
81,Savory Turkey Avocado BLT Wrap Style 81,Lunch,1,11,853.5,52.3,61.2,48.2,5.06,High-Protein;Halal
82,Garden-Fresh Classic Spinach & Mushroom Omelette Style 82,Breakfast,0,22,448.9,28.6,5.3,35.2,2.55,Vegetarian;Keto;Gluten-Free;High-Protein;Halal
83,Golden Cheddar Cheese & Boiled Egg Power Snack Style 83,Snack,3,7,177.0,10.4,2.7,14.1,0.79,Vegetarian;Keto;Gluten-Free;High-Protein;Halal
84,Roasted Grilled Chicken & Quinoa Harvest Bowl Style 84,Lunch,1,24,642.3,54.0,33.8,34.1,4.7,Gluten-Free;High-Protein;Halal
85,Fiesta Hearty Lentil & Vegetable Stew Style 85,Dinner,2,43,442.0,15.5,62.7,16.0,2.14,Vegan;Vegetarian;Gluten-Free;Dairy-Free;Halal
86,Herb-Crusted Banana Almond Protein Smoothie Style 86,Snack,3,0,451.9,20.7,51.7,20.9,2.12,Vegetarian;Gluten-Free;Halal
87,Spicy Apple Slices with Natural Peanut Butter Style 87,Snack,3,11,270.0,8.0,30.8,15.4,0.99,Vegan;Vegetarian;Gluten-Free;Dairy-Free;Halal
88,Fresh Savory Tofu & Mushroom Teriyaki Bowl Style 88,Dinner,2,28,512.6,28.0,45.8,27.5,4.15,Vegan;Vegetarian;Dairy-Free;Halal
89,Roasted Creamy Garlic Parmesan Chicken Fettuccine Style 89,Dinner,2,34,816.0,66.0,42.3,41.5,3.85,High-Protein;Halal
90,Zesty Banana Almond Protein Smoothie Style 90,Snack,3,10,424.1,17.5,51.0,19.4,1.87,Vegetarian;Gluten-Free;Halal
91,Golden Lean Ground Beef Stir-Fry with Brown Rice & Peppers Style 91,Dinner,2,28,717.8,63.4,33.6,38.7,5.29,Gluten-Free;Dairy-Free;High-Protein;Halal
92,Fiesta Greek Yogurt Berry Nut Bowl Style 92,Breakfast,0,9,480.1,26.6,44.4,25.0,3.9,Vegetarian;Gluten-Free;High-Protein;Halal
93,Savory Hearty Lentil & Vegetable Stew Style 93,Dinner,2,35,438.9,14.6,62.6,16.0,2.08,Vegan;Vegetarian;Gluten-Free;Dairy-Free;Halal
94,Garden-Fresh Apple Slices with Natural Peanut Butter Style 94,Snack,3,6,299.4,9.3,31.8,17.9,1.03,Vegan;Vegetarian;Gluten-Free;Dairy-Free;Halal
95,Spicy Mediterranean Chickpea & Avocado Salad Style 95,Lunch,1,22,601.6,13.2,45.4,44.9,3.53,Vegan;Vegetarian;Gluten-Free;Dairy-Free;Halal
96,Smoky Lean Ground Beef Stir-Fry with Brown Rice & Peppers Style 96,Dinner,2,21,601.8,50.0,37.1,30.1,4.15,Gluten-Free;Dairy-Free;High-Protein;Halal
97,Spicy Berry Chia Yogurt Parfait Style 97,Breakfast,0,12,436.6,23.1,32.9,26.4,3.23,Vegetarian;Gluten-Free;Halal
98,Rustic Hearty Lentil & Vegetable Stew Style 98,Dinner,2,31,467.8,14.2,59.5,21.0,2.17,Vegan;Vegetarian;Gluten-Free;Dairy-Free;Halal
99,Roasted Peanut Butter Banana Oatmeal Style 99,Breakfast,0,13,620.5,27.3,63.3,31.2,1.19,Vegan;Vegetarian;Dairy-Free;Halal
100,Fresh Cheddar Cheese & Boiled Egg Power Snack Style 100,Snack,3,9,262.6,18.0,3.3,19.7,1.17,Vegetarian;Keto;Gluten-Free;High-Protein;Halal
101,Golden Garlic Butter Shrimp with Zucchini Noodles & Tomatoes Style 101,Dinner,2,18,478.2,64.5,14.5,19.5,7.71,Keto;Gluten-Free;High-Protein;Low-Carb;Halal
102,Spicy Strawberries & Dark Chocolate Walnut Cup Style 102,Snack,3,0,347.7,6.0,12.1,33.1,2.27,Vegan;Vegetarian;Gluten-Free;Halal
103,Fiesta Banana Almond Protein Smoothie Style 103,Snack,3,12,375.9,18.8,41.6,17.3,1.85,Vegetarian;Gluten-Free;Halal
104,Smoky Strawberries & Dark Chocolate Walnut Cup Style 104,Snack,3,4,265.0,5.4,21.6,19.9,2.52,Vegan;Vegetarian;Gluten-Free;Halal
105,Rustic Tuna Salad Whole Wheat Wrap Style 105,Lunch,1,15,432.6,42.8,48.5,7.5,2.94,High-Protein;Halal
106,Herb-Crusted Tuna Salad Whole Wheat Wrap Style 106,Lunch,1,19,500.8,50.1,56.9,8.2,3.09,High-Protein;Halal
107,Spicy Avocado & Egg Whole Wheat Toast Style 107,Breakfast,0,18,637.8,23.9,42.7,43.7,2.58,Vegetarian;Halal
108,Fresh Grilled Chicken & Quinoa Harvest Bowl Style 108,Lunch,1,35,575.9,69.4,30.5,19.3,5.0,Gluten-Free;High-Protein;Halal
109,Fiesta High-Protein Tofu Breakfast Scramble Style 109,Breakfast,0,10,333.1,18.8,13.9,24.9,3.11,Vegan;Vegetarian;Gluten-Free;Dairy-Free;High-Protein;Halal
110,Garden-Fresh Garlic Butter Shrimp with Zucchini Noodles & Tomatoes Style 110,Dinner,2,15,625.0,74.5,16.9,30.5,8.42,Keto;Gluten-Free;High-Protein;Low-Carb;Halal
111,Garden-Fresh Pan-Seared Salmon with Garlic Butter Broccoli & Sweet Potato Style 111,Dinner,2,27,889.3,53.9,51.8,51.0,8.54,Gluten-Free;High-Protein;Halal
112,Roasted Turkey Avocado BLT Wrap Style 112,Lunch,1,22,884.0,57.5,60.5,49.5,5.24,High-Protein;Halal
113,Hearty Strawberries & Dark Chocolate Walnut Cup Style 113,Snack,3,14,255.4,5.2,19.3,19.8,2.07,Vegan;Vegetarian;Gluten-Free;Halal
114,Fiesta Avocado & Egg Whole Wheat Toast Style 114,Breakfast,0,14,558.3,24.9,44.0,33.8,2.63,Vegetarian;Halal
115,Roasted Hearty Lentil & Vegetable Stew Style 115,Dinner,2,36,512.9,19.4,76.2,16.2,2.34,Vegan;Vegetarian;Gluten-Free;Dairy-Free;Halal
116,Fiesta Cheddar Cheese & Boiled Egg Power Snack Style 116,Snack,3,10,283.5,19.3,3.6,21.4,1.25,Vegetarian;Keto;Gluten-Free;High-Protein;Halal
117,Zesty Avocado & Egg Whole Wheat Toast Style 117,Breakfast,0,10,399.8,21.0,30.4,21.7,1.4,Vegetarian;Halal
118,Zesty Cheddar Cheese & Boiled Egg Power Snack Style 118,Snack,3,5,260.4,17.9,2.8,19.7,1.09,Vegetarian;Keto;Gluten-Free;High-Protein;Halal
119,Savory Peanut Butter Banana Oatmeal Style 119,Breakfast,0,17,698.3,27.3,86.5,30.7,1.48,Vegan;Vegetarian;Dairy-Free;Halal
120,Savory Creamy Tomato & Mozzarella Penne Style 120,Lunch,1,25,477.5,21.3,50.0,22.3,2.29,Vegetarian;Halal
121,Savory Avocado & Egg Whole Wheat Toast Style 121,Breakfast,0,9,644.3,24.6,43.9,43.8,2.65,Vegetarian;Halal
122,Smoky Peanut Butter Banana Oatmeal Style 122,Breakfast,0,14,729.9,37.0,88.7,28.8,2.2,Vegan;Vegetarian;Dairy-Free;Halal
123,Garden-Fresh Lean Ground Beef Stir-Fry with Brown Rice & Peppers Style 123,Dinner,2,25,698.3,60.6,35.0,37.0,5.25,Gluten-Free;Dairy-Free;High-Protein;Halal
124,Garden-Fresh Banana Almond Protein Smoothie Style 124,Snack,3,11,451.1,19.5,51.1,21.8,2.01,Vegetarian;Gluten-Free;Halal
125,Zesty Lean Ground Beef Stir-Fry with Brown Rice & Peppers Style 125,Dinner,2,27,626.7,54.0,33.4,32.6,4.87,Gluten-Free;Dairy-Free;High-Protein;Halal
126,Smoky Creamy Garlic Parmesan Chicken Fettuccine Style 126,Dinner,2,40,872.6,76.7,28.9,48.7,4.25,High-Protein;Halal
127,Herb-Crusted Berry Chia Yogurt Parfait Style 127,Breakfast,0,3,544.7,25.4,20.7,42.6,3.33,Vegetarian;Gluten-Free;Halal
128,Roasted Greek Yogurt Berry Nut Bowl Style 128,Breakfast,0,10,412.6,22.2,45.0,18.8,4.03,Vegetarian;Gluten-Free;High-Protein;Halal
129,Hearty Lean Ground Beef Stir-Fry with Brown Rice & Peppers Style 129,Dinner,2,26,670.0,57.6,34.7,35.3,4.89,Gluten-Free;Dairy-Free;High-Protein;Halal
130,Hearty Pan-Seared Salmon with Garlic Butter Broccoli & Sweet Potato Style 130,Dinner,2,39,805.1,41.6,77.0,37.2,6.47,Gluten-Free;High-Protein;Halal
131,Fiesta Grilled Chicken & Quinoa Harvest Bowl Style 131,Lunch,1,25,709.6,58.0,71.7,23.2,5.29,Gluten-Free;High-Protein;Halal
132,Hearty Creamy Tomato & Mozzarella Penne Style 132,Lunch,1,22,523.2,25.1,48.6,26.5,2.4,Vegetarian;Halal
133,Crispy Avocado & Egg Whole Wheat Toast Style 133,Breakfast,0,12,617.5,25.5,44.7,40.3,2.72,Vegetarian;Halal
134,Golden Mediterranean Chickpea & Avocado Salad Style 134,Lunch,1,8,630.4,14.8,50.4,45.3,3.79,Vegan;Vegetarian;Gluten-Free;Dairy-Free;Halal
135,Spicy Greek Yogurt Berry Nut Bowl Style 135,Breakfast,0,3,489.2,28.6,46.6,24.1,4.38,Vegetarian;Gluten-Free;High-Protein;Halal
136,Spicy Creamy Garlic Parmesan Chicken Fettuccine Style 136,Dinner,2,25,767.1,71.6,39.3,34.7,3.94,High-Protein;Halal
137,Fiesta Hearty Lentil & Vegetable Stew Style 137,Dinner,2,42,464.1,15.7,67.8,16.0,2.12,Vegan;Vegetarian;Gluten-Free;Dairy-Free;Halal
138,Smoky Berry Chia Yogurt Parfait Style 138,Breakfast,0,10,469.8,27.6,31.6,28.6,3.76,Vegetarian;Gluten-Free;Halal
139,Zesty Garlic Butter Shrimp with Zucchini Noodles & Tomatoes Style 139,Dinner,2,25,481.2,55.2,16.0,23.4,6.81,Keto;Gluten-Free;High-Protein;Low-Carb;Halal
140,Roasted Greek Yogurt Berry Nut Bowl Style 140,Breakfast,0,11,470.5,29.7,43.7,22.6,4.63,Vegetarian;Gluten-Free;High-Protein;Halal
141,Herb-Crusted Turkey Avocado BLT Wrap Style 141,Lunch,1,25,857.6,53.4,60.3,48.5,4.99,High-Protein;Halal
142,Garden-Fresh Apple Slices with Natural Peanut Butter Style 142,Snack,3,9,328.8,10.5,32.8,20.4,1.07,Vegan;Vegetarian;Gluten-Free;Dairy-Free;Halal
143,Roasted Tuna Salad Whole Wheat Wrap Style 143,Lunch,1,8,444.1,45.5,47.7,7.8,2.9,High-Protein;Halal
144,Garden-Fresh Hearty Lentil & Vegetable Stew Style 144,Dinner,2,32,482.2,16.9,71.2,16.1,2.27,Vegan;Vegetarian;Gluten-Free;Dairy-Free;Halal
145,Spicy Grilled Chicken & Quinoa Harvest Bowl Style 145,Lunch,1,24,504.9,52.4,36.2,16.3,3.41,Gluten-Free;High-Protein;Halal
146,Roasted Grilled Chicken & Quinoa Harvest Bowl Style 146,Lunch,1,20,679.6,74.5,27.5,29.5,4.88,Gluten-Free;High-Protein;Halal
147,Hearty Black Bean Burrito Bowl with Brown Rice Style 147,Lunch,1,25,350.9,15.5,63.3,4.9,2.21,Vegan;Vegetarian;Gluten-Free;Dairy-Free;Halal
148,Fresh Hearty Lentil & Vegetable Stew Style 148,Dinner,2,37,481.6,17.6,70.4,16.1,2.29,Vegan;Vegetarian;Gluten-Free;Dairy-Free;Halal
149,Golden Hearty Lentil & Vegetable Stew Style 149,Dinner,2,39,512.1,18.2,66.3,21.1,2.27,Vegan;Vegetarian;Gluten-Free;Dairy-Free;Halal
150,Herb-Crusted Berry Chia Yogurt Parfait Style 150,Breakfast,0,4,367.0,24.2,26.0,20.6,3.52,Vegetarian;Gluten-Free;Halal
151,Rustic Creamy Garlic Parmesan Chicken Fettuccine Style 151,Dinner,2,30,893.9,75.4,33.2,50.0,4.32,High-Protein;Halal
152,Rustic Savory Tofu & Mushroom Teriyaki Bowl Style 152,Dinner,2,30,424.7,23.0,48.5,18.8,4.04,Vegan;Vegetarian;Dairy-Free;Halal
153,Garden-Fresh Cheddar Cheese & Boiled Egg Power Snack Style 153,Snack,3,7,284.2,19.3,3.8,21.4,1.27,Vegetarian;Keto;Gluten-Free;High-Protein;Halal
154,Garden-Fresh Apple Slices with Natural Peanut Butter Style 154,Snack,3,13,299.4,9.3,31.8,17.9,1.03,Vegan;Vegetarian;Gluten-Free;Dairy-Free;Halal
155,Herb-Crusted Greek Yogurt Berry Nut Bowl Style 155,Breakfast,0,10,445.1,28.0,36.0,23.7,3.89,Vegetarian;Gluten-Free;High-Protein;Halal
156,Fresh Greek Yogurt Berry Nut Bowl Style 156,Breakfast,0,14,530.9,31.9,35.5,32.2,4.42,Vegetarian;Gluten-Free;High-Protein;Halal
157,Fiesta Strawberries & Dark Chocolate Walnut Cup Style 157,Snack,3,0,299.3,6.2,22.7,23.2,2.7,Vegan;Vegetarian;Gluten-Free;Halal
158,Golden Strawberries & Dark Chocolate Walnut Cup Style 158,Snack,3,-1,289.7,6.0,20.4,23.1,2.25,Vegan;Vegetarian;Gluten-Free;Halal
159,Golden Black Bean Burrito Bowl with Brown Rice Style 159,Lunch,1,29,424.5,15.9,65.0,12.1,2.49,Vegan;Vegetarian;Gluten-Free;Dairy-Free;Halal
160,Herb-Crusted Black Bean Burrito Bowl with Brown Rice Style 160,Lunch,1,30,510.4,21.6,80.1,12.2,2.48,Vegan;Vegetarian;Gluten-Free;Dairy-Free;Halal
161,Golden Garlic Butter Shrimp with Zucchini Noodles & Tomatoes Style 161,Dinner,2,29,494.6,52.9,15.2,26.3,6.46,Keto;Gluten-Free;High-Protein;Low-Carb;Halal
162,Smoky Apple Slices with Natural Peanut Butter Style 162,Snack,3,7,270.0,8.0,30.8,15.4,0.99,Vegan;Vegetarian;Gluten-Free;Dairy-Free;Halal
163,Spicy Savory Tofu & Mushroom Teriyaki Bowl Style 163,Dinner,2,35,492.3,21.4,65.2,18.3,2.97,Vegan;Vegetarian;Dairy-Free;Halal
164,Fiesta Peanut Butter Banana Oatmeal Style 164,Breakfast,0,7,589.9,25.7,60.9,29.5,1.06,Vegan;Vegetarian;Dairy-Free;Halal
165,Garden-Fresh Banana Almond Protein Smoothie Style 165,Snack,3,3,435.6,18.9,51.3,20.0,1.97,Vegetarian;Gluten-Free;Halal
166,Roasted Turkey Avocado BLT Wrap Style 166,Lunch,1,21,865.4,54.7,60.2,48.8,5.02,High-Protein;Halal
167,Zesty Berry Chia Yogurt Parfait Style 167,Breakfast,0,2,452.8,22.9,35.1,27.4,3.31,Vegetarian;Gluten-Free;Halal
168,Hearty Garlic Butter Shrimp with Zucchini Noodles & Tomatoes Style 168,Dinner,2,24,555.0,68.9,13.9,26.2,7.61,Keto;Gluten-Free;High-Protein;Low-Carb;Halal
169,Fiesta Tuna Salad Whole Wheat Wrap Style 169,Lunch,1,20,474.9,46.5,54.7,7.5,2.87,High-Protein;Halal
170,Golden Lean Ground Beef Stir-Fry with Brown Rice & Peppers Style 170,Dinner,2,23,696.0,62.9,29.3,38.5,5.24,Gluten-Free;Dairy-Free;High-Protein;Halal
171,Spicy Lean Ground Beef Stir-Fry with Brown Rice & Peppers Style 171,Dinner,2,30,680.9,60.8,29.7,37.6,5.7,Gluten-Free;Dairy-Free;High-Protein;Halal
172,Garden-Fresh Berry Chia Yogurt Parfait Style 172,Breakfast,0,9,393.8,21.3,27.9,24.4,3.31,Vegetarian;Gluten-Free;Halal
173,Hearty High-Protein Tofu Breakfast Scramble Style 173,Breakfast,0,23,282.2,13.8,10.5,22.3,2.36,Vegan;Vegetarian;Gluten-Free;Dairy-Free;High-Protein;Halal
174,Hearty Greek Yogurt Berry Nut Bowl Style 174,Breakfast,0,3,289.3,11.4,31.1,15.1,2.85,Vegetarian;Gluten-Free;High-Protein;Halal
175,Fresh Peanut Butter Banana Oatmeal Style 175,Breakfast,0,13,636.1,24.7,79.4,27.8,1.44,Vegan;Vegetarian;Dairy-Free;Halal
176,Golden Apple Slices with Natural Peanut Butter Style 176,Snack,3,5,328.8,10.5,32.8,20.4,1.07,Vegan;Vegetarian;Gluten-Free;Dairy-Free;Halal
177,Fresh Garlic Butter Shrimp with Zucchini Noodles & Tomatoes Style 177,Dinner,2,18,369.2,53.5,17.5,10.7,6.3,Keto;Gluten-Free;High-Protein;Low-Carb;Halal
178,Roasted Grilled Chicken & Quinoa Harvest Bowl Style 178,Lunch,1,32,635.9,72.4,30.3,24.5,4.84,Gluten-Free;High-Protein;Halal
179,Hearty Lean Ground Beef Stir-Fry with Brown Rice & Peppers Style 179,Dinner,2,31,608.6,52.5,32.1,31.8,4.67,Gluten-Free;Dairy-Free;High-Protein;Halal
180,Roasted Black Bean Burrito Bowl with Brown Rice Style 180,Lunch,1,29,416.2,17.1,62.4,11.9,2.37,Vegan;Vegetarian;Gluten-Free;Dairy-Free;Halal
181,Roasted Mediterranean Chickpea & Avocado Salad Style 181,Lunch,1,18,631.3,14.8,50.7,45.3,3.82,Vegan;Vegetarian;Gluten-Free;Dairy-Free;Halal
182,Zesty Berry Chia Yogurt Parfait Style 182,Breakfast,0,12,455.3,28.4,29.7,27.5,3.1,Vegetarian;Gluten-Free;Halal
183,Savory Apple Slices with Natural Peanut Butter Style 183,Snack,3,9,328.8,10.5,32.8,20.4,1.07,Vegan;Vegetarian;Gluten-Free;Dairy-Free;Halal
184,Golden Grilled Chicken & Quinoa Harvest Bowl Style 184,Lunch,1,28,552.0,55.3,31.4,22.6,4.06,Gluten-Free;High-Protein;Halal
185,Crispy Cheddar Cheese & Boiled Egg Power Snack Style 185,Snack,3,11,264.1,18.1,3.7,19.7,1.22,Vegetarian;Keto;Gluten-Free;High-Protein;Halal
186,Smoky High-Protein Tofu Breakfast Scramble Style 186,Breakfast,0,25,477.1,49.8,9.4,27.7,3.9,Vegan;Vegetarian;Gluten-Free;Dairy-Free;High-Protein;Halal
187,Zesty Strawberries & Dark Chocolate Walnut Cup Style 187,Snack,3,2,294.1,7.6,15.9,24.9,2.66,Vegan;Vegetarian;Gluten-Free;Halal
188,Fiesta Avocado & Egg Whole Wheat Toast Style 188,Breakfast,0,13,640.5,24.0,43.3,43.7,2.67,Vegetarian;Halal
189,Golden Savory Tofu & Mushroom Teriyaki Bowl Style 189,Dinner,2,32,496.2,28.1,54.3,22.1,4.24,Vegan;Vegetarian;Dairy-Free;Halal
190,Spicy Creamy Garlic Parmesan Chicken Fettuccine Style 190,Dinner,2,34,844.4,66.1,33.2,48.9,3.9,High-Protein;Halal
191,Spicy Pan-Seared Salmon with Garlic Butter Broccoli & Sweet Potato Style 191,Dinner,2,30,845.6,52.8,52.5,46.3,8.35,Gluten-Free;High-Protein;Halal
192,Zesty Garlic Butter Shrimp with Zucchini Noodles & Tomatoes Style 192,Dinner,2,19,657.1,74.5,15.7,32.6,5.26,Keto;Gluten-Free;High-Protein;Low-Carb;Halal
193,Golden Turkey Avocado BLT Wrap Style 193,Lunch,1,23,884.0,57.5,60.5,49.5,5.24,High-Protein;Halal
194,Zesty Turkey Avocado BLT Wrap Style 194,Lunch,1,10,622.0,50.6,48.5,26.4,3.83,High-Protein;Halal
195,Golden Savory Tofu & Mushroom Teriyaki Bowl Style 195,Dinner,2,32,405.6,20.1,45.5,18.3,3.04,Vegan;Vegetarian;Dairy-Free;Halal
196,Fresh Creamy Tomato & Mozzarella Penne Style 196,Lunch,1,20,454.2,22.2,37.6,25.1,2.27,Vegetarian;Halal
197,Rustic Banana Almond Protein Smoothie Style 197,Snack,3,6,466.3,20.3,52.3,22.6,2.08,Vegetarian;Gluten-Free;Halal
198,Rustic Black Bean Burrito Bowl with Brown Rice Style 198,Lunch,1,18,391.8,13.8,59.1,11.9,2.22,Vegan;Vegetarian;Gluten-Free;Dairy-Free;Halal
199,Golden Apple Slices with Natural Peanut Butter Style 199,Snack,3,11,299.4,9.3,31.8,17.9,1.03,Vegan;Vegetarian;Gluten-Free;Dairy-Free;Halal
200,Golden Grilled Chicken & Quinoa Harvest Bowl Style 200,Lunch,1,25,1086.3,76.0,50.7,68.3,6.98,Gluten-Free;High-Protein;Halal
201,Fiesta Classic Spinach & Mushroom Omelette Style 201,Breakfast,0,24,491.2,31.4,5.8,38.5,2.79,Vegetarian;Keto;Gluten-Free;High-Protein;Halal
202,Fiesta Tuna Salad Whole Wheat Wrap Style 202,Lunch,1,11,435.7,43.2,48.3,7.7,2.92,High-Protein;Halal
203,Spicy Turkey Avocado BLT Wrap Style 203,Lunch,1,12,798.4,43.9,60.4,46.0,4.45,High-Protein;Halal
204,Hearty Cheddar Cheese & Boiled Egg Power Snack Style 204,Snack,3,15,224.8,16.8,2.7,16.5,1.38,Vegetarian;Keto;Gluten-Free;High-Protein;Halal
205,Savory Mediterranean Chickpea & Avocado Salad Style 205,Lunch,1,8,559.8,13.3,45.8,39.9,3.54,Vegan;Vegetarian;Gluten-Free;Dairy-Free;Halal
206,Herb-Crusted Grilled Chicken & Quinoa Harvest Bowl Style 206,Lunch,1,20,527.5,55.8,25.4,22.4,4.14,Gluten-Free;High-Protein;Halal
207,Savory Greek Yogurt Berry Nut Bowl Style 207,Breakfast,0,2,468.4,25.1,44.6,24.3,3.87,Vegetarian;Gluten-Free;High-Protein;Halal
208,Garden-Fresh Pan-Seared Salmon with Garlic Butter Broccoli & Sweet Potato Style 208,Dinner,2,33,834.9,54.1,45.1,47.6,8.48,Gluten-Free;High-Protein;Halal
209,Savory Hearty Lentil & Vegetable Stew Style 209,Dinner,2,34,438.6,16.3,61.1,16.1,2.61,Vegan;Vegetarian;Gluten-Free;Dairy-Free;Halal
210,Herb-Crusted Peanut Butter Banana Oatmeal Style 210,Breakfast,0,8,638.1,24.5,78.2,28.8,1.34,Vegan;Vegetarian;Dairy-Free;Halal
211,Roasted Creamy Tomato & Mozzarella Penne Style 211,Lunch,1,24,507.6,25.2,42.9,27.4,2.4,Vegetarian;Halal
212,Fiesta Classic Spinach & Mushroom Omelette Style 212,Breakfast,0,17,564.3,37.8,6.4,43.3,3.16,Vegetarian;Keto;Gluten-Free;High-Protein;Halal
213,Roasted Tuna Salad Whole Wheat Wrap Style 213,Lunch,1,12,436.5,42.5,48.9,8.0,2.96,High-Protein;Halal
214,Crispy Creamy Garlic Parmesan Chicken Fettuccine Style 214,Dinner,2,34,989.7,66.7,42.6,60.7,4.12,High-Protein;Halal
215,Herb-Crusted Grilled Chicken & Quinoa Harvest Bowl Style 215,Lunch,1,35,661.8,74.6,33.9,24.8,5.11,Gluten-Free;High-Protein;Halal
216,Garden-Fresh Hearty Lentil & Vegetable Stew Style 216,Dinner,2,41,476.4,16.5,70.2,16.1,2.37,Vegan;Vegetarian;Gluten-Free;Dairy-Free;Halal
217,Fresh Lean Ground Beef Stir-Fry with Brown Rice & Peppers Style 217,Dinner,2,20,737.0,61.6,49.0,35.5,5.32,Gluten-Free;Dairy-Free;High-Protein;Halal
218,Hearty Pan-Seared Salmon with Garlic Butter Broccoli & Sweet Potato Style 218,Dinner,2,29,763.3,49.7,46.8,40.8,7.79,Gluten-Free;High-Protein;Halal
219,Fiesta Banana Almond Protein Smoothie Style 219,Snack,3,10,512.0,23.3,50.4,27.2,2.26,Vegetarian;Gluten-Free;Halal
220,Hearty Black Bean Burrito Bowl with Brown Rice Style 220,Lunch,1,22,346.1,33.7,28.3,11.4,4.53,Vegan;Vegetarian;Gluten-Free;Dairy-Free;Halal
221,Spicy Avocado & Egg Whole Wheat Toast Style 221,Breakfast,0,8,599.6,19.0,37.1,44.2,2.49,Vegetarian;Halal
222,Garden-Fresh Classic Spinach & Mushroom Omelette Style 222,Breakfast,0,18,472.8,30.6,5.9,36.8,2.97,Vegetarian;Keto;Gluten-Free;High-Protein;Halal
223,Garden-Fresh Black Bean Burrito Bowl with Brown Rice Style 223,Lunch,1,28,403.2,15.9,60.4,11.8,2.47,Vegan;Vegetarian;Gluten-Free;Dairy-Free;Halal
224,Crispy Berry Chia Yogurt Parfait Style 224,Breakfast,0,14,476.7,28.5,37.1,26.6,3.4,Vegetarian;Gluten-Free;Halal
225,Zesty Avocado & Egg Whole Wheat Toast Style 225,Breakfast,0,18,638.7,23.9,42.9,43.7,2.61,Vegetarian;Halal
226,Rustic Banana Almond Protein Smoothie Style 226,Snack,3,1,453.0,18.6,52.0,21.9,1.96,Vegetarian;Gluten-Free;Halal
227,Rustic Classic Spinach & Mushroom Omelette Style 227,Breakfast,0,11,450.9,28.9,5.6,35.2,2.7,Vegetarian;Keto;Gluten-Free;High-Protein;Halal
228,Herb-Crusted Apple Slices with Natural Peanut Butter Style 228,Snack,3,12,299.4,9.3,31.8,17.9,1.03,Vegan;Vegetarian;Gluten-Free;Dairy-Free;Halal
229,Savory High-Protein Tofu Breakfast Scramble Style 229,Breakfast,0,23,245.6,15.8,9.2,18.3,2.44,Vegan;Vegetarian;Gluten-Free;Dairy-Free;High-Protein;Halal
230,Rustic Black Bean Burrito Bowl with Brown Rice Style 230,Lunch,1,19,431.3,17.0,65.9,12.0,2.4,Vegan;Vegetarian;Gluten-Free;Dairy-Free;Halal
231,Fiesta Savory Tofu & Mushroom Teriyaki Bowl Style 231,Dinner,2,23,454.6,25.4,47.4,21.2,3.85,Vegan;Vegetarian;Dairy-Free;Halal
232,Zesty Hearty Lentil & Vegetable Stew Style 232,Dinner,2,35,453.1,17.1,74.3,10.9,1.98,Vegan;Vegetarian;Gluten-Free;Dairy-Free;Halal
233,Garden-Fresh Berry Chia Yogurt Parfait Style 233,Breakfast,0,5,470.6,24.9,35.4,28.4,3.39,Vegetarian;Gluten-Free;Halal
234,Savory Lean Ground Beef Stir-Fry with Brown Rice & Peppers Style 234,Dinner,2,30,550.5,45.8,34.0,27.4,3.77,Gluten-Free;Dairy-Free;High-Protein;Halal
235,Zesty High-Protein Tofu Breakfast Scramble Style 235,Breakfast,0,10,292.1,14.3,13.1,22.2,2.64,Vegan;Vegetarian;Gluten-Free;Dairy-Free;High-Protein;Halal
236,Zesty Creamy Tomato & Mozzarella Penne Style 236,Lunch,1,21,476.9,22.0,47.3,23.4,2.44,Vegetarian;Halal
237,Smoky Greek Yogurt Berry Nut Bowl Style 237,Breakfast,0,12,444.5,26.5,43.7,21.0,3.97,Vegetarian;Gluten-Free;High-Protein;Halal
238,Herb-Crusted Tuna Salad Whole Wheat Wrap Style 238,Lunch,1,17,410.8,38.7,47.6,7.3,2.6,High-Protein;Halal
239,Fiesta Black Bean Burrito Bowl with Brown Rice Style 239,Lunch,1,19,405.3,19.7,68.7,7.0,2.37,Vegan;Vegetarian;Gluten-Free;Dairy-Free;Halal
240,Fiesta Turkey Avocado BLT Wrap Style 240,Lunch,1,12,789.8,42.6,60.3,45.7,4.38,High-Protein;Halal
241,Smoky Lean Ground Beef Stir-Fry with Brown Rice & Peppers Style 241,Dinner,2,24,569.0,49.5,29.0,30.0,4.39,Gluten-Free;Dairy-Free;High-Protein;Halal
242,Roasted Hearty Lentil & Vegetable Stew Style 242,Dinner,2,43,358.6,18.2,51.4,11.3,3.12,Vegan;Vegetarian;Gluten-Free;Dairy-Free;Halal
243,Fresh Black Bean Burrito Bowl with Brown Rice Style 243,Lunch,1,23,346.9,12.7,49.8,11.5,1.95,Vegan;Vegetarian;Gluten-Free;Dairy-Free;Halal
244,Rustic Turkey Avocado BLT Wrap Style 244,Lunch,1,11,850.9,52.2,60.7,48.1,4.97,High-Protein;Halal
245,Crispy Avocado & Egg Whole Wheat Toast Style 245,Breakfast,0,13,640.5,24.0,43.3,43.7,2.67,Vegetarian;Halal
246,Smoky Creamy Tomato & Mozzarella Penne Style 246,Lunch,1,15,450.7,21.8,37.0,25.0,2.04,Vegetarian;Halal
247,Savory Pan-Seared Salmon with Garlic Butter Broccoli & Sweet Potato Style 247,Dinner,2,34,698.2,37.9,54.5,36.6,6.44,Gluten-Free;High-Protein;Halal
248,Fresh Banana Almond Protein Smoothie Style 248,Snack,3,3,352.8,19.5,25.2,20.9,1.79,Vegetarian;Gluten-Free;Halal
249,Garden-Fresh Classic Spinach & Mushroom Omelette Style 249,Breakfast,0,16,541.0,36.1,5.8,41.6,2.91,Vegetarian;Keto;Gluten-Free;High-Protein;Halal
250,Rustic Avocado & Egg Whole Wheat Toast Style 250,Breakfast,0,19,641.4,24.1,43.5,43.8,2.7,Vegetarian;Halal
251,Spicy Hearty Lentil & Vegetable Stew Style 251,Dinner,2,43,377.6,15.6,59.4,10.7,2.15,Vegan;Vegetarian;Gluten-Free;Dairy-Free;Halal
252,Spicy Lean Ground Beef Stir-Fry with Brown Rice & Peppers Style 252,Dinner,2,35,666.6,57.9,33.8,35.2,4.98,Gluten-Free;Dairy-Free;High-Protein;Halal
253,Garden-Fresh Mediterranean Chickpea & Avocado Salad Style 253,Lunch,1,10,546.9,12.5,43.6,39.7,3.46,Vegan;Vegetarian;Gluten-Free;Dairy-Free;Halal
254,Fresh Hearty Lentil & Vegetable Stew Style 254,Dinner,2,44,518.4,18.9,78.1,16.0,2.17,Vegan;Vegetarian;Gluten-Free;Dairy-Free;Halal
255,Rustic High-Protein Tofu Breakfast Scramble Style 255,Breakfast,0,25,375.0,18.6,13.0,30.0,2.99,Vegan;Vegetarian;Gluten-Free;Dairy-Free;High-Protein;Halal
256,Fresh Berry Chia Yogurt Parfait Style 256,Breakfast,0,13,458.5,20.1,18.8,35.9,3.27,Vegetarian;Gluten-Free;Halal
257,Rustic Hearty Lentil & Vegetable Stew Style 257,Dinner,2,31,459.7,15.4,67.0,16.0,2.12,Vegan;Vegetarian;Gluten-Free;Dairy-Free;Halal
258,Golden Avocado & Egg Whole Wheat Toast Style 258,Breakfast,0,6,500.3,11.8,42.2,34.5,2.03,Vegetarian;Halal
259,Rustic Savory Tofu & Mushroom Teriyaki Bowl Style 259,Dinner,2,23,491.9,29.3,50.4,22.6,4.51,Vegan;Vegetarian;Dairy-Free;Halal
260,Smoky Peanut Butter Banana Oatmeal Style 260,Breakfast,0,16,537.1,18.9,61.7,27.1,1.56,Vegan;Vegetarian;Dairy-Free;Halal
261,Garden-Fresh Berry Chia Yogurt Parfait Style 261,Breakfast,0,10,397.4,21.4,32.7,22.6,3.2,Vegetarian;Gluten-Free;Halal
262,Savory High-Protein Tofu Breakfast Scramble Style 262,Breakfast,0,20,335.5,19.4,12.4,25.5,3.01,Vegan;Vegetarian;Gluten-Free;Dairy-Free;High-Protein;Halal
263,Roasted Black Bean Burrito Bowl with Brown Rice Style 263,Lunch,1,28,376.5,14.0,55.6,11.7,2.29,Vegan;Vegetarian;Gluten-Free;Dairy-Free;Halal
264,Herb-Crusted Mediterranean Chickpea & Avocado Salad Style 264,Lunch,1,7,663.5,16.8,55.8,45.9,3.85,Vegan;Vegetarian;Gluten-Free;Dairy-Free;Halal
265,Herb-Crusted Creamy Garlic Parmesan Chicken Fettuccine Style 265,Dinner,2,38,937.9,81.6,38.5,49.4,4.58,High-Protein;Halal
266,Crispy Greek Yogurt Berry Nut Bowl Style 266,Breakfast,0,9,492.2,29.7,40.6,26.6,4.51,Vegetarian;Gluten-Free;High-Protein;Halal
267,Crispy Lean Ground Beef Stir-Fry with Brown Rice & Peppers Style 267,Dinner,2,24,718.4,62.1,36.7,37.9,5.42,Gluten-Free;Dairy-Free;High-Protein;Halal
268,Spicy Pan-Seared Salmon with Garlic Butter Broccoli & Sweet Potato Style 268,Dinner,2,37,852.4,51.4,58.9,45.1,8.25,Gluten-Free;High-Protein;Halal
269,Rustic Grilled Chicken & Quinoa Harvest Bowl Style 269,Lunch,1,26,573.9,51.9,30.7,27.1,3.96,Gluten-Free;High-Protein;Halal
270,Roasted Avocado & Egg Whole Wheat Toast Style 270,Breakfast,0,13,637.8,23.9,42.7,43.7,2.58,Vegetarian;Halal
271,Smoky Mediterranean Chickpea & Avocado Salad Style 271,Lunch,1,10,616.5,14.0,48.0,45.1,3.68,Vegan;Vegetarian;Gluten-Free;Dairy-Free;Halal
272,Smoky Greek Yogurt Berry Nut Bowl Style 272,Breakfast,0,7,485.9,28.6,41.4,26.0,4.08,Vegetarian;Gluten-Free;High-Protein;Halal
273,Rustic Turkey Avocado BLT Wrap Style 273,Lunch,1,16,578.4,43.8,48.3,24.7,3.47,High-Protein;Halal
274,Spicy Turkey Avocado BLT Wrap Style 274,Lunch,1,24,786.5,42.4,59.7,45.6,4.25,High-Protein;Halal
275,Golden Avocado & Egg Whole Wheat Toast Style 275,Breakfast,0,18,640.5,24.0,43.3,43.7,2.67,Vegetarian;Halal
276,Garden-Fresh Creamy Garlic Parmesan Chicken Fettuccine Style 276,Dinner,2,29,1019.2,91.5,34.8,55.5,5.09,High-Protein;Halal
277,Roasted Garlic Butter Shrimp with Zucchini Noodles & Tomatoes Style 277,Dinner,2,28,508.5,51.7,14.3,28.7,6.12,Keto;Gluten-Free;High-Protein;Low-Carb;Halal
278,Savory Peanut Butter Banana Oatmeal Style 278,Breakfast,0,14,598.7,22.8,79.5,24.2,1.28,Vegan;Vegetarian;Dairy-Free;Halal
279,Zesty Hearty Lentil & Vegetable Stew Style 279,Dinner,2,45,477.0,17.9,69.0,16.1,2.27,Vegan;Vegetarian;Gluten-Free;Dairy-Free;Halal
280,Savory Classic Spinach & Mushroom Omelette Style 280,Breakfast,0,20,443.1,27.8,4.5,35.1,2.29,Vegetarian;Keto;Gluten-Free;High-Protein;Halal
281,Spicy Pan-Seared Salmon with Garlic Butter Broccoli & Sweet Potato Style 281,Dinner,2,29,845.3,54.6,56.2,43.5,8.52,Gluten-Free;High-Protein;Halal
282,Savory Creamy Tomato & Mozzarella Penne Style 282,Lunch,1,29,484.4,22.1,48.8,23.4,2.31,Vegetarian;Halal
283,Fiesta Tuna Salad Whole Wheat Wrap Style 283,Lunch,1,7,392.3,35.6,48.5,7.2,3.84,High-Protein;Halal
284,Fresh Grilled Chicken & Quinoa Harvest Bowl Style 284,Lunch,1,20,613.0,65.2,33.5,23.9,5.25,Gluten-Free;High-Protein;Halal
285,Smoky Tuna Salad Whole Wheat Wrap Style 285,Lunch,1,15,407.6,37.6,48.2,7.3,2.64,High-Protein;Halal
286,Fresh Pan-Seared Salmon with Garlic Butter Broccoli & Sweet Potato Style 286,Dinner,2,28,722.0,36.7,59.2,36.9,6.17,Gluten-Free;High-Protein;Halal
287,Roasted Peanut Butter Banana Oatmeal Style 287,Breakfast,0,10,573.1,21.7,75.7,23.5,1.23,Vegan;Vegetarian;Dairy-Free;Halal
288,Fresh Greek Yogurt Berry Nut Bowl Style 288,Breakfast,0,12,436.9,29.8,34.5,22.5,3.73,Vegetarian;Gluten-Free;High-Protein;Halal
289,Zesty Peanut Butter Banana Oatmeal Style 289,Breakfast,0,8,630.0,24.4,78.9,27.5,1.41,Vegan;Vegetarian;Dairy-Free;Halal
290,Zesty Tuna Salad Whole Wheat Wrap Style 290,Lunch,1,5,420.0,40.4,47.5,7.6,2.63,High-Protein;Halal
291,Roasted Tuna Salad Whole Wheat Wrap Style 291,Lunch,1,11,558.4,51.3,71.1,8.5,3.7,High-Protein;Halal
292,Golden High-Protein Tofu Breakfast Scramble Style 292,Breakfast,0,11,362.9,17.2,12.7,29.3,2.79,Vegan;Vegetarian;Gluten-Free;Dairy-Free;High-Protein;Halal
293,Spicy Classic Spinach & Mushroom Omelette Style 293,Breakfast,0,18,523.0,35.2,6.1,40.0,2.98,Vegetarian;Keto;Gluten-Free;High-Protein;Halal
294,Rustic Banana Almond Protein Smoothie Style 294,Snack,3,1,429.4,18.5,50.8,19.7,1.94,Vegetarian;Gluten-Free;Halal
295,Garden-Fresh Berry Chia Yogurt Parfait Style 295,Breakfast,0,8,458.0,24.4,31.7,28.8,3.3,Vegetarian;Gluten-Free;Halal
296,Hearty Lean Ground Beef Stir-Fry with Brown Rice & Peppers Style 296,Dinner,2,34,660.8,55.7,37.8,33.7,4.86,Gluten-Free;Dairy-Free;High-Protein;Halal
297,Hearty Tuna Salad Whole Wheat Wrap Style 297,Lunch,1,9,442.7,45.2,48.3,7.6,2.98,High-Protein;Halal
298,Zesty Cheddar Cheese & Boiled Egg Power Snack Style 298,Snack,3,15,207.0,14.1,4.3,14.8,1.33,Vegetarian;Keto;Gluten-Free;High-Protein;Halal
299,Savory Savory Tofu & Mushroom Teriyaki Bowl Style 299,Dinner,2,32,475.0,27.3,49.1,22.0,3.97,Vegan;Vegetarian;Dairy-Free;Halal
300,Golden Banana Almond Protein Smoothie Style 300,Snack,3,6,497.3,22.4,54.3,24.3,2.27,Vegetarian;Gluten-Free;Halal
301,Zesty Creamy Garlic Parmesan Chicken Fettuccine Style 301,Dinner,2,34,819.8,69.9,29.7,45.8,3.97,High-Protein;Halal
302,Hearty Mediterranean Chickpea & Avocado Salad Style 302,Lunch,1,10,620.5,17.2,55.7,41.0,3.27,Vegan;Vegetarian;Gluten-Free;Dairy-Free;Halal
303,Fresh Tuna Salad Whole Wheat Wrap Style 303,Lunch,1,10,439.9,43.6,48.4,8.0,2.92,High-Protein;Halal
304,Fresh Avocado & Egg Whole Wheat Toast Style 304,Breakfast,0,13,638.7,23.9,42.9,43.7,2.61,Vegetarian;Halal
305,Fiesta Grilled Chicken & Quinoa Harvest Bowl Style 305,Lunch,1,30,521.3,49.9,31.2,22.1,4.12,Gluten-Free;High-Protein;Halal
306,Crispy Lean Ground Beef Stir-Fry with Brown Rice & Peppers Style 306,Dinner,2,30,758.1,49.7,83.9,28.9,4.37,Gluten-Free;Dairy-Free;High-Protein;Halal
307,Crispy Classic Spinach & Mushroom Omelette Style 307,Breakfast,0,23,450.8,30.8,5.1,34.4,2.54,Vegetarian;Keto;Gluten-Free;High-Protein;Halal
308,Hearty Avocado & Egg Whole Wheat Toast Style 308,Breakfast,0,5,637.8,23.9,42.7,43.7,2.58,Vegetarian;Halal
309,Smoky Apple Slices with Natural Peanut Butter Style 309,Snack,3,1,270.0,8.0,30.8,15.4,0.99,Vegan;Vegetarian;Gluten-Free;Dairy-Free;Halal
310,Hearty Hearty Lentil & Vegetable Stew Style 310,Dinner,2,33,504.9,19.1,74.5,16.2,2.3,Vegan;Vegetarian;Gluten-Free;Dairy-Free;Halal
311,Spicy Cheddar Cheese & Boiled Egg Power Snack Style 311,Snack,3,5,162.8,13.2,2.7,11.1,0.85,Vegetarian;Keto;Gluten-Free;High-Protein;Halal
312,Zesty High-Protein Tofu Breakfast Scramble Style 312,Breakfast,0,11,339.6,20.1,11.8,26.0,3.03,Vegan;Vegetarian;Gluten-Free;Dairy-Free;High-Protein;Halal
313,Crispy Black Bean Burrito Bowl with Brown Rice Style 313,Lunch,1,29,410.5,15.6,62.4,11.9,2.36,Vegan;Vegetarian;Gluten-Free;Dairy-Free;Halal
314,Fresh Lean Ground Beef Stir-Fry with Brown Rice & Peppers Style 314,Dinner,2,22,481.2,64.9,34.0,8.1,4.21,Gluten-Free;Dairy-Free;High-Protein;Halal
315,Smoky Apple Slices with Natural Peanut Butter Style 315,Snack,3,6,328.8,10.5,32.8,20.4,1.07,Vegan;Vegetarian;Gluten-Free;Dairy-Free;Halal
316,Crispy Turkey Avocado BLT Wrap Style 316,Lunch,1,21,837.5,50.5,59.7,47.7,4.7,High-Protein;Halal
317,Fresh Black Bean Burrito Bowl with Brown Rice Style 317,Lunch,1,16,523.5,21.4,85.4,12.3,2.52,Vegan;Vegetarian;Gluten-Free;Dairy-Free;Halal
318,Roasted Mediterranean Chickpea & Avocado Salad Style 318,Lunch,1,13,584.6,18.4,23.7,50.8,4.31,Vegan;Vegetarian;Gluten-Free;Dairy-Free;Halal
319,Spicy Strawberries & Dark Chocolate Walnut Cup Style 319,Snack,3,9,322.0,8.2,15.4,28.1,2.53,Vegan;Vegetarian;Gluten-Free;Halal
320,Rustic Banana Almond Protein Smoothie Style 320,Snack,3,7,344.5,18.2,23.8,21.4,1.67,Vegetarian;Gluten-Free;Halal
321,Fresh Creamy Garlic Parmesan Chicken Fettuccine Style 321,Dinner,2,25,938.2,71.5,36.3,55.4,4.23,High-Protein;Halal
322,Zesty Turkey Avocado BLT Wrap Style 322,Lunch,1,11,788.1,42.5,60.0,45.6,4.32,High-Protein;Halal
323,Hearty Classic Spinach & Mushroom Omelette Style 323,Breakfast,0,15,468.8,29.9,5.4,36.8,2.65,Vegetarian;Keto;Gluten-Free;High-Protein;Halal
324,Zesty Grilled Chicken & Quinoa Harvest Bowl Style 324,Lunch,1,30,478.7,52.7,28.1,17.1,3.71,Gluten-Free;High-Protein;Halal
325,Rustic Grilled Chicken & Quinoa Harvest Bowl Style 325,Lunch,1,33,567.0,60.9,28.2,23.1,4.21,Gluten-Free;High-Protein;Halal
326,Savory Avocado & Egg Whole Wheat Toast Style 326,Breakfast,0,18,639.6,24.0,43.1,43.7,2.64,Vegetarian;Halal
327,Hearty Cheddar Cheese & Boiled Egg Power Snack Style 327,Snack,3,12,262.6,18.0,3.3,19.7,1.17,Vegetarian;Keto;Gluten-Free;High-Protein;Halal
328,Golden High-Protein Tofu Breakfast Scramble Style 328,Breakfast,0,25,251.1,15.2,11.7,17.9,2.52,Vegan;Vegetarian;Gluten-Free;Dairy-Free;High-Protein;Halal
329,Garden-Fresh Grilled Chicken & Quinoa Harvest Bowl Style 329,Lunch,1,31,518.3,50.6,29.8,21.9,3.85,Gluten-Free;High-Protein;Halal
330,Roasted Hearty Lentil & Vegetable Stew Style 330,Dinner,2,31,451.8,16.2,64.4,16.1,2.19,Vegan;Vegetarian;Gluten-Free;Dairy-Free;Halal
331,Hearty Grilled Chicken & Quinoa Harvest Bowl Style 331,Lunch,1,24,846.8,73.8,35.8,46.3,5.4,Gluten-Free;High-Protein;Halal
332,Rustic Avocado & Egg Whole Wheat Toast Style 332,Breakfast,0,19,639.6,24.0,43.1,43.7,2.64,Vegetarian;Halal
333,Crispy Lean Ground Beef Stir-Fry with Brown Rice & Peppers Style 333,Dinner,2,22,283.2,19.1,34.3,9.3,2.62,Gluten-Free;Dairy-Free;High-Protein;Halal
334,Hearty Tuna Salad Whole Wheat Wrap Style 334,Lunch,1,11,399.3,36.0,47.6,7.3,2.41,High-Protein;Halal
335,Herb-Crusted Banana Almond Protein Smoothie Style 335,Snack,3,12,659.0,33.0,52.8,38.5,2.53,Vegetarian;Gluten-Free;Halal
336,Fresh Pan-Seared Salmon with Garlic Butter Broccoli & Sweet Potato Style 336,Dinner,2,40,837.7,52.3,42.4,50.3,7.72,Gluten-Free;High-Protein;Halal
337,Roasted Mediterranean Chickpea & Avocado Salad Style 337,Lunch,1,20,597.0,15.4,52.1,40.5,3.73,Vegan;Vegetarian;Gluten-Free;Dairy-Free;Halal
338,Hearty Lean Ground Beef Stir-Fry with Brown Rice & Peppers Style 338,Dinner,2,35,609.7,51.8,34.6,31.0,4.44,Gluten-Free;Dairy-Free;High-Protein;Halal
339,Golden Strawberries & Dark Chocolate Walnut Cup Style 339,Snack,3,8,255.4,5.2,19.3,19.8,2.07,Vegan;Vegetarian;Gluten-Free;Halal
340,Fresh Creamy Tomato & Mozzarella Penne Style 340,Lunch,1,27,485.9,24.4,38.6,27.2,2.36,Vegetarian;Halal
341,Hearty Pan-Seared Salmon with Garlic Butter Broccoli & Sweet Potato Style 341,Dinner,2,34,846.9,55.9,43.1,48.8,8.65,Gluten-Free;High-Protein;Halal
342,Herb-Crusted Avocado & Egg Whole Wheat Toast Style 342,Breakfast,0,11,719.6,22.0,59.1,46.7,2.74,Vegetarian;Halal
343,Rustic Mediterranean Chickpea & Avocado Salad Style 343,Lunch,1,12,597.1,15.5,51.8,40.6,3.56,Vegan;Vegetarian;Gluten-Free;Dairy-Free;Halal
344,Herb-Crusted Peanut Butter Banana Oatmeal Style 344,Breakfast,0,20,738.6,34.5,79.1,34.7,1.57,Vegan;Vegetarian;Dairy-Free;Halal
345,Fresh Berry Chia Yogurt Parfait Style 345,Breakfast,0,12,535.5,25.4,55.4,27.3,2.65,Vegetarian;Gluten-Free;Halal
346,Smoky Banana Almond Protein Smoothie Style 346,Snack,3,11,809.3,24.1,49.0,63.8,4.16,Vegetarian;Gluten-Free;Halal
347,Crispy Black Bean Burrito Bowl with Brown Rice Style 347,Lunch,1,20,431.3,17.0,65.9,12.0,2.4,Vegan;Vegetarian;Gluten-Free;Dairy-Free;Halal
348,Savory Apple Slices with Natural Peanut Butter Style 348,Snack,3,3,358.2,11.8,33.8,22.9,1.11,Vegan;Vegetarian;Gluten-Free;Dairy-Free;Halal
349,Fiesta Tuna Salad Whole Wheat Wrap Style 349,Lunch,1,18,439.1,43.6,48.3,8.0,2.88,High-Protein;Halal
350,Savory Savory Tofu & Mushroom Teriyaki Bowl Style 350,Dinner,2,34,475.1,29.0,46.3,23.0,4.31,Vegan;Vegetarian;Dairy-Free;Halal
351,Savory Classic Spinach & Mushroom Omelette Style 351,Breakfast,0,18,255.8,11.2,4.5,22.5,1.79,Vegetarian;Keto;Gluten-Free;High-Protein;Halal
352,Garden-Fresh Peanut Butter Banana Oatmeal Style 352,Breakfast,0,12,705.9,27.5,93.8,28.1,1.38,Vegan;Vegetarian;Dairy-Free;Halal
353,Herb-Crusted Creamy Garlic Parmesan Chicken Fettuccine Style 353,Dinner,2,27,851.9,82.7,33.1,41.5,4.44,High-Protein;Halal
354,Smoky Strawberries & Dark Chocolate Walnut Cup Style 354,Snack,3,5,275.9,4.3,9.2,26.5,1.77,Vegan;Vegetarian;Gluten-Free;Halal
355,Garden-Fresh Creamy Garlic Parmesan Chicken Fettuccine Style 355,Dinner,2,39,851.5,66.8,37.6,47.3,3.9,High-Protein;Halal
356,Fresh Greek Yogurt Berry Nut Bowl Style 356,Breakfast,0,13,383.5,12.1,44.5,20.3,3.32,Vegetarian;Gluten-Free;High-Protein;Halal
357,Zesty Classic Spinach & Mushroom Omelette Style 357,Breakfast,0,15,487.8,31.0,5.3,38.5,2.65,Vegetarian;Keto;Gluten-Free;High-Protein;Halal
358,Zesty Berry Chia Yogurt Parfait Style 358,Breakfast,0,13,349.8,20.0,42.2,13.3,2.94,Vegetarian;Gluten-Free;Halal
359,Hearty Peanut Butter Banana Oatmeal Style 359,Breakfast,0,19,611.7,23.4,77.4,26.5,1.32,Vegan;Vegetarian;Dairy-Free;Halal
360,Savory Mediterranean Chickpea & Avocado Salad Style 360,Lunch,1,22,646.6,15.8,53.0,45.6,3.81,Vegan;Vegetarian;Gluten-Free;Dairy-Free;Halal
361,Garden-Fresh Peanut Butter Banana Oatmeal Style 361,Breakfast,0,17,648.6,25.3,85.2,26.2,1.44,Vegan;Vegetarian;Dairy-Free;Halal
362,Smoky Strawberries & Dark Chocolate Walnut Cup Style 362,Snack,3,9,229.1,4.6,20.1,16.6,2.27,Vegan;Vegetarian;Gluten-Free;Halal
363,Spicy Strawberries & Dark Chocolate Walnut Cup Style 363,Snack,3,6,219.5,4.4,17.8,16.5,1.82,Vegan;Vegetarian;Gluten-Free;Halal
364,Fresh Garlic Butter Shrimp with Zucchini Noodles & Tomatoes Style 364,Dinner,2,22,467.7,63.7,12.8,19.2,7.12,Keto;Gluten-Free;High-Protein;Low-Carb;Halal
365,Savory Banana Almond Protein Smoothie Style 365,Snack,3,10,369.2,17.1,42.1,17.0,1.74,Vegetarian;Gluten-Free;Halal
366,Rustic High-Protein Tofu Breakfast Scramble Style 366,Breakfast,0,10,302.5,16.1,11.8,23.4,2.69,Vegan;Vegetarian;Gluten-Free;Dairy-Free;High-Protein;Halal
367,Garden-Fresh Mediterranean Chickpea & Avocado Salad Style 367,Lunch,1,14,571.5,14.0,47.8,40.1,3.58,Vegan;Vegetarian;Gluten-Free;Dairy-Free;Halal
368,Crispy Banana Almond Protein Smoothie Style 368,Snack,3,1,398.0,17.8,49.1,17.0,1.87,Vegetarian;Gluten-Free;Halal
369,Herb-Crusted Cheddar Cheese & Boiled Egg Power Snack Style 369,Snack,3,9,220.2,15.4,2.7,16.4,0.97,Vegetarian;Keto;Gluten-Free;High-Protein;Halal
370,Roasted Mediterranean Chickpea & Avocado Salad Style 370,Lunch,1,15,635.7,12.9,67.2,40.0,3.88,Vegan;Vegetarian;Gluten-Free;Dairy-Free;Halal
371,Savory Hearty Lentil & Vegetable Stew Style 371,Dinner,2,30,353.4,18.6,70.4,1.2,2.05,Vegan;Vegetarian;Gluten-Free;Dairy-Free;Halal
372,Crispy Pan-Seared Salmon with Garlic Butter Broccoli & Sweet Potato Style 372,Dinner,2,39,821.7,60.3,56.7,38.1,8.87,Gluten-Free;High-Protein;Halal
373,Crispy Black Bean Burrito Bowl with Brown Rice Style 373,Lunch,1,30,414.9,16.6,62.5,11.9,2.33,Vegan;Vegetarian;Gluten-Free;Dairy-Free;Halal
374,Crispy Pan-Seared Salmon with Garlic Butter Broccoli & Sweet Potato Style 374,Dinner,2,26,914.0,57.0,58.9,48.9,8.94,Gluten-Free;High-Protein;Halal
375,Crispy Peanut Butter Banana Oatmeal Style 375,Breakfast,0,16,729.2,28.4,94.3,30.2,1.39,Vegan;Vegetarian;Dairy-Free;Halal
376,Garden-Fresh Garlic Butter Shrimp with Zucchini Noodles & Tomatoes Style 376,Dinner,2,15,532.2,31.7,19.6,39.4,4.28,Keto;Gluten-Free;High-Protein;Low-Carb;Halal
377,Fiesta Strawberries & Dark Chocolate Walnut Cup Style 377,Snack,3,-1,345.8,9.7,38.8,20.0,1.36,Vegan;Vegetarian;Gluten-Free;Halal
378,Smoky Peanut Butter Banana Oatmeal Style 378,Breakfast,0,10,1738.7,21.7,71.9,158.0,2.59,Vegan;Vegetarian;Dairy-Free;Halal
379,Rustic Lean Ground Beef Stir-Fry with Brown Rice & Peppers Style 379,Dinner,2,22,654.6,56.6,34.0,34.3,4.92,Gluten-Free;Dairy-Free;High-Protein;Halal
380,Fiesta Peanut Butter Banana Oatmeal Style 380,Breakfast,0,14,639.5,24.8,84.5,25.7,1.4,Vegan;Vegetarian;Dairy-Free;Halal
381,Herb-Crusted Classic Spinach & Mushroom Omelette Style 381,Breakfast,0,23,463.2,29.1,4.5,36.7,2.35,Vegetarian;Keto;Gluten-Free;High-Protein;Halal
382,Herb-Crusted Berry Chia Yogurt Parfait Style 382,Breakfast,0,6,475.7,24.0,35.1,29.7,3.63,Vegetarian;Gluten-Free;Halal
383,Hearty Berry Chia Yogurt Parfait Style 383,Breakfast,0,3,438.6,20.8,32.1,28.1,3.02,Vegetarian;Gluten-Free;Halal
384,Herb-Crusted Cheddar Cheese & Boiled Egg Power Snack Style 384,Snack,3,10,131.5,7.9,2.2,10.3,0.62,Vegetarian;Keto;Gluten-Free;High-Protein;Halal
385,Spicy Hearty Lentil & Vegetable Stew Style 385,Dinner,2,42,491.6,17.7,62.0,21.1,2.29,Vegan;Vegetarian;Gluten-Free;Dairy-Free;Halal
386,Roasted Banana Almond Protein Smoothie Style 386,Snack,3,11,470.2,21.6,53.2,21.9,2.21,Vegetarian;Gluten-Free;Halal
387,Golden Strawberries & Dark Chocolate Walnut Cup Style 387,Snack,3,11,299.3,6.2,22.7,23.2,2.7,Vegan;Vegetarian;Gluten-Free;Halal
388,Zesty Banana Almond Protein Smoothie Style 388,Snack,3,4,442.5,20.4,52.4,19.4,2.1,Vegetarian;Gluten-Free;Halal
389,Fresh Classic Spinach & Mushroom Omelette Style 389,Breakfast,0,25,380.1,22.8,5.4,30.4,2.45,Vegetarian;Keto;Gluten-Free;High-Protein;Halal
390,Crispy Garlic Butter Shrimp with Zucchini Noodles & Tomatoes Style 390,Dinner,2,25,532.1,64.9,15.6,24.8,7.34,Keto;Gluten-Free;High-Protein;Low-Carb;Halal
391,Spicy Strawberries & Dark Chocolate Walnut Cup Style 391,Snack,3,10,253.8,5.2,18.9,19.8,2.0,Vegan;Vegetarian;Gluten-Free;Halal
392,Spicy Lean Ground Beef Stir-Fry with Brown Rice & Peppers Style 392,Dinner,2,21,854.1,67.5,41.2,49.5,5.83,Gluten-Free;Dairy-Free;High-Protein;Halal
393,Spicy High-Protein Tofu Breakfast Scramble Style 393,Breakfast,0,25,211.4,20.2,14.1,10.4,2.89,Vegan;Vegetarian;Gluten-Free;Dairy-Free;High-Protein;Halal
394,Roasted Strawberries & Dark Chocolate Walnut Cup Style 394,Snack,3,1,221.1,4.4,18.2,16.6,1.9,Vegan;Vegetarian;Gluten-Free;Halal
395,Crispy Peanut Butter Banana Oatmeal Style 395,Breakfast,0,8,557.8,24.3,64.5,24.5,0.95,Vegan;Vegetarian;Dairy-Free;Halal
396,Herb-Crusted Strawberries & Dark Chocolate Walnut Cup Style 396,Snack,3,9,265.0,5.4,21.6,19.9,2.52,Vegan;Vegetarian;Gluten-Free;Halal
397,Fresh Mediterranean Chickpea & Avocado Salad Style 397,Lunch,1,20,616.6,16.6,55.5,40.8,3.86,Vegan;Vegetarian;Gluten-Free;Dairy-Free;Halal
398,Hearty Mediterranean Chickpea & Avocado Salad Style 398,Lunch,1,18,562.8,13.5,46.2,40.0,3.47,Vegan;Vegetarian;Gluten-Free;Dairy-Free;Halal
399,Golden High-Protein Tofu Breakfast Scramble Style 399,Breakfast,0,23,297.8,20.2,12.5,21.0,2.95,Vegan;Vegetarian;Gluten-Free;Dairy-Free;High-Protein;Halal
400,Smoky Creamy Tomato & Mozzarella Penne Style 400,Lunch,1,29,493.6,24.1,42.8,26.3,2.34,Vegetarian;Halal
401,Herb-Crusted Creamy Tomato & Mozzarella Penne Style 401,Lunch,1,16,461.2,20.5,46.9,22.2,2.1,Vegetarian;Halal
402,Golden Banana Almond Protein Smoothie Style 402,Snack,3,6,482.2,20.4,54.1,23.5,2.11,Vegetarian;Gluten-Free;Halal
403,Rustic Hearty Lentil & Vegetable Stew Style 403,Dinner,2,31,491.1,17.8,72.5,16.1,2.35,Vegan;Vegetarian;Gluten-Free;Dairy-Free;Halal
404,Spicy Berry Chia Yogurt Parfait Style 404,Breakfast,0,13,505.0,30.2,25.0,34.6,3.35,Vegetarian;Gluten-Free;Halal
405,Spicy Strawberries & Dark Chocolate Walnut Cup Style 405,Snack,3,8,299.3,6.2,22.7,23.2,2.7,Vegan;Vegetarian;Gluten-Free;Halal
406,Garden-Fresh Black Bean Burrito Bowl with Brown Rice Style 406,Lunch,1,16,458.2,18.8,70.5,12.1,2.5,Vegan;Vegetarian;Gluten-Free;Dairy-Free;Halal
407,Spicy Black Bean Burrito Bowl with Brown Rice Style 407,Lunch,1,21,430.9,17.0,65.8,12.0,2.47,Vegan;Vegetarian;Gluten-Free;Dairy-Free;Halal
408,Zesty Cheddar Cheese & Boiled Egg Power Snack Style 408,Snack,3,7,260.4,17.9,2.8,19.7,1.09,Vegetarian;Keto;Gluten-Free;High-Protein;Halal
409,Crispy Pan-Seared Salmon with Garlic Butter Broccoli & Sweet Potato Style 409,Dinner,2,38,787.2,49.8,41.9,45.5,7.84,Gluten-Free;High-Protein;Halal
410,Fiesta High-Protein Tofu Breakfast Scramble Style 410,Breakfast,0,15,322.5,18.2,11.3,25.0,2.75,Vegan;Vegetarian;Gluten-Free;Dairy-Free;High-Protein;Halal
411,Garden-Fresh Cheddar Cheese & Boiled Egg Power Snack Style 411,Snack,3,17,263.4,18.0,3.5,19.7,1.19,Vegetarian;Keto;Gluten-Free;High-Protein;Halal
412,Crispy Cheddar Cheese & Boiled Egg Power Snack Style 412,Snack,3,18,189.8,11.7,2.6,14.9,0.82,Vegetarian;Keto;Gluten-Free;High-Protein;Halal
413,Fiesta Cheddar Cheese & Boiled Egg Power Snack Style 413,Snack,3,18,222.4,15.5,3.2,16.4,1.04,Vegetarian;Keto;Gluten-Free;High-Protein;Halal
414,Garden-Fresh Tuna Salad Whole Wheat Wrap Style 414,Lunch,1,9,451.6,46.9,48.0,7.8,3.03,High-Protein;Halal
415,Golden Peanut Butter Banana Oatmeal Style 415,Breakfast,0,20,604.1,22.5,72.2,28.4,1.42,Vegan;Vegetarian;Dairy-Free;Halal
416,Roasted Avocado & Egg Whole Wheat Toast Style 416,Breakfast,0,5,600.5,19.0,37.3,44.2,2.52,Vegetarian;Halal
417,Spicy Savory Tofu & Mushroom Teriyaki Bowl Style 417,Dinner,2,29,500.0,63.0,39.8,11.5,7.58,Vegan;Vegetarian;Dairy-Free;Halal
418,Roasted Turkey Avocado BLT Wrap Style 418,Lunch,1,19,795.8,43.8,59.8,46.0,4.36,High-Protein;Halal
419,Roasted Strawberries & Dark Chocolate Walnut Cup Style 419,Snack,3,10,257.0,5.3,19.7,19.8,2.15,Vegan;Vegetarian;Gluten-Free;Halal
420,Roasted Banana Almond Protein Smoothie Style 420,Snack,3,6,1090.4,61.8,44.4,76.4,3.76,Vegetarian;Gluten-Free;Halal
421,Golden Apple Slices with Natural Peanut Butter Style 421,Snack,3,6,328.8,10.5,32.8,20.4,1.07,Vegan;Vegetarian;Gluten-Free;Dairy-Free;Halal
422,Crispy Tuna Salad Whole Wheat Wrap Style 422,Lunch,1,9,453.1,46.3,48.8,8.1,3.1,High-Protein;Halal
423,Hearty Savory Tofu & Mushroom Teriyaki Bowl Style 423,Dinner,2,25,438.8,22.7,52.0,18.6,3.97,Vegan;Vegetarian;Dairy-Free;Halal
424,Herb-Crusted Lean Ground Beef Stir-Fry with Brown Rice & Peppers Style 424,Dinner,2,33,588.5,48.7,36.2,29.3,4.35,Gluten-Free;Dairy-Free;High-Protein;Halal
425,Golden Avocado & Egg Whole Wheat Toast Style 425,Breakfast,0,12,720.5,22.0,59.3,46.7,2.77,Vegetarian;Halal
426,Savory Pan-Seared Salmon with Garlic Butter Broccoli & Sweet Potato Style 426,Dinner,2,33,909.1,52.2,56.9,50.6,7.89,Gluten-Free;High-Protein;Halal
427,Savory Banana Almond Protein Smoothie Style 427,Snack,3,12,441.5,20.4,50.7,20.3,2.08,Vegetarian;Gluten-Free;Halal
428,Fresh Hearty Lentil & Vegetable Stew Style 428,Dinner,2,37,399.5,13.3,53.8,15.8,1.87,Vegan;Vegetarian;Gluten-Free;Dairy-Free;Halal
429,Fresh Strawberries & Dark Chocolate Walnut Cup Style 429,Snack,3,13,257.0,5.3,19.7,19.8,2.15,Vegan;Vegetarian;Gluten-Free;Halal
430,Rustic Garlic Butter Shrimp with Zucchini Noodles & Tomatoes Style 430,Dinner,2,24,542.8,57.2,17.4,28.9,6.88,Keto;Gluten-Free;High-Protein;Low-Carb;Halal
431,Smoky Lean Ground Beef Stir-Fry with Brown Rice & Peppers Style 431,Dinner,2,35,551.8,48.2,27.8,29.1,4.17,Gluten-Free;Dairy-Free;High-Protein;Halal
432,Crispy Classic Spinach & Mushroom Omelette Style 432,Breakfast,0,13,489.1,31.1,5.5,38.5,2.67,Vegetarian;Keto;Gluten-Free;High-Protein;Halal
433,Zesty Pan-Seared Salmon with Garlic Butter Broccoli & Sweet Potato Style 433,Dinner,2,26,833.7,50.4,57.2,44.3,7.6,Gluten-Free;High-Protein;Halal
434,Spicy Banana Almond Protein Smoothie Style 434,Snack,3,11,1008.1,20.6,48.6,85.3,3.35,Vegetarian;Gluten-Free;Halal
435,Crispy Greek Yogurt Berry Nut Bowl Style 435,Breakfast,0,3,447.2,26.1,41.0,22.8,4.09,Vegetarian;Gluten-Free;High-Protein;Halal
436,Rustic Black Bean Burrito Bowl with Brown Rice Style 436,Lunch,1,16,397.5,15.6,59.3,11.8,2.17,Vegan;Vegetarian;Gluten-Free;Dairy-Free;Halal
437,Fresh Creamy Garlic Parmesan Chicken Fettuccine Style 437,Dinner,2,37,793.0,85.7,29.6,35.1,4.52,High-Protein;Halal
438,Zesty Turkey Avocado BLT Wrap Style 438,Lunch,1,14,788.9,42.6,60.2,45.6,4.35,High-Protein;Halal
439,Rustic Strawberries & Dark Chocolate Walnut Cup Style 439,Snack,3,4,253.8,5.2,18.9,19.8,2.0,Vegan;Vegetarian;Gluten-Free;Halal
440,Smoky Savory Tofu & Mushroom Teriyaki Bowl Style 440,Dinner,2,26,458.6,23.6,53.7,19.5,3.88,Vegan;Vegetarian;Dairy-Free;Halal
441,Hearty Peanut Butter Banana Oatmeal Style 441,Breakfast,0,20,592.6,22.5,79.0,23.9,1.25,Vegan;Vegetarian;Dairy-Free;Halal
442,Rustic Strawberries & Dark Chocolate Walnut Cup Style 442,Snack,3,3,252.2,5.1,18.5,19.8,1.92,Vegan;Vegetarian;Gluten-Free;Halal
443,Smoky Creamy Tomato & Mozzarella Penne Style 443,Lunch,1,19,468.5,20.0,45.7,23.8,2.31,Vegetarian;Halal
444,Golden High-Protein Tofu Breakfast Scramble Style 444,Breakfast,0,10,313.4,17.3,11.9,24.1,2.83,Vegan;Vegetarian;Gluten-Free;Dairy-Free;High-Protein;Halal
445,Spicy Lean Ground Beef Stir-Fry with Brown Rice & Peppers Style 445,Dinner,2,27,281.2,18.2,35.5,8.9,2.67,Gluten-Free;Dairy-Free;High-Protein;Halal
446,Crispy Strawberries & Dark Chocolate Walnut Cup Style 446,Snack,3,4,286.5,5.9,19.6,23.1,2.1,Vegan;Vegetarian;Gluten-Free;Halal
447,Fresh Grilled Chicken & Quinoa Harvest Bowl Style 447,Lunch,1,22,489.6,54.5,26.6,18.1,3.91,Gluten-Free;High-Protein;Halal
448,Crispy Greek Yogurt Berry Nut Bowl Style 448,Breakfast,0,13,409.8,24.1,39.9,19.8,3.93,Vegetarian;Gluten-Free;High-Protein;Halal
449,Zesty Cheddar Cheese & Boiled Egg Power Snack Style 449,Snack,3,16,220.9,15.4,2.8,16.4,0.99,Vegetarian;Keto;Gluten-Free;High-Protein;Halal
450,Golden Mediterranean Chickpea & Avocado Salad Style 450,Lunch,1,20,496.5,18.1,56.6,26.0,3.56,Vegan;Vegetarian;Gluten-Free;Dairy-Free;Halal
451,Rustic Berry Chia Yogurt Parfait Style 451,Breakfast,0,4,438.8,27.3,30.3,25.6,3.54,Vegetarian;Gluten-Free;Halal
452,Golden Creamy Tomato & Mozzarella Penne Style 452,Lunch,1,18,500.1,24.5,43.5,26.4,2.39,Vegetarian;Halal
453,Fiesta High-Protein Tofu Breakfast Scramble Style 453,Breakfast,0,12,207.6,20.0,13.8,10.1,2.79,Vegan;Vegetarian;Gluten-Free;Dairy-Free;High-Protein;Halal
454,Fresh Savory Tofu & Mushroom Teriyaki Bowl Style 454,Dinner,2,28,443.2,25.1,47.3,20.0,4.06,Vegan;Vegetarian;Dairy-Free;Halal
455,Golden Savory Tofu & Mushroom Teriyaki Bowl Style 455,Dinner,2,20,491.6,29.2,51.2,22.6,4.57,Vegan;Vegetarian;Dairy-Free;Halal
456,Fresh Berry Chia Yogurt Parfait Style 456,Breakfast,0,6,419.0,21.5,38.3,22.7,3.56,Vegetarian;Gluten-Free;Halal
457,Spicy Pan-Seared Salmon with Garlic Butter Broccoli & Sweet Potato Style 457,Dinner,2,37,835.4,53.0,60.5,41.8,8.5,Gluten-Free;High-Protein;Halal
458,Rustic Banana Almond Protein Smoothie Style 458,Snack,3,14,417.8,18.4,49.5,19.0,1.92,Vegetarian;Gluten-Free;Halal
459,Garden-Fresh Garlic Butter Shrimp with Zucchini Noodles & Tomatoes Style 459,Dinner,2,24,390.1,66.1,15.6,8.2,7.49,Keto;Gluten-Free;High-Protein;Low-Carb;Halal
460,Fiesta Greek Yogurt Berry Nut Bowl Style 460,Breakfast,0,7,410.9,21.7,45.6,18.6,4.14,Vegetarian;Gluten-Free;High-Protein;Halal
461,Roasted Grilled Chicken & Quinoa Harvest Bowl Style 461,Lunch,1,28,543.2,52.5,33.4,22.3,4.04,Gluten-Free;High-Protein;Halal
462,Crispy High-Protein Tofu Breakfast Scramble Style 462,Breakfast,0,18,339.2,19.7,12.5,25.8,3.06,Vegan;Vegetarian;Gluten-Free;Dairy-Free;High-Protein;Halal
463,Rustic Berry Chia Yogurt Parfait Style 463,Breakfast,0,8,597.8,31.9,28.0,43.5,4.08,Vegetarian;Gluten-Free;Halal
464,Fiesta Cheddar Cheese & Boiled Egg Power Snack Style 464,Snack,3,15,153.1,9.2,2.6,12.0,0.73,Vegetarian;Keto;Gluten-Free;High-Protein;Halal
465,Spicy High-Protein Tofu Breakfast Scramble Style 465,Breakfast,0,16,340.7,13.8,12.3,27.8,2.51,Vegan;Vegetarian;Gluten-Free;Dairy-Free;High-Protein;Halal
466,Spicy Apple Slices with Natural Peanut Butter Style 466,Snack,3,7,270.0,8.0,30.8,15.4,0.99,Vegan;Vegetarian;Gluten-Free;Dairy-Free;Halal
467,Herb-Crusted Berry Chia Yogurt Parfait Style 467,Breakfast,0,12,465.0,27.1,31.4,28.4,3.72,Vegetarian;Gluten-Free;Halal
468,Garden-Fresh Peanut Butter Banana Oatmeal Style 468,Breakfast,0,9,510.5,17.4,62.3,24.1,1.42,Vegan;Vegetarian;Dairy-Free;Halal
469,Smoky Mediterranean Chickpea & Avocado Salad Style 469,Lunch,1,9,586.6,12.6,42.6,44.7,2.99,Vegan;Vegetarian;Gluten-Free;Dairy-Free;Halal
470,Herb-Crusted Grilled Chicken & Quinoa Harvest Bowl Style 470,Lunch,1,20,806.4,65.0,38.7,45.3,5.49,Gluten-Free;High-Protein;Halal
471,Savory Greek Yogurt Berry Nut Bowl Style 471,Breakfast,0,12,415.9,26.6,31.6,23.0,3.42,Vegetarian;Gluten-Free;High-Protein;Halal
472,Golden High-Protein Tofu Breakfast Scramble Style 472,Breakfast,0,13,330.9,18.2,13.8,24.8,2.92,Vegan;Vegetarian;Gluten-Free;Dairy-Free;High-Protein;Halal
473,Herb-Crusted Hearty Lentil & Vegetable Stew Style 473,Dinner,2,32,503.0,19.2,74.0,16.1,2.22,Vegan;Vegetarian;Gluten-Free;Dairy-Free;Halal
474,Fresh Greek Yogurt Berry Nut Bowl Style 474,Breakfast,0,9,385.2,21.5,38.9,18.5,3.67,Vegetarian;Gluten-Free;High-Protein;Halal
475,Rustic Banana Almond Protein Smoothie Style 475,Snack,3,2,433.6,19.7,50.3,19.9,2.02,Vegetarian;Gluten-Free;Halal
476,Herb-Crusted Classic Spinach & Mushroom Omelette Style 476,Breakfast,0,12,484.4,30.5,4.8,38.4,2.47,Vegetarian;Keto;Gluten-Free;High-Protein;Halal
477,Fresh Peanut Butter Banana Oatmeal Style 477,Breakfast,0,16,636.4,24.6,84.3,25.5,1.38,Vegan;Vegetarian;Dairy-Free;Halal
478,Spicy Creamy Tomato & Mozzarella Penne Style 478,Lunch,1,22,453.9,21.1,42.8,23.2,2.27,Vegetarian;Halal
479,Crispy Pan-Seared Salmon with Garlic Butter Broccoli & Sweet Potato Style 479,Dinner,2,32,804.0,48.8,52.5,43.7,7.83,Gluten-Free;High-Protein;Halal
480,Hearty Avocado & Egg Whole Wheat Toast Style 480,Breakfast,0,16,719.6,22.0,59.1,46.7,2.74,Vegetarian;Halal
481,Rustic High-Protein Tofu Breakfast Scramble Style 481,Breakfast,0,14,365.1,16.9,14.7,28.9,2.71,Vegan;Vegetarian;Gluten-Free;Dairy-Free;High-Protein;Halal
482,Garden-Fresh Peanut Butter Banana Oatmeal Style 482,Breakfast,0,7,699.5,27.2,88.4,30.0,1.41,Vegan;Vegetarian;Dairy-Free;Halal
483,Fresh Hearty Lentil & Vegetable Stew Style 483,Dinner,2,34,450.9,17.3,63.0,16.1,2.66,Vegan;Vegetarian;Gluten-Free;Dairy-Free;Halal
484,Garden-Fresh Garlic Butter Shrimp with Zucchini Noodles & Tomatoes Style 484,Dinner,2,20,702.2,87.6,14.7,31.6,5.74,Keto;Gluten-Free;High-Protein;Low-Carb;Halal
485,Herb-Crusted Garlic Butter Shrimp with Zucchini Noodles & Tomatoes Style 485,Dinner,2,24,502.0,52.1,18.0,26.2,6.33,Keto;Gluten-Free;High-Protein;Low-Carb;Halal
486,Crispy Mediterranean Chickpea & Avocado Salad Style 486,Lunch,1,8,667.0,17.0,56.2,46.0,3.79,Vegan;Vegetarian;Gluten-Free;Dairy-Free;Halal
487,Crispy Mediterranean Chickpea & Avocado Salad Style 487,Lunch,1,19,550.6,13.1,44.1,39.8,3.04,Vegan;Vegetarian;Gluten-Free;Dairy-Free;Halal
488,Zesty Berry Chia Yogurt Parfait Style 488,Breakfast,0,10,427.4,25.9,30.5,24.9,3.58,Vegetarian;Gluten-Free;Halal
489,Hearty Classic Spinach & Mushroom Omelette Style 489,Breakfast,0,11,378.9,25.4,5.8,28.6,2.37,Vegetarian;Keto;Gluten-Free;High-Protein;Halal
490,Rustic Mediterranean Chickpea & Avocado Salad Style 490,Lunch,1,18,555.1,14.0,44.4,39.9,3.7,Vegan;Vegetarian;Gluten-Free;Dairy-Free;Halal
491,Crispy Black Bean Burrito Bowl with Brown Rice Style 491,Lunch,1,18,370.7,17.8,62.1,6.8,2.24,Vegan;Vegetarian;Gluten-Free;Dairy-Free;Halal
492,Smoky Garlic Butter Shrimp with Zucchini Noodles & Tomatoes Style 492,Dinner,2,17,540.5,65.1,13.5,26.4,7.54,Keto;Gluten-Free;High-Protein;Low-Carb;Halal
493,Hearty Mediterranean Chickpea & Avocado Salad Style 493,Lunch,1,17,667.8,17.0,56.7,45.9,3.99,Vegan;Vegetarian;Gluten-Free;Dairy-Free;Halal
494,Smoky Creamy Garlic Parmesan Chicken Fettuccine Style 494,Dinner,2,32,903.0,69.3,31.6,54.6,4.07,High-Protein;Halal
495,Fresh Grilled Chicken & Quinoa Harvest Bowl Style 495,Lunch,1,29,585.2,66.9,35.5,19.1,4.69,Gluten-Free;High-Protein;Halal
496,Smoky Savory Tofu & Mushroom Teriyaki Bowl Style 496,Dinner,2,22,438.9,27.1,40.4,22.0,3.96,Vegan;Vegetarian;Dairy-Free;Halal
497,Herb-Crusted Avocado & Egg Whole Wheat Toast Style 497,Breakfast,0,9,640.5,24.0,43.3,43.7,2.67,Vegetarian;Halal
498,Fresh Peanut Butter Banana Oatmeal Style 498,Breakfast,0,19,650.6,25.1,84.1,27.2,1.35,Vegan;Vegetarian;Dairy-Free;Halal
499,Roasted Turkey Avocado BLT Wrap Style 499,Lunch,1,11,884.9,57.6,60.7,49.5,5.27,High-Protein;Halal
500,Fiesta Banana Almond Protein Smoothie Style 500,Snack,3,12,360.1,18.5,49.7,11.7,1.96,Vegetarian;Gluten-Free;Halal
501,Hearty Avocado & Egg Whole Wheat Toast Style 501,Breakfast,0,19,640.5,24.0,43.3,43.7,2.67,Vegetarian;Halal
502,Savory Peanut Butter Banana Oatmeal Style 502,Breakfast,0,7,599.5,22.8,76.5,25.8,1.26,Vegan;Vegetarian;Dairy-Free;Halal
503,Golden Creamy Tomato & Mozzarella Penne Style 503,Lunch,1,21,503.1,23.6,47.0,25.4,2.23,Vegetarian;Halal
504,Fresh Creamy Tomato & Mozzarella Penne Style 504,Lunch,1,16,427.1,20.0,37.6,23.0,2.14,Vegetarian;Halal
505,Zesty Grilled Chicken & Quinoa Harvest Bowl Style 505,Lunch,1,29,613.6,75.2,31.5,19.9,4.88,Gluten-Free;High-Protein;Halal
506,Crispy Creamy Garlic Parmesan Chicken Fettuccine Style 506,Dinner,2,31,839.0,83.1,37.9,38.0,4.44,High-Protein;Halal
507,Crispy Turkey Avocado BLT Wrap Style 507,Lunch,1,10,843.2,50.9,60.8,47.8,4.93,High-Protein;Halal
508,Smoky Savory Tofu & Mushroom Teriyaki Bowl Style 508,Dinner,2,30,473.5,28.5,47.4,22.5,4.43,Vegan;Vegetarian;Dairy-Free;Halal
509,Herb-Crusted Classic Spinach & Mushroom Omelette Style 509,Breakfast,0,18,563.2,37.7,6.2,43.3,3.09,Vegetarian;Keto;Gluten-Free;High-Protein;Halal
510,Garden-Fresh Garlic Butter Shrimp with Zucchini Noodles & Tomatoes Style 510,Dinner,2,28,507.4,50.8,19.1,26.1,6.45,Keto;Gluten-Free;High-Protein;Low-Carb;Halal
511,Smoky Savory Tofu & Mushroom Teriyaki Bowl Style 511,Dinner,2,20,431.8,23.5,48.7,19.0,3.89,Vegan;Vegetarian;Dairy-Free;Halal
512,Rustic Black Bean Burrito Bowl with Brown Rice Style 512,Lunch,1,28,432.3,16.5,66.4,12.1,2.46,Vegan;Vegetarian;Gluten-Free;Dairy-Free;Halal
513,Smoky Garlic Butter Shrimp with Zucchini Noodles & Tomatoes Style 513,Dinner,2,24,486.9,56.5,16.1,23.4,6.96,Keto;Gluten-Free;High-Protein;Low-Carb;Halal
514,Garden-Fresh Strawberries & Dark Chocolate Walnut Cup Style 514,Snack,3,2,261.8,5.4,20.8,19.9,2.37,Vegan;Vegetarian;Gluten-Free;Halal
515,Smoky Avocado & Egg Whole Wheat Toast Style 515,Breakfast,0,8,637.8,23.9,42.7,43.7,2.58,Vegetarian;Halal
516,Spicy Cheddar Cheese & Boiled Egg Power Snack Style 516,Snack,3,9,262.6,18.0,3.3,19.7,1.17,Vegetarian;Keto;Gluten-Free;High-Protein;Halal
517,Smoky Mediterranean Chickpea & Avocado Salad Style 517,Lunch,1,20,538.2,14.6,49.6,35.3,3.52,Vegan;Vegetarian;Gluten-Free;Dairy-Free;Halal
518,Garden-Fresh Cheddar Cheese & Boiled Egg Power Snack Style 518,Snack,3,12,244.1,16.8,3.6,18.1,1.16,Vegetarian;Keto;Gluten-Free;High-Protein;Halal
519,Fiesta Tuna Salad Whole Wheat Wrap Style 519,Lunch,1,18,413.4,38.9,48.2,7.4,2.7,High-Protein;Halal
520,Zesty Greek Yogurt Berry Nut Bowl Style 520,Breakfast,0,7,385.6,21.8,34.6,20.5,3.18,Vegetarian;Gluten-Free;High-Protein;Halal
521,Crispy Savory Tofu & Mushroom Teriyaki Bowl Style 521,Dinner,2,25,431.7,24.1,47.2,19.3,4.03,Vegan;Vegetarian;Dairy-Free;Halal
522,Golden Pan-Seared Salmon with Garlic Butter Broccoli & Sweet Potato Style 522,Dinner,2,33,812.4,46.9,48.8,47.0,7.54,Gluten-Free;High-Protein;Halal
523,Herb-Crusted Savory Tofu & Mushroom Teriyaki Bowl Style 523,Dinner,2,22,471.1,28.2,46.3,22.7,4.15,Vegan;Vegetarian;Dairy-Free;Halal
524,Crispy Apple Slices with Natural Peanut Butter Style 524,Snack,3,9,328.8,10.5,32.8,20.4,1.07,Vegan;Vegetarian;Gluten-Free;Dairy-Free;Halal
525,Hearty Berry Chia Yogurt Parfait Style 525,Breakfast,0,12,476.1,25.6,37.9,27.6,3.49,Vegetarian;Gluten-Free;Halal
526,Fiesta Tuna Salad Whole Wheat Wrap Style 526,Lunch,1,8,402.4,35.9,47.8,7.7,2.46,High-Protein;Halal
527,Fresh Creamy Garlic Parmesan Chicken Fettuccine Style 527,Dinner,2,31,832.3,63.1,29.2,50.6,3.71,High-Protein;Halal
528,Savory Pan-Seared Salmon with Garlic Butter Broccoli & Sweet Potato Style 528,Dinner,2,35,770.5,46.0,39.1,46.9,7.33,Gluten-Free;High-Protein;Halal
529,Spicy Cheddar Cheese & Boiled Egg Power Snack Style 529,Snack,3,6,220.8,15.5,2.6,16.4,0.99,Vegetarian;Keto;Gluten-Free;High-Protein;Halal
530,Golden Creamy Tomato & Mozzarella Penne Style 530,Lunch,1,19,449.8,19.7,41.6,23.7,2.29,Vegetarian;Halal
531,Golden Grilled Chicken & Quinoa Harvest Bowl Style 531,Lunch,1,22,500.4,52.3,23.7,21.9,4.11,Gluten-Free;High-Protein;Halal
532,Garden-Fresh Turkey Avocado BLT Wrap Style 532,Lunch,1,22,770.2,54.1,44.5,45.1,4.83,High-Protein;Halal
533,Fresh Peanut Butter Banana Oatmeal Style 533,Breakfast,0,19,669.2,26.0,90.4,25.9,1.38,Vegan;Vegetarian;Dairy-Free;Halal
534,Fresh Lean Ground Beef Stir-Fry with Brown Rice & Peppers Style 534,Dinner,2,22,683.3,58.3,37.3,35.3,5.09,Gluten-Free;Dairy-Free;High-Protein;Halal
535,Herb-Crusted Creamy Garlic Parmesan Chicken Fettuccine Style 535,Dinner,2,36,1032.2,89.0,41.9,55.0,4.97,High-Protein;Halal
536,Zesty Pan-Seared Salmon with Garlic Butter Broccoli & Sweet Potato Style 536,Dinner,2,29,694.4,40.0,57.2,33.8,6.67,Gluten-Free;High-Protein;Halal
537,Savory Creamy Tomato & Mozzarella Penne Style 537,Lunch,1,24,429.3,21.1,31.3,25.8,2.58,Vegetarian;Halal
538,Hearty Banana Almond Protein Smoothie Style 538,Snack,3,2,409.3,17.2,49.4,18.6,1.83,Vegetarian;Gluten-Free;Halal
539,Fiesta Apple Slices with Natural Peanut Butter Style 539,Snack,3,8,328.8,10.5,32.8,20.4,1.07,Vegan;Vegetarian;Gluten-Free;Dairy-Free;Halal
540,Hearty Grilled Chicken & Quinoa Harvest Bowl Style 540,Lunch,1,32,466.4,49.7,28.5,16.8,3.56,Gluten-Free;High-Protein;Halal
541,Fresh Mediterranean Chickpea & Avocado Salad Style 541,Lunch,1,8,263.8,9.6,31.1,12.7,2.17,Vegan;Vegetarian;Gluten-Free;Dairy-Free;Halal
542,Fiesta Creamy Tomato & Mozzarella Penne Style 542,Lunch,1,30,627.6,30.8,62.1,30.3,2.16,Vegetarian;Halal
543,Zesty Banana Almond Protein Smoothie Style 543,Snack,3,3,675.9,15.3,52.8,48.2,2.24,Vegetarian;Gluten-Free;Halal
544,Hearty Classic Spinach & Mushroom Omelette Style 544,Breakfast,0,15,412.4,24.2,4.4,33.6,2.17,Vegetarian;Keto;Gluten-Free;High-Protein;Halal
545,Hearty Avocado & Egg Whole Wheat Toast Style 545,Breakfast,0,6,637.8,23.9,42.7,43.7,2.58,Vegetarian;Halal
546,Smoky Tuna Salad Whole Wheat Wrap Style 546,Lunch,1,17,403.3,35.9,48.0,7.7,2.5,High-Protein;Halal
547,Garden-Fresh Tuna Salad Whole Wheat Wrap Style 547,Lunch,1,18,414.8,38.5,48.0,7.8,2.62,High-Protein;Halal
548,Spicy Cheddar Cheese & Boiled Egg Power Snack Style 548,Snack,3,18,240.3,16.7,2.7,18.1,1.03,Vegetarian;Keto;Gluten-Free;High-Protein;Halal
549,Golden Tuna Salad Whole Wheat Wrap Style 549,Lunch,1,12,462.3,48.7,48.3,8.1,3.12,High-Protein;Halal
550,Fiesta Strawberries & Dark Chocolate Walnut Cup Style 550,Snack,3,0,229.1,4.6,20.1,16.6,2.27,Vegan;Vegetarian;Gluten-Free;Halal
551,Zesty Grilled Chicken & Quinoa Harvest Bowl Style 551,Lunch,1,30,610.1,67.4,30.2,23.9,4.57,Gluten-Free;High-Protein;Halal
552,Garden-Fresh Black Bean Burrito Bowl with Brown Rice Style 552,Lunch,1,21,392.0,15.3,58.3,11.7,2.23,Vegan;Vegetarian;Gluten-Free;Dairy-Free;Halal
553,Hearty Pan-Seared Salmon with Garlic Butter Broccoli & Sweet Potato Style 553,Dinner,2,28,730.7,38.9,51.1,41.3,6.61,Gluten-Free;High-Protein;Halal
554,Hearty Peanut Butter Banana Oatmeal Style 554,Breakfast,0,8,595.3,22.7,74.4,26.3,1.32,Vegan;Vegetarian;Dairy-Free;Halal
555,Savory Savory Tofu & Mushroom Teriyaki Bowl Style 555,Dinner,2,29,502.1,22.4,66.5,19.8,3.47,Vegan;Vegetarian;Dairy-Free;Halal
556,Crispy Grilled Chicken & Quinoa Harvest Bowl Style 556,Lunch,1,23,409.6,45.0,28.8,12.9,3.54,Gluten-Free;High-Protein;Halal
557,Zesty Greek Yogurt Berry Nut Bowl Style 557,Breakfast,0,12,440.0,26.0,43.6,20.8,3.99,Vegetarian;Gluten-Free;High-Protein;Halal
558,Crispy Pan-Seared Salmon with Garlic Butter Broccoli & Sweet Potato Style 558,Dinner,2,25,794.2,39.5,72.2,37.5,6.31,Gluten-Free;High-Protein;Halal
559,Herb-Crusted Peanut Butter Banana Oatmeal Style 559,Breakfast,0,10,530.0,23.3,57.0,25.2,1.04,Vegan;Vegetarian;Dairy-Free;Halal
560,Golden Berry Chia Yogurt Parfait Style 560,Breakfast,0,5,494.2,25.0,27.8,34.0,3.42,Vegetarian;Gluten-Free;Halal
561,Smoky Strawberries & Dark Chocolate Walnut Cup Style 561,Snack,3,14,265.0,5.4,21.6,19.9,2.52,Vegan;Vegetarian;Gluten-Free;Halal
562,Spicy Mediterranean Chickpea & Avocado Salad Style 562,Lunch,1,10,627.0,13.3,51.6,44.9,3.64,Vegan;Vegetarian;Gluten-Free;Dairy-Free;Halal
563,Smoky Black Bean Burrito Bowl with Brown Rice Style 563,Lunch,1,15,441.1,17.7,67.6,12.0,2.52,Vegan;Vegetarian;Gluten-Free;Dairy-Free;Halal
564,Rustic Turkey Avocado BLT Wrap Style 564,Lunch,1,10,840.0,57.1,63.4,43.8,5.24,High-Protein;Halal
565,Crispy High-Protein Tofu Breakfast Scramble Style 565,Breakfast,0,23,333.5,19.5,12.0,25.5,2.98,Vegan;Vegetarian;Gluten-Free;Dairy-Free;High-Protein;Halal
566,Hearty Turkey Avocado BLT Wrap Style 566,Lunch,1,24,879.1,56.3,61.3,49.2,5.29,High-Protein;Halal
567,Herb-Crusted Garlic Butter Shrimp with Zucchini Noodles & Tomatoes Style 567,Dinner,2,25,548.3,31.5,51.0,26.4,3.36,Keto;Gluten-Free;High-Protein;Low-Carb;Halal
568,Savory Banana Almond Protein Smoothie Style 568,Snack,3,15,485.7,22.3,53.0,23.6,2.25,Vegetarian;Gluten-Free;Halal
569,Herb-Crusted Strawberries & Dark Chocolate Walnut Cup Style 569,Snack,3,4,225.9,4.5,19.4,16.6,2.12,Vegan;Vegetarian;Gluten-Free;Halal
570,Spicy Black Bean Burrito Bowl with Brown Rice Style 570,Lunch,1,28,392.1,15.9,58.1,11.9,2.23,Vegan;Vegetarian;Gluten-Free;Dairy-Free;Halal
571,Fiesta Turkey Avocado BLT Wrap Style 571,Lunch,1,14,887.5,57.7,61.2,49.6,5.37,High-Protein;Halal
572,Garden-Fresh Avocado & Egg Whole Wheat Toast Style 572,Breakfast,0,12,579.8,23.9,51.0,33.7,2.55,Vegetarian;Halal
573,Fiesta Strawberries & Dark Chocolate Walnut Cup Style 573,Snack,3,8,257.0,5.3,19.7,19.8,2.15,Vegan;Vegetarian;Gluten-Free;Halal
574,Rustic Banana Almond Protein Smoothie Style 574,Snack,3,8,480.8,21.8,52.8,23.4,2.21,Vegetarian;Gluten-Free;Halal
575,Crispy High-Protein Tofu Breakfast Scramble Style 575,Breakfast,0,22,316.2,17.3,12.1,24.3,2.71,Vegan;Vegetarian;Gluten-Free;Dairy-Free;High-Protein;Halal
576,Savory Lean Ground Beef Stir-Fry with Brown Rice & Peppers Style 576,Dinner,2,33,530.0,43.6,34.2,25.8,4.0,Gluten-Free;Dairy-Free;High-Protein;Halal
577,Spicy Lean Ground Beef Stir-Fry with Brown Rice & Peppers Style 577,Dinner,2,24,547.0,44.0,40.8,24.2,4.01,Gluten-Free;Dairy-Free;High-Protein;Halal
578,Roasted Banana Almond Protein Smoothie Style 578,Snack,3,14,471.3,19.5,53.5,22.9,2.04,Vegetarian;Gluten-Free;Halal
579,Spicy Garlic Butter Shrimp with Zucchini Noodles & Tomatoes Style 579,Dinner,2,30,515.0,69.7,15.4,20.8,7.74,Keto;Gluten-Free;High-Protein;Low-Carb;Halal
580,Zesty Creamy Tomato & Mozzarella Penne Style 580,Lunch,1,30,449.0,21.3,39.2,24.1,2.21,Vegetarian;Halal
581,Hearty High-Protein Tofu Breakfast Scramble Style 581,Breakfast,0,25,341.4,20.0,13.0,25.7,3.05,Vegan;Vegetarian;Gluten-Free;Dairy-Free;High-Protein;Halal
582,Garden-Fresh Banana Almond Protein Smoothie Style 582,Snack,3,0,323.9,16.3,22.8,20.3,1.52,Vegetarian;Gluten-Free;Halal
583,Spicy Garlic Butter Shrimp with Zucchini Noodles & Tomatoes Style 583,Dinner,2,23,454.2,57.6,15.7,19.4,6.97,Keto;Gluten-Free;High-Protein;Low-Carb;Halal
584,Fiesta Banana Almond Protein Smoothie Style 584,Snack,3,6,1071.0,59.8,43.7,75.4,3.6,Vegetarian;Gluten-Free;Halal
585,Spicy Hearty Lentil & Vegetable Stew Style 585,Dinner,2,30,549.2,16.3,90.3,16.3,2.42,Vegan;Vegetarian;Gluten-Free;Dairy-Free;Halal
586,Spicy Black Bean Burrito Bowl with Brown Rice Style 586,Lunch,1,26,370.8,13.6,54.5,11.7,2.21,Vegan;Vegetarian;Gluten-Free;Dairy-Free;Halal
587,Spicy High-Protein Tofu Breakfast Scramble Style 587,Breakfast,0,16,294.0,19.8,12.4,20.7,2.91,Vegan;Vegetarian;Gluten-Free;Dairy-Free;High-Protein;Halal
588,Garden-Fresh Turkey Avocado BLT Wrap Style 588,Lunch,1,14,841.1,50.6,60.4,47.8,4.82,High-Protein;Halal
589,Smoky Tuna Salad Whole Wheat Wrap Style 589,Lunch,1,20,454.1,47.1,48.6,7.9,3.12,High-Protein;Halal
590,Fiesta Banana Almond Protein Smoothie Style 590,Snack,3,11,452.6,20.0,52.4,20.9,2.07,Vegetarian;Gluten-Free;Halal
591,Fresh Apple Slices with Natural Peanut Butter Style 591,Snack,3,3,240.6,6.8,29.8,12.9,0.95,Vegan;Vegetarian;Gluten-Free;Dairy-Free;Halal
592,Savory Mediterranean Chickpea & Avocado Salad Style 592,Lunch,1,14,603.9,15.8,53.3,40.6,3.79,Vegan;Vegetarian;Gluten-Free;Dairy-Free;Halal
593,Herb-Crusted Peanut Butter Banana Oatmeal Style 593,Breakfast,0,19,531.1,18.0,63.5,25.7,1.41,Vegan;Vegetarian;Dairy-Free;Halal
594,Fresh Turkey Avocado BLT Wrap Style 594,Lunch,1,16,857.2,53.3,60.2,48.4,4.94,High-Protein;Halal
595,Rustic Grilled Chicken & Quinoa Harvest Bowl Style 595,Lunch,1,22,590.0,62.7,31.1,23.4,4.35,Gluten-Free;High-Protein;Halal
596,Zesty Apple Slices with Natural Peanut Butter Style 596,Snack,3,2,328.8,10.5,32.8,20.4,1.07,Vegan;Vegetarian;Gluten-Free;Dairy-Free;Halal
597,Golden Classic Spinach & Mushroom Omelette Style 597,Breakfast,0,25,491.1,31.4,5.8,38.5,2.81,Vegetarian;Keto;Gluten-Free;High-Protein;Halal
598,Hearty Grilled Chicken & Quinoa Harvest Bowl Style 598,Lunch,1,22,578.8,64.2,26.8,23.5,4.51,Gluten-Free;High-Protein;Halal
599,Savory Apple Slices with Natural Peanut Butter Style 599,Snack,3,13,299.4,9.3,31.8,17.9,1.03,Vegan;Vegetarian;Gluten-Free;Dairy-Free;Halal
600,Zesty Mediterranean Chickpea & Avocado Salad Style 600,Lunch,1,9,644.7,15.7,52.6,45.6,3.74,Vegan;Vegetarian;Gluten-Free;Dairy-Free;Halal
601,Rustic Berry Chia Yogurt Parfait Style 601,Breakfast,0,1,451.8,21.0,39.2,26.4,3.35,Vegetarian;Gluten-Free;Halal
602,Garden-Fresh Savory Tofu & Mushroom Teriyaki Bowl Style 602,Dinner,2,24,405.2,30.8,49.7,12.8,4.59,Vegan;Vegetarian;Dairy-Free;Halal
603,Roasted Grilled Chicken & Quinoa Harvest Bowl Style 603,Lunch,1,21,595.6,72.5,31.5,19.4,4.84,Gluten-Free;High-Protein;Halal
604,Savory Turkey Avocado BLT Wrap Style 604,Lunch,1,11,1047.7,58.2,60.2,68.7,5.87,High-Protein;Halal
605,Roasted Hearty Lentil & Vegetable Stew Style 605,Dinner,2,36,409.6,18.4,72.2,7.2,2.3,Vegan;Vegetarian;Gluten-Free;Dairy-Free;Halal
606,Fresh Savory Tofu & Mushroom Teriyaki Bowl Style 606,Dinner,2,33,489.2,28.5,51.5,22.3,4.44,Vegan;Vegetarian;Dairy-Free;Halal
607,Herb-Crusted Savory Tofu & Mushroom Teriyaki Bowl Style 607,Dinner,2,27,555.2,59.4,42.5,16.8,4.83,Vegan;Vegetarian;Dairy-Free;Halal
608,Garden-Fresh Lean Ground Beef Stir-Fry with Brown Rice & Peppers Style 608,Dinner,2,21,519.4,61.6,34.2,15.6,4.49,Gluten-Free;Dairy-Free;High-Protein;Halal
609,Spicy High-Protein Tofu Breakfast Scramble Style 609,Breakfast,0,25,276.1,14.0,8.4,22.6,2.41,Vegan;Vegetarian;Gluten-Free;Dairy-Free;High-Protein;Halal
610,Savory Strawberries & Dark Chocolate Walnut Cup Style 610,Snack,3,10,264.1,6.1,13.3,23.1,2.35,Vegan;Vegetarian;Gluten-Free;Halal
611,Spicy Mediterranean Chickpea & Avocado Salad Style 611,Lunch,1,10,602.4,16.1,53.0,40.6,3.36,Vegan;Vegetarian;Gluten-Free;Dairy-Free;Halal
612,Golden Greek Yogurt Berry Nut Bowl Style 612,Breakfast,0,9,411.2,30.3,27.4,22.4,4.4,Vegetarian;Gluten-Free;High-Protein;Halal
613,Hearty Savory Tofu & Mushroom Teriyaki Bowl Style 613,Dinner,2,20,428.5,21.8,49.5,18.6,3.65,Vegan;Vegetarian;Dairy-Free;Halal
614,Zesty Hearty Lentil & Vegetable Stew Style 614,Dinner,2,44,425.8,14.8,59.5,16.0,2.21,Vegan;Vegetarian;Gluten-Free;Dairy-Free;Halal
615,Hearty Greek Yogurt Berry Nut Bowl Style 615,Breakfast,0,11,386.0,22.0,38.0,18.8,3.61,Vegetarian;Gluten-Free;High-Protein;Halal
616,Fresh Classic Spinach & Mushroom Omelette Style 616,Breakfast,0,23,286.1,13.1,4.4,25.1,1.9,Vegetarian;Keto;Gluten-Free;High-Protein;Halal
617,Smoky Lean Ground Beef Stir-Fry with Brown Rice & Peppers Style 617,Dinner,2,34,664.0,57.7,33.2,35.2,4.83,Gluten-Free;Dairy-Free;High-Protein;Halal
618,Fresh Lean Ground Beef Stir-Fry with Brown Rice & Peppers Style 618,Dinner,2,28,329.1,22.1,40.0,10.9,2.99,Gluten-Free;Dairy-Free;High-Protein;Halal
619,Hearty Avocado & Egg Whole Wheat Toast Style 619,Breakfast,0,5,500.3,11.8,42.2,34.5,2.03,Vegetarian;Halal
620,Rustic Peanut Butter Banana Oatmeal Style 620,Breakfast,0,19,618.1,23.7,82.8,24.5,1.29,Vegan;Vegetarian;Dairy-Free;Halal
621,Golden Greek Yogurt Berry Nut Bowl Style 621,Breakfast,0,10,508.9,30.3,30.5,32.8,4.34,Vegetarian;Gluten-Free;High-Protein;Halal
622,Spicy Avocado & Egg Whole Wheat Toast Style 622,Breakfast,0,9,638.7,23.9,42.9,43.7,2.61,Vegetarian;Halal
623,Fiesta Banana Almond Protein Smoothie Style 623,Snack,3,1,399.6,16.2,49.0,18.1,1.75,Vegetarian;Gluten-Free;Halal
624,Garden-Fresh Savory Tofu & Mushroom Teriyaki Bowl Style 624,Dinner,2,21,487.3,25.0,60.3,19.6,4.33,Vegan;Vegetarian;Dairy-Free;Halal
625,Hearty Banana Almond Protein Smoothie Style 625,Snack,3,13,562.4,27.7,48.4,31.8,2.13,Vegetarian;Gluten-Free;Halal
626,Fiesta Avocado & Egg Whole Wheat Toast Style 626,Breakfast,0,16,638.7,23.9,42.9,43.7,2.61,Vegetarian;Halal
627,Rustic Hearty Lentil & Vegetable Stew Style 627,Dinner,2,41,439.4,16.1,61.4,16.0,2.15,Vegan;Vegetarian;Gluten-Free;Dairy-Free;Halal
628,Crispy Grilled Chicken & Quinoa Harvest Bowl Style 628,Lunch,1,23,685.0,72.5,32.8,28.7,4.53,Gluten-Free;High-Protein;Halal
629,Smoky Garlic Butter Shrimp with Zucchini Noodles & Tomatoes Style 629,Dinner,2,22,617.7,53.3,45.8,25.8,5.84,Keto;Gluten-Free;High-Protein;Low-Carb;Halal
630,Hearty Turkey Avocado BLT Wrap Style 630,Lunch,1,21,833.4,49.4,60.6,47.4,4.78,High-Protein;Halal
631,Roasted Savory Tofu & Mushroom Teriyaki Bowl Style 631,Dinner,2,27,415.5,22.1,46.1,18.7,3.63,Vegan;Vegetarian;Dairy-Free;Halal
632,Fiesta Lean Ground Beef Stir-Fry with Brown Rice & Peppers Style 632,Dinner,2,24,616.4,54.6,28.6,33.3,4.65,Gluten-Free;Dairy-Free;High-Protein;Halal
633,Spicy Apple Slices with Natural Peanut Butter Style 633,Snack,3,12,328.8,10.5,32.8,20.4,1.07,Vegan;Vegetarian;Gluten-Free;Dairy-Free;Halal
634,Herb-Crusted Classic Spinach & Mushroom Omelette Style 634,Breakfast,0,23,313.2,12.5,4.1,28.5,1.81,Vegetarian;Keto;Gluten-Free;High-Protein;Halal
635,Garden-Fresh Classic Spinach & Mushroom Omelette Style 635,Breakfast,0,14,466.5,29.6,5.0,36.8,2.53,Vegetarian;Keto;Gluten-Free;High-Protein;Halal
636,Garden-Fresh Pan-Seared Salmon with Garlic Butter Broccoli & Sweet Potato Style 636,Dinner,2,26,851.7,48.7,55.5,47.7,7.8,Gluten-Free;High-Protein;Halal
637,Garden-Fresh Avocado & Egg Whole Wheat Toast Style 637,Breakfast,0,20,640.5,24.0,43.3,43.7,2.67,Vegetarian;Halal
638,Garden-Fresh High-Protein Tofu Breakfast Scramble Style 638,Breakfast,0,21,337.5,15.0,11.8,27.7,2.77,Vegan;Vegetarian;Gluten-Free;Dairy-Free;High-Protein;Halal
639,Fiesta Strawberries & Dark Chocolate Walnut Cup Style 639,Snack,3,7,225.9,4.5,19.4,16.6,2.12,Vegan;Vegetarian;Gluten-Free;Halal
640,Hearty Peanut Butter Banana Oatmeal Style 640,Breakfast,0,18,660.6,25.5,81.8,29.3,1.37,Vegan;Vegetarian;Dairy-Free;Halal
641,Golden Black Bean Burrito Bowl with Brown Rice Style 641,Lunch,1,28,415.1,15.7,63.0,12.0,2.51,Vegan;Vegetarian;Gluten-Free;Dairy-Free;Halal
642,Rustic Garlic Butter Shrimp with Zucchini Noodles & Tomatoes Style 642,Dinner,2,20,468.0,62.0,14.6,19.4,7.24,Keto;Gluten-Free;High-Protein;Low-Carb;Halal
643,Rustic Black Bean Burrito Bowl with Brown Rice Style 643,Lunch,1,20,473.6,19.4,73.7,12.2,2.65,Vegan;Vegetarian;Gluten-Free;Dairy-Free;Halal
644,Fresh Classic Spinach & Mushroom Omelette Style 644,Breakfast,0,10,523.0,35.2,6.1,40.0,2.97,Vegetarian;Keto;Gluten-Free;High-Protein;Halal
645,Hearty Turkey Avocado BLT Wrap Style 645,Lunch,1,13,814.4,46.6,60.2,46.7,4.58,High-Protein;Halal
646,Crispy Creamy Garlic Parmesan Chicken Fettuccine Style 646,Dinner,2,32,872.6,73.8,29.2,50.1,4.17,High-Protein;Halal
647,Golden Avocado & Egg Whole Wheat Toast Style 647,Breakfast,0,18,497.7,11.5,42.6,34.2,2.08,Vegetarian;Halal
648,Garden-Fresh Peanut Butter Banana Oatmeal Style 648,Breakfast,0,9,491.9,16.6,60.1,23.5,1.44,Vegan;Vegetarian;Dairy-Free;Halal
649,Crispy Apple Slices with Natural Peanut Butter Style 649,Snack,3,13,270.0,8.0,30.8,15.4,0.99,Vegan;Vegetarian;Gluten-Free;Dairy-Free;Halal
650,Spicy High-Protein Tofu Breakfast Scramble Style 650,Breakfast,0,16,341.1,19.7,13.7,25.5,3.06,Vegan;Vegetarian;Gluten-Free;Dairy-Free;High-Protein;Halal
651,Crispy Classic Spinach & Mushroom Omelette Style 651,Breakfast,0,17,351.8,28.8,5.3,24.2,2.36,Vegetarian;Keto;Gluten-Free;High-Protein;Halal
652,Golden Cheddar Cheese & Boiled Egg Power Snack Style 652,Snack,3,18,192.4,11.8,2.4,15.2,0.8,Vegetarian;Keto;Gluten-Free;High-Protein;Halal
653,Smoky Hearty Lentil & Vegetable Stew Style 653,Dinner,2,43,523.1,17.5,69.9,21.1,2.28,Vegan;Vegetarian;Gluten-Free;Dairy-Free;Halal
654,Golden Creamy Garlic Parmesan Chicken Fettuccine Style 654,Dinner,2,29,883.9,72.6,34.4,49.6,4.13,High-Protein;Halal
655,Smoky Hearty Lentil & Vegetable Stew Style 655,Dinner,2,40,527.1,18.1,70.1,21.1,2.26,Vegan;Vegetarian;Gluten-Free;Dairy-Free;Halal
656,Fiesta Tuna Salad Whole Wheat Wrap Style 656,Lunch,1,14,267.2,39.1,18.2,3.9,2.47,High-Protein;Halal
657,Crispy Creamy Garlic Parmesan Chicken Fettuccine Style 657,Dinner,2,29,956.3,71.8,39.0,56.0,4.21,High-Protein;Halal
658,Roasted Banana Almond Protein Smoothie Style 658,Snack,3,2,433.4,19.9,51.7,18.9,2.06,Vegetarian;Gluten-Free;Halal
659,Zesty Cheddar Cheese & Boiled Egg Power Snack Style 659,Snack,3,10,220.2,15.8,2.3,16.4,1.07,Vegetarian;Keto;Gluten-Free;High-Protein;Halal
660,Smoky Black Bean Burrito Bowl with Brown Rice Style 660,Lunch,1,18,374.7,13.9,55.3,11.7,2.1,Vegan;Vegetarian;Gluten-Free;Dairy-Free;Halal
661,Crispy Garlic Butter Shrimp with Zucchini Noodles & Tomatoes Style 661,Dinner,2,27,437.6,59.1,12.1,18.3,7.14,Keto;Gluten-Free;High-Protein;Low-Carb;Halal
662,Crispy Cheddar Cheese & Boiled Egg Power Snack Style 662,Snack,3,16,192.6,11.7,2.6,15.3,0.82,Vegetarian;Keto;Gluten-Free;High-Protein;Halal
663,Zesty Classic Spinach & Mushroom Omelette Style 663,Breakfast,0,19,436.3,30.3,5.9,32.8,2.76,Vegetarian;Keto;Gluten-Free;High-Protein;Halal
664,Crispy Creamy Tomato & Mozzarella Penne Style 664,Lunch,1,24,445.9,20.7,41.1,23.0,2.1,Vegetarian;Halal
665,Savory Lean Ground Beef Stir-Fry with Brown Rice & Peppers Style 665,Dinner,2,35,540.0,45.8,30.9,27.5,4.05,Gluten-Free;Dairy-Free;High-Protein;Halal
666,Golden Pan-Seared Salmon with Garlic Butter Broccoli & Sweet Potato Style 666,Dinner,2,40,849.4,52.5,53.5,46.3,8.33,Gluten-Free;High-Protein;Halal
667,Savory Apple Slices with Natural Peanut Butter Style 667,Snack,3,0,270.0,8.0,30.8,15.4,0.99,Vegan;Vegetarian;Gluten-Free;Dairy-Free;Halal
668,Roasted Peanut Butter Banana Oatmeal Style 668,Breakfast,0,20,603.6,23.3,78.1,25.2,1.38,Vegan;Vegetarian;Dairy-Free;Halal
669,Garden-Fresh Garlic Butter Shrimp with Zucchini Noodles & Tomatoes Style 669,Dinner,2,16,573.4,71.9,15.4,26.4,8.15,Keto;Gluten-Free;High-Protein;Low-Carb;Halal
670,Garden-Fresh Creamy Tomato & Mozzarella Penne Style 670,Lunch,1,25,435.8,19.2,44.5,21.1,2.13,Vegetarian;Halal
671,Hearty Cheddar Cheese & Boiled Egg Power Snack Style 671,Snack,3,5,261.9,18.0,3.1,19.7,1.14,Vegetarian;Keto;Gluten-Free;High-Protein;Halal
672,Crispy Peanut Butter Banana Oatmeal Style 672,Breakfast,0,8,615.1,22.6,91.9,20.2,1.52,Vegan;Vegetarian;Dairy-Free;Halal
673,Crispy Greek Yogurt Berry Nut Bowl Style 673,Breakfast,0,0,438.9,25.1,45.4,20.3,4.18,Vegetarian;Gluten-Free;High-Protein;Halal
674,Savory Black Bean Burrito Bowl with Brown Rice Style 674,Lunch,1,20,402.0,15.6,60.3,11.8,2.41,Vegan;Vegetarian;Gluten-Free;Dairy-Free;Halal
675,Rustic High-Protein Tofu Breakfast Scramble Style 675,Breakfast,0,20,269.6,20.6,15.2,16.5,2.62,Vegan;Vegetarian;Gluten-Free;Dairy-Free;High-Protein;Halal
676,Herb-Crusted High-Protein Tofu Breakfast Scramble Style 676,Breakfast,0,16,383.9,48.7,8.2,16.9,3.51,Vegan;Vegetarian;Gluten-Free;Dairy-Free;High-Protein;Halal
677,Garden-Fresh Grilled Chicken & Quinoa Harvest Bowl Style 677,Lunch,1,27,524.6,51.5,29.7,22.1,3.79,Gluten-Free;High-Protein;Halal
678,Fiesta Turkey Avocado BLT Wrap Style 678,Lunch,1,22,783.7,41.4,60.8,45.3,4.41,High-Protein;Halal
679,Roasted Tuna Salad Whole Wheat Wrap Style 679,Lunch,1,9,450.1,44.6,49.7,8.0,2.76,High-Protein;Halal
680,Fresh Garlic Butter Shrimp with Zucchini Noodles & Tomatoes Style 680,Dinner,2,30,559.5,67.3,16.9,26.3,7.65,Keto;Gluten-Free;High-Protein;Low-Carb;Halal
681,Herb-Crusted Grilled Chicken & Quinoa Harvest Bowl Style 681,Lunch,1,20,501.9,48.2,28.9,21.5,3.63,Gluten-Free;High-Protein;Halal
682,Savory Creamy Tomato & Mozzarella Penne Style 682,Lunch,1,18,491.2,22.8,47.5,24.3,2.15,Vegetarian;Halal
683,Roasted Mediterranean Chickpea & Avocado Salad Style 683,Lunch,1,13,546.9,17.8,58.3,31.4,3.86,Vegan;Vegetarian;Gluten-Free;Dairy-Free;Halal
684,Fiesta Berry Chia Yogurt Parfait Style 684,Breakfast,0,3,506.1,28.0,38.0,30.0,3.93,Vegetarian;Gluten-Free;Halal
685,Crispy Savory Tofu & Mushroom Teriyaki Bowl Style 685,Dinner,2,26,459.5,27.7,47.2,21.5,4.46,Vegan;Vegetarian;Dairy-Free;Halal
686,Golden Pan-Seared Salmon with Garlic Butter Broccoli & Sweet Potato Style 686,Dinner,2,33,584.4,19.1,87.5,20.4,3.2,Gluten-Free;High-Protein;Halal
687,Zesty Garlic Butter Shrimp with Zucchini Noodles & Tomatoes Style 687,Dinner,2,15,389.4,54.6,13.7,14.2,6.65,Keto;Gluten-Free;High-Protein;Low-Carb;Halal
688,Fresh Hearty Lentil & Vegetable Stew Style 688,Dinner,2,35,414.6,16.6,65.5,11.1,2.15,Vegan;Vegetarian;Gluten-Free;Dairy-Free;Halal
689,Savory High-Protein Tofu Breakfast Scramble Style 689,Breakfast,0,10,534.1,19.4,21.0,45.8,3.9,Vegan;Vegetarian;Gluten-Free;Dairy-Free;High-Protein;Halal
690,Fiesta Creamy Tomato & Mozzarella Penne Style 690,Lunch,1,27,506.7,24.2,47.8,25.4,2.42,Vegetarian;Halal
691,Fiesta Lean Ground Beef Stir-Fry with Brown Rice & Peppers Style 691,Dinner,2,28,638.6,56.2,30.5,34.2,4.95,Gluten-Free;Dairy-Free;High-Protein;Halal
692,Hearty Banana Almond Protein Smoothie Style 692,Snack,3,3,496.5,23.1,46.0,27.7,2.07,Vegetarian;Gluten-Free;Halal
693,Spicy Creamy Tomato & Mozzarella Penne Style 693,Lunch,1,20,480.3,22.3,45.5,24.3,2.22,Vegetarian;Halal
694,Fresh Creamy Tomato & Mozzarella Penne Style 694,Lunch,1,22,438.6,19.8,42.4,22.0,2.01,Vegetarian;Halal
695,Fiesta Black Bean Burrito Bowl with Brown Rice Style 695,Lunch,1,20,437.2,17.0,67.2,12.0,2.32,Vegan;Vegetarian;Gluten-Free;Dairy-Free;Halal
696,Herb-Crusted Tuna Salad Whole Wheat Wrap Style 696,Lunch,1,13,435.7,44.0,48.0,7.5,2.91,High-Protein;Halal
697,Rustic Creamy Garlic Parmesan Chicken Fettuccine Style 697,Dinner,2,30,862.8,67.7,34.4,49.6,3.94,High-Protein;Halal
698,Fresh Greek Yogurt Berry Nut Bowl Style 698,Breakfast,0,9,467.4,26.2,42.0,24.8,4.05,Vegetarian;Gluten-Free;High-Protein;Halal
699,Golden Grilled Chicken & Quinoa Harvest Bowl Style 699,Lunch,1,23,796.4,71.9,38.6,41.1,5.72,Gluten-Free;High-Protein;Halal
700,Fiesta Garlic Butter Shrimp with Zucchini Noodles & Tomatoes Style 700,Dinner,2,25,531.4,65.1,15.1,24.9,7.54,Keto;Gluten-Free;High-Protein;Low-Carb;Halal
701,Fiesta Peanut Butter Banana Oatmeal Style 701,Breakfast,0,10,655.6,25.5,82.7,28.2,1.46,Vegan;Vegetarian;Dairy-Free;Halal
702,Rustic Turkey Avocado BLT Wrap Style 702,Lunch,1,22,800.1,44.0,60.7,46.0,4.52,High-Protein;Halal
703,Hearty Hearty Lentil & Vegetable Stew Style 703,Dinner,2,33,482.5,15.0,62.3,21.0,2.12,Vegan;Vegetarian;Gluten-Free;Dairy-Free;Halal
704,Crispy Lean Ground Beef Stir-Fry with Brown Rice & Peppers Style 704,Dinner,2,26,690.2,59.4,36.0,36.2,5.06,Gluten-Free;Dairy-Free;High-Protein;Halal
705,Smoky Apple Slices with Natural Peanut Butter Style 705,Snack,3,-1,328.8,10.5,32.8,20.4,1.07,Vegan;Vegetarian;Gluten-Free;Dairy-Free;Halal
706,Rustic Avocado & Egg Whole Wheat Toast Style 706,Breakfast,0,11,639.6,24.0,43.1,43.7,2.64,Vegetarian;Halal
707,Rustic Berry Chia Yogurt Parfait Style 707,Breakfast,0,11,420.9,23.6,40.1,20.7,3.11,Vegetarian;Gluten-Free;Halal
708,Spicy Classic Spinach & Mushroom Omelette Style 708,Breakfast,0,22,374.4,22.0,4.6,30.3,2.17,Vegetarian;Keto;Gluten-Free;High-Protein;Halal
709,Garden-Fresh Creamy Garlic Parmesan Chicken Fettuccine Style 709,Dinner,2,38,850.2,79.3,43.1,39.1,4.12,High-Protein;Halal
710,Crispy Banana Almond Protein Smoothie Style 710,Snack,3,5,465.0,20.4,52.0,22.5,2.09,Vegetarian;Gluten-Free;Halal
711,Golden Mediterranean Chickpea & Avocado Salad Style 711,Lunch,1,8,335.7,11.2,35.7,18.1,2.29,Vegan;Vegetarian;Gluten-Free;Dairy-Free;Halal
712,Rustic Grilled Chicken & Quinoa Harvest Bowl Style 712,Lunch,1,21,576.2,61.4,30.2,23.1,4.35,Gluten-Free;High-Protein;Halal
713,Crispy Tuna Salad Whole Wheat Wrap Style 713,Lunch,1,5,412.5,18.8,70.4,7.5,1.85,High-Protein;Halal
714,Golden Berry Chia Yogurt Parfait Style 714,Breakfast,0,13,400.3,20.6,28.7,25.1,3.12,Vegetarian;Gluten-Free;Halal
715,Rustic Greek Yogurt Berry Nut Bowl Style 715,Breakfast,0,15,483.9,26.2,46.4,24.8,4.13,Vegetarian;Gluten-Free;High-Protein;Halal
716,Roasted Creamy Tomato & Mozzarella Penne Style 716,Lunch,1,23,719.6,33.1,86.6,28.8,2.04,Vegetarian;Halal
717,Roasted Grilled Chicken & Quinoa Harvest Bowl Style 717,Lunch,1,31,642.4,72.5,31.3,24.6,4.84,Gluten-Free;High-Protein;Halal
718,Fresh Greek Yogurt Berry Nut Bowl Style 718,Breakfast,0,5,450.9,27.0,44.3,21.3,4.08,Vegetarian;Gluten-Free;High-Protein;Halal
719,Golden Black Bean Burrito Bowl with Brown Rice Style 719,Lunch,1,27,399.0,15.4,59.6,11.8,2.18,Vegan;Vegetarian;Gluten-Free;Dairy-Free;Halal
720,Herb-Crusted Mediterranean Chickpea & Avocado Salad Style 720,Lunch,1,14,554.5,13.0,45.0,39.8,3.54,Vegan;Vegetarian;Gluten-Free;Dairy-Free;Halal
721,Fresh Garlic Butter Shrimp with Zucchini Noodles & Tomatoes Style 721,Dinner,2,27,532.2,59.5,12.0,28.7,6.8,Keto;Gluten-Free;High-Protein;Low-Carb;Halal
722,Garden-Fresh Garlic Butter Shrimp with Zucchini Noodles & Tomatoes Style 722,Dinner,2,17,443.9,43.8,16.4,24.3,6.24,Keto;Gluten-Free;High-Protein;Low-Carb;Halal
723,Savory Lean Ground Beef Stir-Fry with Brown Rice & Peppers Style 723,Dinner,2,21,689.4,59.5,35.9,36.1,5.26,Gluten-Free;Dairy-Free;High-Protein;Halal
724,Fresh Turkey Avocado BLT Wrap Style 724,Lunch,1,22,844.2,50.9,61.1,47.8,4.96,High-Protein;Halal
725,Fiesta Berry Chia Yogurt Parfait Style 725,Breakfast,0,10,464.9,25.1,22.7,33.3,3.09,Vegetarian;Gluten-Free;Halal
726,Hearty Peanut Butter Banana Oatmeal Style 726,Breakfast,0,19,627.0,24.2,78.6,27.3,1.39,Vegan;Vegetarian;Dairy-Free;Halal
727,Crispy Apple Slices with Natural Peanut Butter Style 727,Snack,3,-2,270.0,8.0,30.8,15.4,0.99,Vegan;Vegetarian;Gluten-Free;Dairy-Free;Halal
728,Golden Creamy Tomato & Mozzarella Penne Style 728,Lunch,1,16,900.0,25.0,64.0,66.2,4.62,Vegetarian;Halal
729,Fresh Strawberries & Dark Chocolate Walnut Cup Style 729,Snack,3,10,297.8,5.5,30.5,19.9,2.97,Vegan;Vegetarian;Gluten-Free;Halal
730,Rustic Black Bean Burrito Bowl with Brown Rice Style 730,Lunch,1,28,431.8,17.5,65.6,12.0,2.44,Vegan;Vegetarian;Gluten-Free;Dairy-Free;Halal
731,Smoky Classic Spinach & Mushroom Omelette Style 731,Breakfast,0,13,518.2,36.3,6.2,39.1,2.95,Vegetarian;Keto;Gluten-Free;High-Protein;Halal
732,Crispy Peanut Butter Banana Oatmeal Style 732,Breakfast,0,17,609.8,23.6,78.6,25.5,1.42,Vegan;Vegetarian;Dairy-Free;Halal
733,Crispy Savory Tofu & Mushroom Teriyaki Bowl Style 733,Dinner,2,30,433.0,24.6,46.0,19.9,4.03,Vegan;Vegetarian;Dairy-Free;Halal
734,Roasted Garlic Butter Shrimp with Zucchini Noodles & Tomatoes Style 734,Dinner,2,24,534.8,63.5,15.1,25.9,7.07,Keto;Gluten-Free;High-Protein;Low-Carb;Halal
735,Roasted Classic Spinach & Mushroom Omelette Style 735,Breakfast,0,23,451.0,28.9,5.7,35.2,2.68,Vegetarian;Keto;Gluten-Free;High-Protein;Halal
736,Crispy Lean Ground Beef Stir-Fry with Brown Rice & Peppers Style 736,Dinner,2,33,514.8,44.2,28.3,26.5,3.93,Gluten-Free;Dairy-Free;High-Protein;Halal
737,Golden Classic Spinach & Mushroom Omelette Style 737,Breakfast,0,22,445.1,29.9,5.6,34.3,2.61,Vegetarian;Keto;Gluten-Free;High-Protein;Halal
738,Roasted Savory Tofu & Mushroom Teriyaki Bowl Style 738,Dinner,2,30,498.6,28.5,53.3,22.3,4.18,Vegan;Vegetarian;Dairy-Free;Halal
739,Rustic High-Protein Tofu Breakfast Scramble Style 739,Breakfast,0,17,282.9,13.5,11.5,22.1,2.33,Vegan;Vegetarian;Gluten-Free;Dairy-Free;High-Protein;Halal
740,Spicy Berry Chia Yogurt Parfait Style 740,Breakfast,0,2,529.9,27.0,23.3,39.9,3.46,Vegetarian;Gluten-Free;Halal
741,Garden-Fresh Classic Spinach & Mushroom Omelette Style 741,Breakfast,0,13,393.1,30.1,5.8,28.2,2.65,Vegetarian;Keto;Gluten-Free;High-Protein;Halal
742,Fiesta Banana Almond Protein Smoothie Style 742,Snack,3,1,481.6,21.1,53.5,23.4,2.16,Vegetarian;Gluten-Free;Halal
743,Crispy Turkey Avocado BLT Wrap Style 743,Lunch,1,15,876.4,54.8,62.9,48.7,4.88,High-Protein;Halal
744,Crispy Turkey Avocado BLT Wrap Style 744,Lunch,1,24,857.8,53.4,60.3,48.5,4.98,High-Protein;Halal
745,Smoky Hearty Lentil & Vegetable Stew Style 745,Dinner,2,34,430.4,14.7,60.5,16.0,2.1,Vegan;Vegetarian;Gluten-Free;Dairy-Free;Halal
746,Roasted High-Protein Tofu Breakfast Scramble Style 746,Breakfast,0,15,293.6,15.1,10.8,23.1,2.47,Vegan;Vegetarian;Gluten-Free;Dairy-Free;High-Protein;Halal
747,Fiesta Apple Slices with Natural Peanut Butter Style 747,Snack,3,2,328.8,10.5,32.8,20.4,1.07,Vegan;Vegetarian;Gluten-Free;Dairy-Free;Halal
748,Herb-Crusted High-Protein Tofu Breakfast Scramble Style 748,Breakfast,0,14,325.0,18.2,13.0,24.6,2.94,Vegan;Vegetarian;Gluten-Free;Dairy-Free;High-Protein;Halal
749,Zesty Apple Slices with Natural Peanut Butter Style 749,Snack,3,10,328.8,10.5,32.8,20.4,1.07,Vegan;Vegetarian;Gluten-Free;Dairy-Free;Halal
750,Fresh Hearty Lentil & Vegetable Stew Style 750,Dinner,2,35,504.6,18.9,74.8,16.2,2.39,Vegan;Vegetarian;Gluten-Free;Dairy-Free;Halal
751,Spicy Garlic Butter Shrimp with Zucchini Noodles & Tomatoes Style 751,Dinner,2,21,509.8,55.0,20.2,24.8,6.41,Keto;Gluten-Free;High-Protein;Low-Carb;Halal
752,Spicy Turkey Avocado BLT Wrap Style 752,Lunch,1,17,836.5,49.6,61.2,47.5,4.92,High-Protein;Halal
753,Golden Grilled Chicken & Quinoa Harvest Bowl Style 753,Lunch,1,22,552.8,66.7,27.7,18.7,4.33,Gluten-Free;High-Protein;Halal
754,Spicy Greek Yogurt Berry Nut Bowl Style 754,Breakfast,0,7,476.2,27.6,41.1,25.5,4.0,Vegetarian;Gluten-Free;High-Protein;Halal
755,Garden-Fresh Mediterranean Chickpea & Avocado Salad Style 755,Lunch,1,9,610.4,16.2,54.4,40.7,3.83,Vegan;Vegetarian;Gluten-Free;Dairy-Free;Halal
756,Roasted High-Protein Tofu Breakfast Scramble Style 756,Breakfast,0,12,366.0,13.5,40.2,18.6,2.01,Vegan;Vegetarian;Gluten-Free;Dairy-Free;High-Protein;Halal
757,Spicy Grilled Chicken & Quinoa Harvest Bowl Style 757,Lunch,1,33,506.2,50.9,26.4,21.8,3.67,Gluten-Free;High-Protein;Halal
758,Garden-Fresh Peanut Butter Banana Oatmeal Style 758,Breakfast,0,5,737.2,29.0,93.1,31.4,1.51,Vegan;Vegetarian;Dairy-Free;Halal
759,Smoky Tuna Salad Whole Wheat Wrap Style 759,Lunch,1,12,429.9,41.8,48.2,7.7,2.78,High-Protein;Halal
760,Rustic Creamy Tomato & Mozzarella Penne Style 760,Lunch,1,30,414.9,23.8,47.3,15.4,2.19,Vegetarian;Halal
761,Herb-Crusted Berry Chia Yogurt Parfait Style 761,Breakfast,0,5,424.3,20.1,36.4,24.9,3.13,Vegetarian;Gluten-Free;Halal
762,Smoky Grilled Chicken & Quinoa Harvest Bowl Style 762,Lunch,1,26,511.9,51.2,27.3,21.9,3.73,Gluten-Free;High-Protein;Halal
763,Fiesta Apple Slices with Natural Peanut Butter Style 763,Snack,3,3,270.0,8.0,30.8,15.4,0.99,Vegan;Vegetarian;Gluten-Free;Dairy-Free;Halal
764,Fresh Berry Chia Yogurt Parfait Style 764,Breakfast,0,8,462.5,25.6,34.2,27.6,3.5,Vegetarian;Gluten-Free;Halal
765,Rustic Mediterranean Chickpea & Avocado Salad Style 765,Lunch,1,21,591.5,15.1,51.3,40.4,3.72,Vegan;Vegetarian;Gluten-Free;Dairy-Free;Halal
766,Crispy Black Bean Burrito Bowl with Brown Rice Style 766,Lunch,1,19,425.6,16.5,65.0,11.9,2.23,Vegan;Vegetarian;Gluten-Free;Dairy-Free;Halal
767,Smoky Creamy Garlic Parmesan Chicken Fettuccine Style 767,Dinner,2,37,841.8,67.0,39.7,45.3,3.82,High-Protein;Halal
768,Roasted Creamy Tomato & Mozzarella Penne Style 768,Lunch,1,30,470.3,10.0,43.1,29.5,1.86,Vegetarian;Halal
769,Spicy Apple Slices with Natural Peanut Butter Style 769,Snack,3,10,358.2,11.8,33.8,22.9,1.11,Vegan;Vegetarian;Gluten-Free;Dairy-Free;Halal
770,Hearty Hearty Lentil & Vegetable Stew Style 770,Dinner,2,33,435.5,14.8,61.6,16.0,2.11,Vegan;Vegetarian;Gluten-Free;Dairy-Free;Halal
771,Herb-Crusted Hearty Lentil & Vegetable Stew Style 771,Dinner,2,32,515.9,19.5,77.1,16.2,2.44,Vegan;Vegetarian;Gluten-Free;Dairy-Free;Halal
772,Hearty Creamy Garlic Parmesan Chicken Fettuccine Style 772,Dinner,2,36,842.0,33.0,69.0,49.9,2.74,High-Protein;Halal
773,Garden-Fresh Creamy Garlic Parmesan Chicken Fettuccine Style 773,Dinner,2,33,958.0,87.1,31.2,52.4,4.82,High-Protein;Halal
774,Garden-Fresh Banana Almond Protein Smoothie Style 774,Snack,3,1,426.9,18.9,50.2,19.5,1.96,Vegetarian;Gluten-Free;Halal
775,Golden Garlic Butter Shrimp with Zucchini Noodles & Tomatoes Style 775,Dinner,2,25,519.9,51.2,14.3,30.1,5.98,Keto;Gluten-Free;High-Protein;Low-Carb;Halal
776,Savory Cheddar Cheese & Boiled Egg Power Snack Style 776,Snack,3,8,244.1,16.8,3.6,18.1,1.16,Vegetarian;Keto;Gluten-Free;High-Protein;Halal
777,Savory Garlic Butter Shrimp with Zucchini Noodles & Tomatoes Style 777,Dinner,2,29,485.7,62.7,15.2,20.8,7.25,Keto;Gluten-Free;High-Protein;Low-Carb;Halal
778,Garden-Fresh Creamy Garlic Parmesan Chicken Fettuccine Style 778,Dinner,2,38,824.6,66.9,32.5,46.5,3.84,High-Protein;Halal
779,Crispy Classic Spinach & Mushroom Omelette Style 779,Breakfast,0,18,412.8,28.6,5.3,31.1,2.54,Vegetarian;Keto;Gluten-Free;High-Protein;Halal
780,Fresh Mediterranean Chickpea & Avocado Salad Style 780,Lunch,1,11,608.2,16.1,54.0,40.7,3.76,Vegan;Vegetarian;Gluten-Free;Dairy-Free;Halal
781,Smoky Grilled Chicken & Quinoa Harvest Bowl Style 781,Lunch,1,30,574.6,51.3,30.6,27.0,3.62,Gluten-Free;High-Protein;Halal
782,Hearty Creamy Tomato & Mozzarella Penne Style 782,Lunch,1,15,444.9,20.2,43.6,22.1,2.16,Vegetarian;Halal
783,Spicy High-Protein Tofu Breakfast Scramble Style 783,Breakfast,0,24,392.6,16.1,38.3,21.0,2.08,Vegan;Vegetarian;Gluten-Free;Dairy-Free;High-Protein;Halal
784,Hearty Pan-Seared Salmon with Garlic Butter Broccoli & Sweet Potato Style 784,Dinner,2,28,689.3,42.0,50.8,35.2,6.95,Gluten-Free;High-Protein;Halal
785,Smoky Berry Chia Yogurt Parfait Style 785,Breakfast,0,6,464.4,22.5,35.4,29.0,3.66,Vegetarian;Gluten-Free;Halal
786,Smoky Avocado & Egg Whole Wheat Toast Style 786,Breakfast,0,18,637.8,23.9,42.7,43.7,2.58,Vegetarian;Halal
787,Savory Pan-Seared Salmon with Garlic Butter Broccoli & Sweet Potato Style 787,Dinner,2,27,806.8,46.2,62.5,41.2,7.63,Gluten-Free;High-Protein;Halal
788,Fiesta Cheddar Cheese & Boiled Egg Power Snack Style 788,Snack,3,13,279.8,19.1,2.7,21.3,1.12,Vegetarian;Keto;Gluten-Free;High-Protein;Halal
789,Herb-Crusted Greek Yogurt Berry Nut Bowl Style 789,Breakfast,0,1,459.6,29.5,36.5,24.5,4.01,Vegetarian;Gluten-Free;High-Protein;Halal
790,Fresh Greek Yogurt Berry Nut Bowl Style 790,Breakfast,0,4,550.5,33.2,57.6,24.5,3.92,Vegetarian;Gluten-Free;High-Protein;Halal
791,Herb-Crusted Strawberries & Dark Chocolate Walnut Cup Style 791,Snack,3,10,739.3,11.3,38.5,66.9,3.32,Vegan;Vegetarian;Gluten-Free;Halal
792,Fresh Tuna Salad Whole Wheat Wrap Style 792,Lunch,1,18,419.5,40.1,48.3,7.4,2.75,High-Protein;Halal
793,Roasted Greek Yogurt Berry Nut Bowl Style 793,Breakfast,0,2,398.8,24.1,36.8,19.8,3.98,Vegetarian;Gluten-Free;High-Protein;Halal
794,Savory Lean Ground Beef Stir-Fry with Brown Rice & Peppers Style 794,Dinner,2,20,535.8,43.8,35.2,25.9,4.18,Gluten-Free;Dairy-Free;High-Protein;Halal
795,Spicy Black Bean Burrito Bowl with Brown Rice Style 795,Lunch,1,30,425.2,16.3,65.0,12.0,2.27,Vegan;Vegetarian;Gluten-Free;Dairy-Free;Halal
796,Garden-Fresh Hearty Lentil & Vegetable Stew Style 796,Dinner,2,42,461.9,17.5,65.6,16.1,2.23,Vegan;Vegetarian;Gluten-Free;Dairy-Free;Halal
797,Fresh Black Bean Burrito Bowl with Brown Rice Style 797,Lunch,1,23,364.8,13.4,53.5,11.6,2.06,Vegan;Vegetarian;Gluten-Free;Dairy-Free;Halal
798,Golden High-Protein Tofu Breakfast Scramble Style 798,Breakfast,0,22,352.2,16.7,11.5,28.8,2.84,Vegan;Vegetarian;Gluten-Free;Dairy-Free;High-Protein;Halal
799,Zesty Cheddar Cheese & Boiled Egg Power Snack Style 799,Snack,3,10,279.8,19.1,2.7,21.3,1.12,Vegetarian;Keto;Gluten-Free;High-Protein;Halal
800,Crispy Berry Chia Yogurt Parfait Style 800,Breakfast,0,12,436.6,22.7,33.9,26.1,3.42,Vegetarian;Gluten-Free;Halal
801,Hearty Creamy Garlic Parmesan Chicken Fettuccine Style 801,Dinner,2,35,1106.2,85.7,61.3,57.2,4.3,High-Protein;Halal
802,Smoky Hearty Lentil & Vegetable Stew Style 802,Dinner,2,34,463.8,16.6,66.8,16.1,2.18,Vegan;Vegetarian;Gluten-Free;Dairy-Free;Halal
803,Hearty Peanut Butter Banana Oatmeal Style 803,Breakfast,0,7,567.9,21.8,92.5,14.6,1.44,Vegan;Vegetarian;Dairy-Free;Halal
804,Herb-Crusted Garlic Butter Shrimp with Zucchini Noodles & Tomatoes Style 804,Dinner,2,26,513.1,50.9,16.6,29.0,7.03,Keto;Gluten-Free;High-Protein;Low-Carb;Halal
805,Fresh Garlic Butter Shrimp with Zucchini Noodles & Tomatoes Style 805,Dinner,2,20,539.6,68.5,13.7,24.9,7.89,Keto;Gluten-Free;High-Protein;Low-Carb;Halal
806,Herb-Crusted Turkey Avocado BLT Wrap Style 806,Lunch,1,18,887.4,43.5,85.7,45.9,4.43,High-Protein;Halal
807,Crispy Greek Yogurt Berry Nut Bowl Style 807,Breakfast,0,2,462.8,26.6,41.8,24.4,4.08,Vegetarian;Gluten-Free;High-Protein;Halal
808,Garden-Fresh Tuna Salad Whole Wheat Wrap Style 808,Lunch,1,9,520.0,48.1,64.9,8.2,3.19,High-Protein;Halal
809,Herb-Crusted Hearty Lentil & Vegetable Stew Style 809,Dinner,2,32,409.3,18.2,85.8,1.2,2.33,Vegan;Vegetarian;Gluten-Free;Dairy-Free;Halal
810,Rustic Mediterranean Chickpea & Avocado Salad Style 810,Lunch,1,7,623.2,14.0,60.9,39.8,3.44,Vegan;Vegetarian;Gluten-Free;Dairy-Free;Halal
811,Savory Cheddar Cheese & Boiled Egg Power Snack Style 811,Snack,3,10,243.3,16.8,3.4,18.1,1.13,Vegetarian;Keto;Gluten-Free;High-Protein;Halal
812,Spicy Strawberries & Dark Chocolate Walnut Cup Style 812,Snack,3,1,222.7,4.5,18.6,16.6,1.97,Vegan;Vegetarian;Gluten-Free;Halal
813,Rustic Creamy Tomato & Mozzarella Penne Style 813,Lunch,1,24,521.9,24.1,49.1,26.3,2.49,Vegetarian;Halal
814,Roasted Mediterranean Chickpea & Avocado Salad Style 814,Lunch,1,20,558.9,13.2,46.1,39.8,3.69,Vegan;Vegetarian;Gluten-Free;Dairy-Free;Halal
815,Zesty Lean Ground Beef Stir-Fry with Brown Rice & Peppers Style 815,Dinner,2,33,653.7,55.5,36.4,33.6,4.79,Gluten-Free;Dairy-Free;High-Protein;Halal
816,Rustic Strawberries & Dark Chocolate Walnut Cup Style 816,Snack,3,6,233.9,4.7,21.3,16.7,2.5,Vegan;Vegetarian;Gluten-Free;Halal
817,Spicy Apple Slices with Natural Peanut Butter Style 817,Snack,3,13,299.4,9.3,31.8,17.9,1.03,Vegan;Vegetarian;Gluten-Free;Dairy-Free;Halal
818,Fresh Savory Tofu & Mushroom Teriyaki Bowl Style 818,Dinner,2,23,481.8,28.7,49.6,22.4,4.43,Vegan;Vegetarian;Dairy-Free;Halal
819,Savory Apple Slices with Natural Peanut Butter Style 819,Snack,3,11,328.8,10.5,32.8,20.4,1.07,Vegan;Vegetarian;Gluten-Free;Dairy-Free;Halal
820,Garden-Fresh Pan-Seared Salmon with Garlic Butter Broccoli & Sweet Potato Style 820,Dinner,2,38,869.4,52.9,49.5,50.4,8.43,Gluten-Free;High-Protein;Halal
821,Zesty Strawberries & Dark Chocolate Walnut Cup Style 821,Snack,3,-1,133.6,0.7,35.4,0.3,1.69,Vegan;Vegetarian;Gluten-Free;Halal
822,Rustic Creamy Garlic Parmesan Chicken Fettuccine Style 822,Dinner,2,33,898.2,82.2,39.8,44.1,4.53,High-Protein;Halal
823,Hearty Berry Chia Yogurt Parfait Style 823,Breakfast,0,5,491.9,25.5,36.1,30.4,3.83,Vegetarian;Gluten-Free;Halal
824,Savory Hearty Lentil & Vegetable Stew Style 824,Dinner,2,42,417.8,15.7,67.3,11.0,2.08,Vegan;Vegetarian;Gluten-Free;Dairy-Free;Halal
825,Fresh Creamy Tomato & Mozzarella Penne Style 825,Lunch,1,26,447.6,20.6,41.6,23.1,2.04,Vegetarian;Halal
826,Herb-Crusted Berry Chia Yogurt Parfait Style 826,Breakfast,0,5,445.4,22.5,36.5,26.1,3.18,Vegetarian;Gluten-Free;Halal
827,Fresh Pan-Seared Salmon with Garlic Butter Broccoli & Sweet Potato Style 827,Dinner,2,36,797.2,50.6,44.2,45.4,7.37,Gluten-Free;High-Protein;Halal
828,Herb-Crusted Pan-Seared Salmon with Garlic Butter Broccoli & Sweet Potato Style 828,Dinner,2,27,894.2,56.2,47.8,52.4,8.84,Gluten-Free;High-Protein;Halal
829,Hearty Creamy Tomato & Mozzarella Penne Style 829,Lunch,1,22,450.8,21.4,39.5,24.0,2.08,Vegetarian;Halal
830,Hearty Mediterranean Chickpea & Avocado Salad Style 830,Lunch,1,21,628.0,14.7,49.9,45.3,3.71,Vegan;Vegetarian;Gluten-Free;Dairy-Free;Halal
831,Roasted Lean Ground Beef Stir-Fry with Brown Rice & Peppers Style 831,Dinner,2,32,633.6,54.1,34.9,32.7,4.72,Gluten-Free;Dairy-Free;High-Protein;Halal
832,Garden-Fresh Tuna Salad Whole Wheat Wrap Style 832,Lunch,1,12,458.9,48.3,48.3,7.9,3.15,High-Protein;Halal
833,Roasted Creamy Tomato & Mozzarella Penne Style 833,Lunch,1,19,443.6,19.9,43.5,22.2,2.19,Vegetarian;Halal
834,Smoky Peanut Butter Banana Oatmeal Style 834,Breakfast,0,19,600.0,26.2,69.3,26.3,1.68,Vegan;Vegetarian;Dairy-Free;Halal
835,Fresh Tuna Salad Whole Wheat Wrap Style 835,Lunch,1,5,453.2,47.8,48.0,7.6,3.08,High-Protein;Halal
836,Spicy Savory Tofu & Mushroom Teriyaki Bowl Style 836,Dinner,2,28,435.7,25.4,44.4,20.8,4.05,Vegan;Vegetarian;Dairy-Free;Halal
837,Garden-Fresh Classic Spinach & Mushroom Omelette Style 837,Breakfast,0,19,435.2,30.1,5.7,32.8,2.7,Vegetarian;Keto;Gluten-Free;High-Protein;Halal
838,Garden-Fresh Savory Tofu & Mushroom Teriyaki Bowl Style 838,Dinner,2,30,455.1,27.6,45.5,21.5,4.32,Vegan;Vegetarian;Dairy-Free;Halal
839,Fresh Classic Spinach & Mushroom Omelette Style 839,Breakfast,0,15,336.1,28.2,5.9,22.6,2.53,Vegetarian;Keto;Gluten-Free;High-Protein;Halal
840,Hearty Grilled Chicken & Quinoa Harvest Bowl Style 840,Lunch,1,30,641.8,78.0,35.3,20.3,5.26,Gluten-Free;High-Protein;Halal
841,Savory Avocado & Egg Whole Wheat Toast Style 841,Breakfast,0,9,639.6,24.0,43.1,43.7,2.64,Vegetarian;Halal
842,Herb-Crusted Creamy Tomato & Mozzarella Penne Style 842,Lunch,1,22,447.9,21.8,36.4,25.0,2.12,Vegetarian;Halal
843,Fiesta Turkey Avocado BLT Wrap Style 843,Lunch,1,11,856.0,53.3,60.0,48.4,4.92,High-Protein;Halal
844,Golden Strawberries & Dark Chocolate Walnut Cup Style 844,Snack,3,8,132.0,0.7,35.0,0.2,1.62,Vegan;Vegetarian;Gluten-Free;Halal
845,Smoky Classic Spinach & Mushroom Omelette Style 845,Breakfast,0,15,558.8,35.2,6.1,44.1,3.04,Vegetarian;Keto;Gluten-Free;High-Protein;Halal
846,Hearty Savory Tofu & Mushroom Teriyaki Bowl Style 846,Dinner,2,25,469.4,28.8,44.9,22.9,4.34,Vegan;Vegetarian;Dairy-Free;Halal
847,Herb-Crusted Garlic Butter Shrimp with Zucchini Noodles & Tomatoes Style 847,Dinner,2,18,661.2,71.9,28.2,30.3,7.83,Keto;Gluten-Free;High-Protein;Low-Carb;Halal
848,Fiesta Turkey Avocado BLT Wrap Style 848,Lunch,1,24,800.1,44.0,60.7,46.0,4.52,High-Protein;Halal
849,Roasted Strawberries & Dark Chocolate Walnut Cup Style 849,Snack,3,1,296.1,6.2,21.9,23.2,2.54,Vegan;Vegetarian;Gluten-Free;Halal
850,Hearty Creamy Tomato & Mozzarella Penne Style 850,Lunch,1,30,483.6,23.7,40.8,26.2,2.21,Vegetarian;Halal
851,Garden-Fresh Strawberries & Dark Chocolate Walnut Cup Style 851,Snack,3,11,291.8,7.9,15.0,24.9,2.4,Vegan;Vegetarian;Gluten-Free;Halal
852,Fiesta Savory Tofu & Mushroom Teriyaki Bowl Style 852,Dinner,2,23,491.1,24.6,77.1,11.7,3.03,Vegan;Vegetarian;Dairy-Free;Halal
853,Roasted Creamy Tomato & Mozzarella Penne Style 853,Lunch,1,17,427.5,19.3,36.1,24.2,2.27,Vegetarian;Halal
854,Fresh Black Bean Burrito Bowl with Brown Rice Style 854,Lunch,1,27,432.7,17.4,65.8,12.0,2.27,Vegan;Vegetarian;Gluten-Free;Dairy-Free;Halal
855,Golden Grilled Chicken & Quinoa Harvest Bowl Style 855,Lunch,1,26,625.9,72.9,26.2,24.4,4.85,Gluten-Free;High-Protein;Halal
856,Spicy Peanut Butter Banana Oatmeal Style 856,Breakfast,0,6,743.8,26.0,90.7,34.0,1.46,Vegan;Vegetarian;Dairy-Free;Halal
857,Hearty Pan-Seared Salmon with Garlic Butter Broccoli & Sweet Potato Style 857,Dinner,2,32,770.3,53.4,19.5,52.2,8.67,Gluten-Free;High-Protein;Halal
858,Crispy Turkey Avocado BLT Wrap Style 858,Lunch,1,19,784.8,41.5,61.1,45.3,4.43,High-Protein;Halal
859,Fiesta Grilled Chicken & Quinoa Harvest Bowl Style 859,Lunch,1,35,609.4,68.9,28.6,23.9,4.63,Gluten-Free;High-Protein;Halal
860,Fresh Tuna Salad Whole Wheat Wrap Style 860,Lunch,1,7,394.6,34.9,47.9,7.2,2.44,High-Protein;Halal
861,Savory Cheddar Cheese & Boiled Egg Power Snack Style 861,Snack,3,11,129.5,11.7,4.4,7.4,1.0,Vegetarian;Keto;Gluten-Free;High-Protein;Halal
862,Garden-Fresh Strawberries & Dark Chocolate Walnut Cup Style 862,Snack,3,2,293.4,7.9,15.3,24.9,2.48,Vegan;Vegetarian;Gluten-Free;Halal
863,Crispy Peanut Butter Banana Oatmeal Style 863,Breakfast,0,20,525.6,19.3,61.1,25.7,1.92,Vegan;Vegetarian;Dairy-Free;Halal
864,Savory Peanut Butter Banana Oatmeal Style 864,Breakfast,0,19,672.6,26.6,77.9,32.1,1.39,Vegan;Vegetarian;Dairy-Free;Halal
865,Spicy High-Protein Tofu Breakfast Scramble Style 865,Breakfast,0,10,312.1,17.4,10.8,24.5,2.66,Vegan;Vegetarian;Gluten-Free;Dairy-Free;High-Protein;Halal
866,Golden High-Protein Tofu Breakfast Scramble Style 866,Breakfast,0,19,292.9,23.1,16.0,18.0,2.82,Vegan;Vegetarian;Gluten-Free;Dairy-Free;High-Protein;Halal
867,Savory Garlic Butter Shrimp with Zucchini Noodles & Tomatoes Style 867,Dinner,2,24,456.7,55.5,15.2,20.7,6.56,Keto;Gluten-Free;High-Protein;Low-Carb;Halal
868,Herb-Crusted Savory Tofu & Mushroom Teriyaki Bowl Style 868,Dinner,2,21,449.0,21.9,53.7,18.9,3.34,Vegan;Vegetarian;Dairy-Free;Halal
869,Savory High-Protein Tofu Breakfast Scramble Style 869,Breakfast,0,17,275.4,17.7,11.4,19.7,2.6,Vegan;Vegetarian;Gluten-Free;Dairy-Free;High-Protein;Halal
870,Zesty Cheddar Cheese & Boiled Egg Power Snack Style 870,Snack,3,15,202.3,14.3,3.1,14.8,0.98,Vegetarian;Keto;Gluten-Free;High-Protein;Halal
871,Fiesta Black Bean Burrito Bowl with Brown Rice Style 871,Lunch,1,29,429.5,17.0,65.5,12.0,2.52,Vegan;Vegetarian;Gluten-Free;Dairy-Free;Halal
872,Herb-Crusted Hearty Lentil & Vegetable Stew Style 872,Dinner,2,30,429.1,16.5,58.9,16.1,2.53,Vegan;Vegetarian;Gluten-Free;Dairy-Free;Halal
873,Smoky Lean Ground Beef Stir-Fry with Brown Rice & Peppers Style 873,Dinner,2,26,532.6,46.8,26.3,28.2,4.2,Gluten-Free;Dairy-Free;High-Protein;Halal
874,Crispy Pan-Seared Salmon with Garlic Butter Broccoli & Sweet Potato Style 874,Dinner,2,29,902.4,55.5,50.2,52.3,8.71,Gluten-Free;High-Protein;Halal
875,Hearty Garlic Butter Shrimp with Zucchini Noodles & Tomatoes Style 875,Dinner,2,29,525.0,58.0,17.7,26.3,6.87,Keto;Gluten-Free;High-Protein;Low-Carb;Halal
876,Smoky Savory Tofu & Mushroom Teriyaki Bowl Style 876,Dinner,2,33,467.2,27.3,47.5,22.0,4.1,Vegan;Vegetarian;Dairy-Free;Halal
877,Hearty Greek Yogurt Berry Nut Bowl Style 877,Breakfast,0,6,493.7,17.8,34.4,33.8,3.66,Vegetarian;Gluten-Free;High-Protein;Halal
878,Fresh Pan-Seared Salmon with Garlic Butter Broccoli & Sweet Potato Style 878,Dinner,2,31,801.0,50.5,46.8,45.0,8.05,Gluten-Free;High-Protein;Halal
879,Crispy High-Protein Tofu Breakfast Scramble Style 879,Breakfast,0,11,302.5,15.6,12.0,23.3,2.61,Vegan;Vegetarian;Gluten-Free;Dairy-Free;High-Protein;Halal
880,Savory Strawberries & Dark Chocolate Walnut Cup Style 880,Snack,3,0,230.7,4.6,20.5,16.6,2.34,Vegan;Vegetarian;Gluten-Free;Halal
881,Savory Creamy Tomato & Mozzarella Penne Style 881,Lunch,1,25,438.0,19.9,42.4,22.2,2.27,Vegetarian;Halal
882,Spicy Apple Slices with Natural Peanut Butter Style 882,Snack,3,1,328.8,10.5,32.8,20.4,1.07,Vegan;Vegetarian;Gluten-Free;Dairy-Free;Halal
883,Herb-Crusted Savory Tofu & Mushroom Teriyaki Bowl Style 883,Dinner,2,28,449.4,28.1,41.3,22.5,4.19,Vegan;Vegetarian;Dairy-Free;Halal
884,Savory Mediterranean Chickpea & Avocado Salad Style 884,Lunch,1,12,556.5,15.7,52.6,35.6,3.6,Vegan;Vegetarian;Gluten-Free;Dairy-Free;Halal
885,Fresh Classic Spinach & Mushroom Omelette Style 885,Breakfast,0,25,454.4,29.3,6.2,35.3,2.85,Vegetarian;Keto;Gluten-Free;High-Protein;Halal
886,Fresh Strawberries & Dark Chocolate Walnut Cup Style 886,Snack,3,4,255.4,5.2,19.3,19.8,2.07,Vegan;Vegetarian;Gluten-Free;Halal
887,Fresh High-Protein Tofu Breakfast Scramble Style 887,Breakfast,0,20,341.5,15.3,11.6,28.1,2.58,Vegan;Vegetarian;Gluten-Free;Dairy-Free;High-Protein;Halal
888,Garden-Fresh Black Bean Burrito Bowl with Brown Rice Style 888,Lunch,1,20,454.1,18.2,70.3,12.1,2.5,Vegan;Vegetarian;Gluten-Free;Dairy-Free;Halal
889,Rustic Turkey Avocado BLT Wrap Style 889,Lunch,1,24,720.7,46.1,44.8,43.0,4.46,High-Protein;Halal
890,Golden Lean Ground Beef Stir-Fry with Brown Rice & Peppers Style 890,Dinner,2,20,649.3,40.9,35.0,40.0,4.08,Gluten-Free;Dairy-Free;High-Protein;Halal
891,Crispy Black Bean Burrito Bowl with Brown Rice Style 891,Lunch,1,28,383.1,14.1,57.1,11.8,2.16,Vegan;Vegetarian;Gluten-Free;Dairy-Free;Halal
892,Garden-Fresh Lean Ground Beef Stir-Fry with Brown Rice & Peppers Style 892,Dinner,2,22,600.9,49.3,38.3,29.4,4.51,Gluten-Free;Dairy-Free;High-Protein;Halal
893,Golden Strawberries & Dark Chocolate Walnut Cup Style 893,Snack,3,1,285.7,9.1,17.0,23.2,2.26,Vegan;Vegetarian;Gluten-Free;Halal
894,Golden Berry Chia Yogurt Parfait Style 894,Breakfast,0,10,364.4,19.4,28.2,21.6,3.05,Vegetarian;Gluten-Free;Halal
895,Savory Banana Almond Protein Smoothie Style 895,Snack,3,3,461.0,21.2,52.5,21.4,2.16,Vegetarian;Gluten-Free;Halal
896,Savory Banana Almond Protein Smoothie Style 896,Snack,3,2,462.5,20.8,51.4,22.4,2.11,Vegetarian;Gluten-Free;Halal
897,Crispy Classic Spinach & Mushroom Omelette Style 897,Breakfast,0,25,408.4,27.9,4.6,31.1,2.29,Vegetarian;Keto;Gluten-Free;High-Protein;Halal
898,Garden-Fresh Grilled Chicken & Quinoa Harvest Bowl Style 898,Lunch,1,22,667.7,75.3,35.2,23.8,4.49,Gluten-Free;High-Protein;Halal
899,Hearty Berry Chia Yogurt Parfait Style 899,Breakfast,0,6,402.2,21.5,33.8,22.7,3.43,Vegetarian;Gluten-Free;Halal
900,Golden Berry Chia Yogurt Parfait Style 900,Breakfast,0,9,485.8,26.6,38.3,28.1,3.57,Vegetarian;Gluten-Free;Halal
901,Crispy Grilled Chicken & Quinoa Harvest Bowl Style 901,Lunch,1,21,587.5,54.8,31.4,26.4,3.59,Gluten-Free;High-Protein;Halal
902,Spicy Avocado & Egg Whole Wheat Toast Style 902,Breakfast,0,19,637.8,23.9,42.7,43.7,2.58,Vegetarian;Halal
903,Garden-Fresh Classic Spinach & Mushroom Omelette Style 903,Breakfast,0,12,525.8,31.3,5.6,42.5,2.81,Vegetarian;Keto;Gluten-Free;High-Protein;Halal
904,Rustic Apple Slices with Natural Peanut Butter Style 904,Snack,3,13,270.0,8.0,30.8,15.4,0.99,Vegan;Vegetarian;Gluten-Free;Dairy-Free;Halal
905,Spicy Turkey Avocado BLT Wrap Style 905,Lunch,1,23,815.1,46.7,60.3,46.7,4.61,High-Protein;Halal
906,Spicy Creamy Garlic Parmesan Chicken Fettuccine Style 906,Dinner,2,37,915.8,77.2,42.9,47.3,4.43,High-Protein;Halal
907,Zesty Lean Ground Beef Stir-Fry with Brown Rice & Peppers Style 907,Dinner,2,25,711.5,61.6,35.8,37.8,5.24,Gluten-Free;Dairy-Free;High-Protein;Halal
908,Fresh High-Protein Tofu Breakfast Scramble Style 908,Breakfast,0,15,211.1,20.1,12.8,11.0,2.76,Vegan;Vegetarian;Gluten-Free;Dairy-Free;High-Protein;Halal
909,Roasted Black Bean Burrito Bowl with Brown Rice Style 909,Lunch,1,16,379.8,14.3,56.1,11.7,2.24,Vegan;Vegetarian;Gluten-Free;Dairy-Free;Halal
910,Savory Turkey Avocado BLT Wrap Style 910,Lunch,1,23,788.1,42.5,60.0,45.6,4.32,High-Protein;Halal
911,Zesty Hearty Lentil & Vegetable Stew Style 911,Dinner,2,40,480.0,18.3,69.3,16.2,2.27,Vegan;Vegetarian;Gluten-Free;Dairy-Free;Halal
912,Smoky Turkey Avocado BLT Wrap Style 912,Lunch,1,20,624.7,51.7,47.2,26.7,3.76,High-Protein;Halal
913,Spicy Cheddar Cheese & Boiled Egg Power Snack Style 913,Snack,3,13,170.8,10.5,2.7,13.3,0.79,Vegetarian;Keto;Gluten-Free;High-Protein;Halal
914,Fresh Cheddar Cheese & Boiled Egg Power Snack Style 914,Snack,3,18,157.6,9.2,2.8,12.4,0.76,Vegetarian;Keto;Gluten-Free;High-Protein;Halal
915,Golden Classic Spinach & Mushroom Omelette Style 915,Breakfast,0,18,448.6,28.6,5.3,35.2,2.59,Vegetarian;Keto;Gluten-Free;High-Protein;Halal
916,Spicy Avocado & Egg Whole Wheat Toast Style 916,Breakfast,0,20,638.7,23.9,42.9,43.7,2.61,Vegetarian;Halal
917,Hearty Mediterranean Chickpea & Avocado Salad Style 917,Lunch,1,13,555.6,15.3,52.2,35.6,3.77,Vegan;Vegetarian;Gluten-Free;Dairy-Free;Halal
918,Fresh Banana Almond Protein Smoothie Style 918,Snack,3,0,392.1,16.8,60.8,11.5,1.97,Vegetarian;Gluten-Free;Halal
919,Rustic Black Bean Burrito Bowl with Brown Rice Style 919,Lunch,1,19,369.9,13.8,54.4,11.6,2.07,Vegan;Vegetarian;Gluten-Free;Dairy-Free;Halal
920,Fiesta Creamy Garlic Parmesan Chicken Fettuccine Style 920,Dinner,2,30,1027.0,71.3,75.7,50.0,5.47,High-Protein;Halal
921,Herb-Crusted Apple Slices with Natural Peanut Butter Style 921,Snack,3,8,240.6,6.8,29.8,12.9,0.95,Vegan;Vegetarian;Gluten-Free;Dairy-Free;Halal
922,Spicy Savory Tofu & Mushroom Teriyaki Bowl Style 922,Dinner,2,21,401.1,26.3,52.2,13.0,4.06,Vegan;Vegetarian;Dairy-Free;Halal
923,Rustic Cheddar Cheese & Boiled Egg Power Snack Style 923,Snack,3,7,259.6,17.9,2.6,19.7,1.07,Vegetarian;Keto;Gluten-Free;High-Protein;Halal
924,Savory Hearty Lentil & Vegetable Stew Style 924,Dinner,2,32,451.7,17.5,62.9,16.1,2.12,Vegan;Vegetarian;Gluten-Free;Dairy-Free;Halal
925,Golden Lean Ground Beef Stir-Fry with Brown Rice & Peppers Style 925,Dinner,2,34,400.9,58.1,33.1,2.8,3.84,Gluten-Free;Dairy-Free;High-Protein;Halal
926,Savory Berry Chia Yogurt Parfait Style 926,Breakfast,0,1,526.5,26.6,49.5,28.3,3.15,Vegetarian;Gluten-Free;Halal
927,Smoky Mediterranean Chickpea & Avocado Salad Style 927,Lunch,1,7,567.5,13.7,47.2,40.0,3.62,Vegan;Vegetarian;Gluten-Free;Dairy-Free;Halal
928,Smoky Garlic Butter Shrimp with Zucchini Noodles & Tomatoes Style 928,Dinner,2,15,453.7,53.7,20.1,19.1,7.56,Keto;Gluten-Free;High-Protein;Low-Carb;Halal
929,Garden-Fresh Turkey Avocado BLT Wrap Style 929,Lunch,1,19,768.3,44.3,62.0,42.2,4.5,High-Protein;Halal
930,Roasted Tuna Salad Whole Wheat Wrap Style 930,Lunch,1,8,420.1,39.9,48.7,7.4,2.7,High-Protein;Halal
931,Rustic Cheddar Cheese & Boiled Egg Power Snack Style 931,Snack,3,15,244.1,16.8,3.6,18.1,1.16,Vegetarian;Keto;Gluten-Free;High-Protein;Halal
932,Herb-Crusted Grilled Chicken & Quinoa Harvest Bowl Style 932,Lunch,1,29,522.7,51.4,29.6,22.0,3.78,Gluten-Free;High-Protein;Halal
933,Hearty Strawberries & Dark Chocolate Walnut Cup Style 933,Snack,3,7,272.6,7.0,14.5,23.2,2.58,Vegan;Vegetarian;Gluten-Free;Halal
934,Roasted Grilled Chicken & Quinoa Harvest Bowl Style 934,Lunch,1,30,504.0,48.8,29.3,21.6,3.78,Gluten-Free;High-Protein;Halal
935,Crispy Creamy Garlic Parmesan Chicken Fettuccine Style 935,Dinner,2,32,952.6,79.4,31.2,55.5,4.52,High-Protein;Halal
936,Fresh Avocado & Egg Whole Wheat Toast Style 936,Breakfast,0,17,717.8,21.9,58.7,46.7,2.68,Vegetarian;Halal
937,Herb-Crusted Apple Slices with Natural Peanut Butter Style 937,Snack,3,11,299.4,9.3,31.8,17.9,1.03,Vegan;Vegetarian;Gluten-Free;Dairy-Free;Halal
938,Savory Turkey Avocado BLT Wrap Style 938,Lunch,1,16,812.9,46.5,59.9,46.7,4.5,High-Protein;Halal
939,Fiesta Peanut Butter Banana Oatmeal Style 939,Breakfast,0,19,534.0,18.7,61.4,27.0,1.54,Vegan;Vegetarian;Dairy-Free;Halal
940,Garden-Fresh Apple Slices with Natural Peanut Butter Style 940,Snack,3,13,270.0,8.0,30.8,15.4,0.99,Vegan;Vegetarian;Gluten-Free;Dairy-Free;Halal
941,Garden-Fresh Avocado & Egg Whole Wheat Toast Style 941,Breakfast,0,19,637.8,23.9,42.7,43.7,2.58,Vegetarian;Halal
942,Herb-Crusted Lean Ground Beef Stir-Fry with Brown Rice & Peppers Style 942,Dinner,2,28,713.5,65.3,29.2,39.5,5.69,Gluten-Free;Dairy-Free;High-Protein;Halal
943,Fiesta Classic Spinach & Mushroom Omelette Style 943,Breakfast,0,23,448.9,28.6,5.3,35.2,2.55,Vegetarian;Keto;Gluten-Free;High-Protein;Halal
944,Garden-Fresh Savory Tofu & Mushroom Teriyaki Bowl Style 944,Dinner,2,25,436.6,25.0,45.1,20.5,4.01,Vegan;Vegetarian;Dairy-Free;Halal
945,Fiesta Turkey Avocado BLT Wrap Style 945,Lunch,1,21,892.9,58.8,60.6,49.9,5.3,High-Protein;Halal
946,Golden Creamy Garlic Parmesan Chicken Fettuccine Style 946,Dinner,2,27,980.0,86.0,31.5,55.3,4.83,High-Protein;Halal
947,Rustic Banana Almond Protein Smoothie Style 947,Snack,3,5,426.4,18.4,50.5,19.5,1.92,Vegetarian;Gluten-Free;Halal
948,Golden Greek Yogurt Berry Nut Bowl Style 948,Breakfast,0,5,457.1,26.2,43.5,22.9,4.38,Vegetarian;Gluten-Free;High-Protein;Halal
949,Herb-Crusted Apple Slices with Natural Peanut Butter Style 949,Snack,3,10,328.8,10.5,32.8,20.4,1.07,Vegan;Vegetarian;Gluten-Free;Dairy-Free;Halal
950,Crispy Avocado & Egg Whole Wheat Toast Style 950,Breakfast,0,12,644.8,24.0,43.9,43.8,2.72,Vegetarian;Halal
951,Garden-Fresh Strawberries & Dark Chocolate Walnut Cup Style 951,Snack,3,10,263.4,5.4,21.2,19.9,2.44,Vegan;Vegetarian;Gluten-Free;Halal
952,Crispy Savory Tofu & Mushroom Teriyaki Bowl Style 952,Dinner,2,34,470.5,25.4,52.6,20.6,3.92,Vegan;Vegetarian;Dairy-Free;Halal
953,Garden-Fresh High-Protein Tofu Breakfast Scramble Style 953,Breakfast,0,19,344.9,18.5,15.0,25.6,2.58,Vegan;Vegetarian;Gluten-Free;Dairy-Free;High-Protein;Halal
954,Smoky Mediterranean Chickpea & Avocado Salad Style 954,Lunch,1,12,714.9,33.7,21.7,56.3,6.8,Vegan;Vegetarian;Gluten-Free;Dairy-Free;Halal
955,Savory Strawberries & Dark Chocolate Walnut Cup Style 955,Snack,3,11,252.2,5.1,18.5,19.8,1.92,Vegan;Vegetarian;Gluten-Free;Halal
956,Garden-Fresh Classic Spinach & Mushroom Omelette Style 956,Breakfast,0,11,466.6,29.5,5.0,36.8,2.52,Vegetarian;Keto;Gluten-Free;High-Protein;Halal
957,Spicy Strawberries & Dark Chocolate Walnut Cup Style 957,Snack,3,11,216.2,5.9,30.5,9.6,2.48,Vegan;Vegetarian;Gluten-Free;Halal
958,Smoky Savory Tofu & Mushroom Teriyaki Bowl Style 958,Dinner,2,35,446.1,21.2,54.0,18.6,3.52,Vegan;Vegetarian;Dairy-Free;Halal
959,Roasted Tuna Salad Whole Wheat Wrap Style 959,Lunch,1,15,402.7,36.4,48.4,7.3,2.61,High-Protein;Halal
960,Fresh Mediterranean Chickpea & Avocado Salad Style 960,Lunch,1,7,672.4,17.3,57.0,46.1,3.79,Vegan;Vegetarian;Gluten-Free;Dairy-Free;Halal
961,Herb-Crusted Strawberries & Dark Chocolate Walnut Cup Style 961,Snack,3,1,292.9,6.1,21.1,23.1,2.4,Vegan;Vegetarian;Gluten-Free;Halal
962,Herb-Crusted Garlic Butter Shrimp with Zucchini Noodles & Tomatoes Style 962,Dinner,2,30,499.9,58.9,17.0,23.4,7.09,Keto;Gluten-Free;High-Protein;Low-Carb;Halal
963,Spicy Berry Chia Yogurt Parfait Style 963,Breakfast,0,15,880.6,45.3,27.8,67.4,3.61,Vegetarian;Gluten-Free;Halal
964,Hearty Hearty Lentil & Vegetable Stew Style 964,Dinner,2,37,429.1,13.4,61.2,16.0,2.27,Vegan;Vegetarian;Gluten-Free;Dairy-Free;Halal
965,Smoky Creamy Garlic Parmesan Chicken Fettuccine Style 965,Dinner,2,39,968.8,82.3,41.6,51.2,4.61,High-Protein;Halal
966,Golden Hearty Lentil & Vegetable Stew Style 966,Dinner,2,32,489.5,18.2,70.8,16.3,3.26,Vegan;Vegetarian;Gluten-Free;Dairy-Free;Halal
967,Savory Avocado & Egg Whole Wheat Toast Style 967,Breakfast,0,9,641.4,24.1,43.5,43.8,2.7,Vegetarian;Halal
968,Zesty Peanut Butter Banana Oatmeal Style 968,Breakfast,0,13,620.9,23.9,78.2,27.0,1.36,Vegan;Vegetarian;Dairy-Free;Halal
969,Savory Hearty Lentil & Vegetable Stew Style 969,Dinner,2,42,490.9,18.8,71.4,16.1,2.17,Vegan;Vegetarian;Gluten-Free;Dairy-Free;Halal
970,Golden Classic Spinach & Mushroom Omelette Style 970,Breakfast,0,17,430.5,22.7,13.9,31.9,1.93,Vegetarian;Keto;Gluten-Free;High-Protein;Halal
971,Smoky Hearty Lentil & Vegetable Stew Style 971,Dinner,2,32,435.7,14.7,61.7,16.0,2.01,Vegan;Vegetarian;Gluten-Free;Dairy-Free;Halal
972,Fiesta High-Protein Tofu Breakfast Scramble Style 972,Breakfast,0,15,247.0,14.4,12.2,17.4,2.51,Vegan;Vegetarian;Gluten-Free;Dairy-Free;High-Protein;Halal
973,Fiesta Mediterranean Chickpea & Avocado Salad Style 973,Lunch,1,17,616.4,16.5,55.5,40.8,3.85,Vegan;Vegetarian;Gluten-Free;Dairy-Free;Halal
974,Zesty Pan-Seared Salmon with Garlic Butter Broccoli & Sweet Potato Style 974,Dinner,2,40,748.2,42.0,56.5,39.2,6.95,Gluten-Free;High-Protein;Halal
975,Smoky Banana Almond Protein Smoothie Style 975,Snack,3,15,448.8,20.5,51.5,20.7,2.1,Vegetarian;Gluten-Free;Halal
976,Crispy Avocado & Egg Whole Wheat Toast Style 976,Breakfast,0,6,640.5,24.0,43.3,43.7,2.67,Vegetarian;Halal
977,Rustic Turkey Avocado BLT Wrap Style 977,Lunch,1,25,585.6,45.1,48.0,25.0,3.52,High-Protein;Halal
978,Smoky Pan-Seared Salmon with Garlic Butter Broccoli & Sweet Potato Style 978,Dinner,2,40,914.3,55.2,55.2,51.7,8.77,Gluten-Free;High-Protein;Halal
979,Savory Creamy Tomato & Mozzarella Penne Style 979,Lunch,1,24,499.6,23.3,49.1,24.5,2.49,Vegetarian;Halal
980,Roasted Banana Almond Protein Smoothie Style 980,Snack,3,6,431.0,19.1,52.1,18.9,2.0,Vegetarian;Gluten-Free;Halal
981,Roasted Creamy Tomato & Mozzarella Penne Style 981,Lunch,1,24,494.5,23.6,45.5,25.3,2.27,Vegetarian;Halal
982,Fiesta Grilled Chicken & Quinoa Harvest Bowl Style 982,Lunch,1,27,608.2,67.3,29.4,24.0,4.59,Gluten-Free;High-Protein;Halal
983,Fresh Grilled Chicken & Quinoa Harvest Bowl Style 983,Lunch,1,28,637.3,70.7,32.2,24.4,4.75,Gluten-Free;High-Protein;Halal
984,Spicy Apple Slices with Natural Peanut Butter Style 984,Snack,3,6,270.0,8.0,30.8,15.4,0.99,Vegan;Vegetarian;Gluten-Free;Dairy-Free;Halal
985,Crispy Peanut Butter Banana Oatmeal Style 985,Breakfast,0,19,687.6,27.0,91.9,26.9,1.47,Vegan;Vegetarian;Dairy-Free;Halal
986,Fresh Savory Tofu & Mushroom Teriyaki Bowl Style 986,Dinner,2,30,458.7,26.0,46.3,21.8,4.0,Vegan;Vegetarian;Dairy-Free;Halal
987,Herb-Crusted Peanut Butter Banana Oatmeal Style 987,Breakfast,0,13,537.7,20.7,73.0,21.0,1.17,Vegan;Vegetarian;Dairy-Free;Halal
988,Smoky High-Protein Tofu Breakfast Scramble Style 988,Breakfast,0,18,310.9,13.0,38.5,13.4,2.06,Vegan;Vegetarian;Gluten-Free;Dairy-Free;High-Protein;Halal
989,Crispy Black Bean Burrito Bowl with Brown Rice Style 989,Lunch,1,25,363.4,37.4,28.9,11.5,5.0,Vegan;Vegetarian;Gluten-Free;Dairy-Free;Halal
990,Herb-Crusted Mediterranean Chickpea & Avocado Salad Style 990,Lunch,1,15,665.7,16.8,56.3,45.9,3.92,Vegan;Vegetarian;Gluten-Free;Dairy-Free;Halal
991,Savory Hearty Lentil & Vegetable Stew Style 991,Dinner,2,43,454.9,14.8,66.1,15.8,1.9,Vegan;Vegetarian;Gluten-Free;Dairy-Free;Halal
992,Fresh Apple Slices with Natural Peanut Butter Style 992,Snack,3,0,299.4,9.3,31.8,17.9,1.03,Vegan;Vegetarian;Gluten-Free;Dairy-Free;Halal
993,Garden-Fresh Lean Ground Beef Stir-Fry with Brown Rice & Peppers Style 993,Dinner,2,26,595.2,51.6,31.7,30.9,4.66,Gluten-Free;Dairy-Free;High-Protein;Halal
994,Spicy Strawberries & Dark Chocolate Walnut Cup Style 994,Snack,3,11,317.2,8.1,14.3,28.1,2.31,Vegan;Vegetarian;Gluten-Free;Halal
995,Fresh Creamy Garlic Parmesan Chicken Fettuccine Style 995,Dinner,2,31,829.5,70.0,31.0,46.3,3.94,High-Protein;Halal
996,Golden Creamy Tomato & Mozzarella Penne Style 996,Lunch,1,17,413.2,23.0,42.6,18.1,2.03,Vegetarian;Halal
997,Garden-Fresh Creamy Garlic Parmesan Chicken Fettuccine Style 997,Dinner,2,27,940.3,84.4,34.2,50.3,4.68,High-Protein;Halal
998,Rustic Lean Ground Beef Stir-Fry with Brown Rice & Peppers Style 998,Dinner,2,26,564.5,48.1,31.0,29.2,4.38,Gluten-Free;Dairy-Free;High-Protein;Halal
999,Crispy Greek Yogurt Berry Nut Bowl Style 999,Breakfast,0,1,451.5,25.7,38.7,24.5,4.06,Vegetarian;Gluten-Free;High-Protein;Halal
1000,Savory Tuna Salad Whole Wheat Wrap Style 1000,Lunch,1,10,432.4,43.0,47.7,7.7,2.79,High-Protein;Halal
1001,Crispy Mediterranean Chickpea & Avocado Salad Style 1001,Lunch,1,12,527.0,13.9,47.8,35.1,3.5,Vegan;Vegetarian;Gluten-Free;Dairy-Free;Halal
1002,Roasted Black Bean Burrito Bowl with Brown Rice Style 1002,Lunch,1,20,405.4,44.5,27.5,12.3,3.42,Vegan;Vegetarian;Gluten-Free;Dairy-Free;Halal
1003,Savory Savory Tofu & Mushroom Teriyaki Bowl Style 1003,Dinner,2,20,493.9,29.8,50.8,22.5,4.19,Vegan;Vegetarian;Dairy-Free;Halal
1004,Roasted Garlic Butter Shrimp with Zucchini Noodles & Tomatoes Style 1004,Dinner,2,26,566.0,69.0,14.1,27.5,7.94,Keto;Gluten-Free;High-Protein;Low-Carb;Halal
1005,Smoky Apple Slices with Natural Peanut Butter Style 1005,Snack,3,1,270.0,8.0,30.8,15.4,0.99,Vegan;Vegetarian;Gluten-Free;Dairy-Free;Halal
1006,Herb-Crusted Mediterranean Chickpea & Avocado Salad Style 1006,Lunch,1,19,557.6,15.7,52.9,35.6,3.64,Vegan;Vegetarian;Gluten-Free;Dairy-Free;Halal
1007,Roasted Savory Tofu & Mushroom Teriyaki Bowl Style 1007,Dinner,2,32,495.1,28.0,54.0,21.9,4.31,Vegan;Vegetarian;Dairy-Free;Halal
1008,Roasted Tuna Salad Whole Wheat Wrap Style 1008,Lunch,1,18,697.1,52.7,59.2,29.7,4.11,High-Protein;Halal
1009,Crispy Pan-Seared Salmon with Garlic Butter Broccoli & Sweet Potato Style 1009,Dinner,2,39,744.9,43.0,42.4,44.5,7.03,Gluten-Free;High-Protein;Halal
1010,Smoky Apple Slices with Natural Peanut Butter Style 1010,Snack,3,10,270.0,8.0,30.8,15.4,0.99,Vegan;Vegetarian;Gluten-Free;Dairy-Free;Halal
1011,Herb-Crusted Mediterranean Chickpea & Avocado Salad Style 1011,Lunch,1,21,547.5,12.6,43.8,39.7,3.48,Vegan;Vegetarian;Gluten-Free;Dairy-Free;Halal
1012,Crispy High-Protein Tofu Breakfast Scramble Style 1012,Breakfast,0,21,335.7,19.8,11.2,25.9,2.89,Vegan;Vegetarian;Gluten-Free;Dairy-Free;High-Protein;Halal
1013,Crispy Creamy Garlic Parmesan Chicken Fettuccine Style 1013,Dinner,2,36,821.8,76.1,40.1,38.1,4.2,High-Protein;Halal
1014,Hearty Creamy Tomato & Mozzarella Penne Style 1014,Lunch,1,26,383.3,20.8,42.1,16.0,1.98,Vegetarian;Halal
1015,Spicy Classic Spinach & Mushroom Omelette Style 1015,Breakfast,0,13,434.4,23.2,5.8,36.0,2.54,Vegetarian;Keto;Gluten-Free;High-Protein;Halal
1016,Smoky Creamy Garlic Parmesan Chicken Fettuccine Style 1016,Dinner,2,35,872.3,77.8,29.1,48.4,4.9,High-Protein;Halal
1017,Garden-Fresh Strawberries & Dark Chocolate Walnut Cup Style 1017,Snack,3,11,291.6,8.0,19.3,23.2,1.49,Vegan;Vegetarian;Gluten-Free;Halal
1018,Crispy Tuna Salad Whole Wheat Wrap Style 1018,Lunch,1,11,328.4,39.8,31.5,4.5,2.41,High-Protein;Halal
1019,Savory Classic Spinach & Mushroom Omelette Style 1019,Breakfast,0,15,375.6,22.2,4.7,30.4,2.23,Vegetarian;Keto;Gluten-Free;High-Protein;Halal
1020,Spicy Strawberries & Dark Chocolate Walnut Cup Style 1020,Snack,3,14,313.3,8.4,13.0,28.1,1.98,Vegan;Vegetarian;Gluten-Free;Halal
1021,Fresh Tuna Salad Whole Wheat Wrap Style 1021,Lunch,1,13,440.6,44.5,48.1,7.8,2.95,High-Protein;Halal
1022,Smoky Banana Almond Protein Smoothie Style 1022,Snack,3,15,405.8,16.6,49.5,18.5,1.77,Vegetarian;Gluten-Free;Halal
1023,Zesty Pan-Seared Salmon with Garlic Butter Broccoli & Sweet Potato Style 1023,Dinner,2,32,829.2,56.6,47.1,44.9,8.82,Gluten-Free;High-Protein;Halal
1024,Herb-Crusted Creamy Garlic Parmesan Chicken Fettuccine Style 1024,Dinner,2,40,958.8,86.9,31.0,52.8,4.99,High-Protein;Halal
1025,Savory Strawberries & Dark Chocolate Walnut Cup Style 1025,Snack,3,12,296.1,6.2,21.9,23.2,2.54,Vegan;Vegetarian;Gluten-Free;Halal
1026,Crispy High-Protein Tofu Breakfast Scramble Style 1026,Breakfast,0,25,268.1,16.7,11.9,19.0,2.62,Vegan;Vegetarian;Gluten-Free;Dairy-Free;High-Protein;Halal
1027,Fresh Pan-Seared Salmon with Garlic Butter Broccoli & Sweet Potato Style 1027,Dinner,2,37,681.7,41.1,49.5,35.0,6.73,Gluten-Free;High-Protein;Halal
1028,Savory Avocado & Egg Whole Wheat Toast Style 1028,Breakfast,0,5,399.8,21.0,30.4,21.7,1.4,Vegetarian;Halal
1029,Herb-Crusted Hearty Lentil & Vegetable Stew Style 1029,Dinner,2,40,464.2,14.8,68.4,15.9,2.1,Vegan;Vegetarian;Gluten-Free;Dairy-Free;Halal
1030,Zesty Peanut Butter Banana Oatmeal Style 1030,Breakfast,0,17,667.4,25.7,92.1,25.1,1.29,Vegan;Vegetarian;Dairy-Free;Halal
1031,Savory Hearty Lentil & Vegetable Stew Style 1031,Dinner,2,35,439.1,14.8,62.3,16.0,2.07,Vegan;Vegetarian;Gluten-Free;Dairy-Free;Halal
1032,Smoky Cheddar Cheese & Boiled Egg Power Snack Style 1032,Snack,3,4,202.3,14.3,3.1,14.8,0.98,Vegetarian;Keto;Gluten-Free;High-Protein;Halal
1033,Golden Pan-Seared Salmon with Garlic Butter Broccoli & Sweet Potato Style 1033,Dinner,2,37,844.6,51.6,56.8,45.1,8.29,Gluten-Free;High-Protein;Halal
1034,Smoky Lean Ground Beef Stir-Fry with Brown Rice & Peppers Style 1034,Dinner,2,21,728.2,63.0,36.5,38.7,5.47,Gluten-Free;Dairy-Free;High-Protein;Halal
1035,Zesty Avocado & Egg Whole Wheat Toast Style 1035,Breakfast,0,15,503.3,12.1,42.2,34.7,2.05,Vegetarian;Halal
1036,Hearty Apple Slices with Natural Peanut Butter Style 1036,Snack,3,7,299.4,9.3,31.8,17.9,1.03,Vegan;Vegetarian;Gluten-Free;Dairy-Free;Halal
1037,Spicy Grilled Chicken & Quinoa Harvest Bowl Style 1037,Lunch,1,32,557.9,67.1,28.7,18.8,4.43,Gluten-Free;High-Protein;Halal
1038,Spicy Berry Chia Yogurt Parfait Style 1038,Breakfast,0,13,466.2,23.8,39.5,26.7,3.78,Vegetarian;Gluten-Free;Halal
1039,Golden Strawberries & Dark Chocolate Walnut Cup Style 1039,Snack,3,12,280.5,6.8,16.9,23.2,1.57,Vegan;Vegetarian;Gluten-Free;Halal
1040,Spicy Avocado & Egg Whole Wheat Toast Style 1040,Breakfast,0,13,639.6,24.0,43.1,43.7,2.64,Vegetarian;Halal
1041,Garden-Fresh Grilled Chicken & Quinoa Harvest Bowl Style 1041,Lunch,1,26,435.5,19.2,55.3,17.1,2.15,Gluten-Free;High-Protein;Halal
1042,Herb-Crusted Grilled Chicken & Quinoa Harvest Bowl Style 1042,Lunch,1,26,571.8,58.7,32.3,23.0,4.3,Gluten-Free;High-Protein;Halal
1043,Smoky Lean Ground Beef Stir-Fry with Brown Rice & Peppers Style 1043,Dinner,2,21,726.2,63.3,35.8,38.7,5.39,Gluten-Free;Dairy-Free;High-Protein;Halal
1044,Golden Black Bean Burrito Bowl with Brown Rice Style 1044,Lunch,1,22,374.5,13.2,55.6,11.8,2.31,Vegan;Vegetarian;Gluten-Free;Dairy-Free;Halal
1045,Fresh Creamy Tomato & Mozzarella Penne Style 1045,Lunch,1,27,478.0,23.7,39.6,26.2,2.29,Vegetarian;Halal
1046,Zesty Tuna Salad Whole Wheat Wrap Style 1046,Lunch,1,7,436.4,43.3,48.5,7.7,2.95,High-Protein;Halal
1047,Roasted Tuna Salad Whole Wheat Wrap Style 1047,Lunch,1,14,462.9,48.8,48.4,8.1,3.16,High-Protein;Halal
1048,Fiesta Banana Almond Protein Smoothie Style 1048,Snack,3,10,1934.2,14.6,42.7,196.1,3.64,Vegetarian;Gluten-Free;Halal
1049,Roasted Berry Chia Yogurt Parfait Style 1049,Breakfast,0,3,425.0,24.7,32.4,24.3,3.18,Vegetarian;Gluten-Free;Halal
1050,Garden-Fresh High-Protein Tofu Breakfast Scramble Style 1050,Breakfast,0,15,324.0,18.3,11.6,25.0,2.79,Vegan;Vegetarian;Gluten-Free;Dairy-Free;High-Protein;Halal
1051,Savory Turkey Avocado BLT Wrap Style 1051,Lunch,1,17,868.9,63.1,60.9,43.4,5.05,High-Protein;Halal
1052,Smoky Avocado & Egg Whole Wheat Toast Style 1052,Breakfast,0,8,656.4,24.2,46.3,43.9,3.6,Vegetarian;Halal
1053,Fiesta Hearty Lentil & Vegetable Stew Style 1053,Dinner,2,32,520.8,38.9,39.5,24.3,3.45,Vegan;Vegetarian;Gluten-Free;Dairy-Free;Halal
1054,Herb-Crusted Berry Chia Yogurt Parfait Style 1054,Breakfast,0,11,467.6,23.4,34.2,29.4,3.44,Vegetarian;Gluten-Free;Halal
1055,Golden Classic Spinach & Mushroom Omelette Style 1055,Breakfast,0,15,562.1,37.5,6.0,43.3,3.04,Vegetarian;Keto;Gluten-Free;High-Protein;Halal
1056,Fresh Grilled Chicken & Quinoa Harvest Bowl Style 1056,Lunch,1,35,657.0,66.5,31.9,28.9,4.71,Gluten-Free;High-Protein;Halal
1057,Smoky Savory Tofu & Mushroom Teriyaki Bowl Style 1057,Dinner,2,30,490.2,28.7,39.1,27.9,3.96,Vegan;Vegetarian;Dairy-Free;Halal
1058,Garden-Fresh Lean Ground Beef Stir-Fry with Brown Rice & Peppers Style 1058,Dinner,2,23,713.6,61.3,37.9,37.1,5.37,Gluten-Free;Dairy-Free;High-Protein;Halal
1059,Herb-Crusted Apple Slices with Natural Peanut Butter Style 1059,Snack,3,8,299.4,9.3,31.8,17.9,1.03,Vegan;Vegetarian;Gluten-Free;Dairy-Free;Halal
1060,Fresh Peanut Butter Banana Oatmeal Style 1060,Breakfast,0,6,678.4,26.5,91.1,26.4,1.43,Vegan;Vegetarian;Dairy-Free;Halal
1061,Zesty Peanut Butter Banana Oatmeal Style 1061,Breakfast,0,13,750.6,29.5,96.0,31.4,1.49,Vegan;Vegetarian;Dairy-Free;Halal
1062,Crispy Creamy Tomato & Mozzarella Penne Style 1062,Lunch,1,20,567.4,24.3,51.5,30.1,2.48,Vegetarian;Halal
1063,Herb-Crusted Avocado & Egg Whole Wheat Toast Style 1063,Breakfast,0,8,501.8,11.8,41.9,34.8,2.0,Vegetarian;Halal
1064,Fresh Berry Chia Yogurt Parfait Style 1064,Breakfast,0,2,461.2,22.5,34.6,28.9,3.51,Vegetarian;Gluten-Free;Halal
1065,Fresh Savory Tofu & Mushroom Teriyaki Bowl Style 1065,Dinner,2,30,493.2,26.5,53.9,22.1,4.19,Vegan;Vegetarian;Dairy-Free;Halal
1066,Garden-Fresh Tuna Salad Whole Wheat Wrap Style 1066,Lunch,1,20,396.8,35.2,48.3,7.2,2.55,High-Protein;Halal
1067,Crispy Turkey Avocado BLT Wrap Style 1067,Lunch,1,13,821.5,54.3,63.1,43.1,5.02,High-Protein;Halal
1068,Smoky Cheddar Cheese & Boiled Egg Power Snack Style 1068,Snack,3,10,249.8,15.5,10.3,16.5,1.89,Vegetarian;Keto;Gluten-Free;High-Protein;Halal
1069,Zesty Lean Ground Beef Stir-Fry with Brown Rice & Peppers Style 1069,Dinner,2,32,661.8,58.7,33.6,34.7,5.63,Gluten-Free;Dairy-Free;High-Protein;Halal
1070,Roasted Grilled Chicken & Quinoa Harvest Bowl Style 1070,Lunch,1,23,542.5,56.7,28.6,22.5,4.14,Gluten-Free;High-Protein;Halal
1071,Rustic Lean Ground Beef Stir-Fry with Brown Rice & Peppers Style 1071,Dinner,2,27,667.4,56.3,37.6,33.9,4.92,Gluten-Free;Dairy-Free;High-Protein;Halal
1072,Garden-Fresh High-Protein Tofu Breakfast Scramble Style 1072,Breakfast,0,10,514.0,15.2,22.9,44.0,3.17,Vegan;Vegetarian;Gluten-Free;Dairy-Free;High-Protein;Halal
1073,Hearty Cheddar Cheese & Boiled Egg Power Snack Style 1073,Snack,3,7,194.8,11.6,2.2,15.7,0.78,Vegetarian;Keto;Gluten-Free;High-Protein;Halal
1074,Garden-Fresh High-Protein Tofu Breakfast Scramble Style 1074,Breakfast,0,18,366.4,17.9,11.9,29.7,2.84,Vegan;Vegetarian;Gluten-Free;Dairy-Free;High-Protein;Halal
1075,Fiesta Creamy Garlic Parmesan Chicken Fettuccine Style 1075,Dinner,2,40,878.3,67.8,38.6,49.4,3.96,High-Protein;Halal
1076,Rustic Hearty Lentil & Vegetable Stew Style 1076,Dinner,2,36,449.2,15.9,64.0,16.0,2.16,Vegan;Vegetarian;Gluten-Free;Dairy-Free;Halal
1077,Savory Lean Ground Beef Stir-Fry with Brown Rice & Peppers Style 1077,Dinner,2,34,678.2,60.8,28.8,37.5,5.07,Gluten-Free;Dairy-Free;High-Protein;Halal
1078,Rustic Turkey Avocado BLT Wrap Style 1078,Lunch,1,10,697.9,51.4,30.4,44.5,4.68,High-Protein;Halal
1079,Fiesta Mediterranean Chickpea & Avocado Salad Style 1079,Lunch,1,15,637.3,15.2,51.6,45.4,3.85,Vegan;Vegetarian;Gluten-Free;Dairy-Free;Halal
1080,Rustic Peanut Butter Banana Oatmeal Style 1080,Breakfast,0,8,695.6,27.1,91.2,28.2,1.41,Vegan;Vegetarian;Dairy-Free;Halal
1081,Rustic Mediterranean Chickpea & Avocado Salad Style 1081,Lunch,1,12,613.3,13.8,47.6,45.0,3.75,Vegan;Vegetarian;Gluten-Free;Dairy-Free;Halal
1082,Spicy Cheddar Cheese & Boiled Egg Power Snack Style 1082,Snack,3,13,216.6,14.4,5.6,14.9,1.86,Vegetarian;Keto;Gluten-Free;High-Protein;Halal
1083,Spicy Classic Spinach & Mushroom Omelette Style 1083,Breakfast,0,16,445.3,28.2,4.8,35.1,2.41,Vegetarian;Keto;Gluten-Free;High-Protein;Halal
1084,Crispy Cheddar Cheese & Boiled Egg Power Snack Style 1084,Snack,3,15,282.0,19.2,3.2,21.4,1.2,Vegetarian;Keto;Gluten-Free;High-Protein;Halal
1085,Fresh Hearty Lentil & Vegetable Stew Style 1085,Dinner,2,32,413.2,15.4,55.8,16.1,2.28,Vegan;Vegetarian;Gluten-Free;Dairy-Free;Halal
1086,Fresh Peanut Butter Banana Oatmeal Style 1086,Breakfast,0,7,654.0,25.2,89.2,25.1,1.31,Vegan;Vegetarian;Dairy-Free;Halal
1087,Fiesta Peanut Butter Banana Oatmeal Style 1087,Breakfast,0,6,688.7,26.9,93.7,26.2,1.4,Vegan;Vegetarian;Dairy-Free;Halal
1088,Zesty Tuna Salad Whole Wheat Wrap Style 1088,Lunch,1,7,471.1,50.2,48.9,8.2,3.32,High-Protein;Halal
1089,Hearty Creamy Tomato & Mozzarella Penne Style 1089,Lunch,1,15,682.0,23.6,52.7,45.1,3.36,Vegetarian;Halal
1090,Hearty Hearty Lentil & Vegetable Stew Style 1090,Dinner,2,41,421.9,17.6,66.5,11.1,2.09,Vegan;Vegetarian;Gluten-Free;Dairy-Free;Halal
1091,Roasted Creamy Garlic Parmesan Chicken Fettuccine Style 1091,Dinner,2,26,851.0,79.3,22.2,48.2,4.46,High-Protein;Halal
1092,Hearty Berry Chia Yogurt Parfait Style 1092,Breakfast,0,1,460.2,27.0,30.2,28.4,3.49,Vegetarian;Gluten-Free;Halal
1093,Garden-Fresh Peanut Butter Banana Oatmeal Style 1093,Breakfast,0,9,712.8,27.7,91.2,30.1,1.39,Vegan;Vegetarian;Dairy-Free;Halal
1094,Herb-Crusted Avocado & Egg Whole Wheat Toast Style 1094,Breakfast,0,8,640.5,24.0,43.3,43.7,2.67,Vegetarian;Halal
1095,Smoky Avocado & Egg Whole Wheat Toast Style 1095,Breakfast,0,19,656.4,24.2,46.3,43.9,3.6,Vegetarian;Halal
1096,Fresh Berry Chia Yogurt Parfait Style 1096,Breakfast,0,8,480.3,25.5,36.7,28.7,3.65,Vegetarian;Gluten-Free;Halal
1097,Rustic Creamy Tomato & Mozzarella Penne Style 1097,Lunch,1,29,515.4,24.9,47.1,26.5,2.46,Vegetarian;Halal
1098,Fresh Avocado & Egg Whole Wheat Toast Style 1098,Breakfast,0,8,640.5,24.0,43.3,43.7,2.67,Vegetarian;Halal
1099,Spicy Savory Tofu & Mushroom Teriyaki Bowl Style 1099,Dinner,2,27,458.4,25.1,51.3,20.2,4.15,Vegan;Vegetarian;Dairy-Free;Halal
1100,Roasted Greek Yogurt Berry Nut Bowl Style 1100,Breakfast,0,2,465.3,29.5,38.0,24.5,4.19,Vegetarian;Gluten-Free;High-Protein;Halal
1101,Rustic Tuna Salad Whole Wheat Wrap Style 1101,Lunch,1,19,267.4,39.0,18.2,3.9,2.46,High-Protein;Halal
1102,Crispy Avocado & Egg Whole Wheat Toast Style 1102,Breakfast,0,6,495.9,11.4,42.2,34.2,2.02,Vegetarian;Halal
1103,Smoky Classic Spinach & Mushroom Omelette Style 1103,Breakfast,0,12,289.4,16.5,5.5,22.9,1.91,Vegetarian;Keto;Gluten-Free;High-Protein;Halal
1104,Spicy Grilled Chicken & Quinoa Harvest Bowl Style 1104,Lunch,1,20,640.2,75.0,28.4,24.6,4.92,Gluten-Free;High-Protein;Halal
1105,Golden High-Protein Tofu Breakfast Scramble Style 1105,Breakfast,0,14,315.7,14.7,15.9,23.2,2.35,Vegan;Vegetarian;Gluten-Free;Dairy-Free;High-Protein;Halal
1106,Fiesta Banana Almond Protein Smoothie Style 1106,Snack,3,1,663.8,14.7,51.8,47.6,2.18,Vegetarian;Gluten-Free;Halal
1107,Crispy Creamy Tomato & Mozzarella Penne Style 1107,Lunch,1,27,471.9,22.3,43.7,24.2,2.3,Vegetarian;Halal
1108,Fiesta Turkey Avocado BLT Wrap Style 1108,Lunch,1,20,663.8,46.0,30.3,43.1,4.38,High-Protein;Halal
1109,Fiesta Turkey Avocado BLT Wrap Style 1109,Lunch,1,23,784.6,41.1,61.2,45.3,4.31,High-Protein;Halal
1110,Hearty Grilled Chicken & Quinoa Harvest Bowl Style 1110,Lunch,1,25,586.3,60.4,33.5,23.2,4.4,Gluten-Free;High-Protein;Halal
1111,Savory High-Protein Tofu Breakfast Scramble Style 1111,Breakfast,0,10,331.9,14.2,12.0,27.2,2.71,Vegan;Vegetarian;Gluten-Free;Dairy-Free;High-Protein;Halal
1112,Fiesta Tuna Salad Whole Wheat Wrap Style 1112,Lunch,1,12,453.1,47.1,48.3,7.8,3.09,High-Protein;Halal
1113,Hearty Garlic Butter Shrimp with Zucchini Noodles & Tomatoes Style 1113,Dinner,2,20,539.6,62.2,14.0,27.2,7.15,Keto;Gluten-Free;High-Protein;Low-Carb;Halal
1114,Fresh Garlic Butter Shrimp with Zucchini Noodles & Tomatoes Style 1114,Dinner,2,19,517.8,67.1,15.4,22.3,7.62,Keto;Gluten-Free;High-Protein;Low-Carb;Halal
1115,Garden-Fresh Turkey Avocado BLT Wrap Style 1115,Lunch,1,22,868.2,54.8,60.8,48.8,5.11,High-Protein;Halal
1116,Fiesta Black Bean Burrito Bowl with Brown Rice Style 1116,Lunch,1,22,402.1,15.4,60.5,11.9,2.42,Vegan;Vegetarian;Gluten-Free;Dairy-Free;Halal
1117,Golden Strawberries & Dark Chocolate Walnut Cup Style 1117,Snack,3,-1,288.1,6.0,20.0,23.1,2.17,Vegan;Vegetarian;Gluten-Free;Halal
1118,Savory Strawberries & Dark Chocolate Walnut Cup Style 1118,Snack,3,-1,225.9,4.5,19.4,16.6,2.12,Vegan;Vegetarian;Gluten-Free;Halal
1119,Garden-Fresh Mediterranean Chickpea & Avocado Salad Style 1119,Lunch,1,11,555.3,13.0,45.2,39.8,3.57,Vegan;Vegetarian;Gluten-Free;Dairy-Free;Halal
1120,Fresh Creamy Garlic Parmesan Chicken Fettuccine Style 1120,Dinner,2,32,879.9,81.5,29.4,47.0,4.52,High-Protein;Halal
1121,Hearty Grilled Chicken & Quinoa Harvest Bowl Style 1121,Lunch,1,32,560.2,55.5,33.3,22.7,4.14,Gluten-Free;High-Protein;Halal
1122,Smoky Mediterranean Chickpea & Avocado Salad Style 1122,Lunch,1,8,556.0,13.1,45.0,39.9,3.42,Vegan;Vegetarian;Gluten-Free;Dairy-Free;Halal
1123,Hearty Banana Almond Protein Smoothie Style 1123,Snack,3,7,423.9,18.7,49.9,19.4,1.94,Vegetarian;Gluten-Free;Halal
1124,Crispy Greek Yogurt Berry Nut Bowl Style 1124,Breakfast,0,10,518.7,30.8,45.5,27.1,4.73,Vegetarian;Gluten-Free;High-Protein;Halal
1125,Savory Pan-Seared Salmon with Garlic Butter Broccoli & Sweet Potato Style 1125,Dinner,2,25,685.7,45.8,27.4,42.8,8.28,Gluten-Free;High-Protein;Halal
1126,Fresh Classic Spinach & Mushroom Omelette Style 1126,Breakfast,0,17,360.0,23.3,4.8,28.0,2.21,Vegetarian;Keto;Gluten-Free;High-Protein;Halal
1127,Golden Pan-Seared Salmon with Garlic Butter Broccoli & Sweet Potato Style 1127,Dinner,2,38,798.5,46.9,56.2,42.4,7.56,Gluten-Free;High-Protein;Halal
1128,Fresh Classic Spinach & Mushroom Omelette Style 1128,Breakfast,0,13,369.6,23.5,6.7,28.1,2.38,Vegetarian;Keto;Gluten-Free;High-Protein;Halal
1129,Fiesta Garlic Butter Shrimp with Zucchini Noodles & Tomatoes Style 1129,Dinner,2,19,537.9,67.3,14.5,24.8,7.66,Keto;Gluten-Free;High-Protein;Low-Carb;Halal
1130,Hearty Lean Ground Beef Stir-Fry with Brown Rice & Peppers Style 1130,Dinner,2,30,557.4,45.3,37.0,26.8,4.29,Gluten-Free;Dairy-Free;High-Protein;Halal
1131,Crispy Creamy Tomato & Mozzarella Penne Style 1131,Lunch,1,16,389.9,17.3,35.6,20.8,1.88,Vegetarian;Halal
1132,Fiesta Turkey Avocado BLT Wrap Style 1132,Lunch,1,13,783.7,41.4,60.8,45.3,4.41,High-Protein;Halal
1133,Garden-Fresh Peanut Butter Banana Oatmeal Style 1133,Breakfast,0,11,600.6,23.1,77.9,25.0,1.37,Vegan;Vegetarian;Dairy-Free;Halal
1134,Crispy Turkey Avocado BLT Wrap Style 1134,Lunch,1,13,794.9,50.6,62.5,42.1,4.65,High-Protein;Halal
1135,Smoky Berry Chia Yogurt Parfait Style 1135,Breakfast,0,15,476.1,18.7,31.6,32.6,3.39,Vegetarian;Gluten-Free;Halal
1136,Spicy Cheddar Cheese & Boiled Egg Power Snack Style 1136,Snack,3,11,243.3,16.8,3.4,18.1,1.13,Vegetarian;Keto;Gluten-Free;High-Protein;Halal
1137,Garden-Fresh Black Bean Burrito Bowl with Brown Rice Style 1137,Lunch,1,25,435.6,18.3,66.0,11.9,2.47,Vegan;Vegetarian;Gluten-Free;Dairy-Free;Halal
1138,Hearty Black Bean Burrito Bowl with Brown Rice Style 1138,Lunch,1,16,426.9,16.1,66.4,11.9,2.05,Vegan;Vegetarian;Gluten-Free;Dairy-Free;Halal
1139,Fiesta Peanut Butter Banana Oatmeal Style 1139,Breakfast,0,7,675.8,26.3,83.0,30.2,1.45,Vegan;Vegetarian;Dairy-Free;Halal
1140,Rustic Black Bean Burrito Bowl with Brown Rice Style 1140,Lunch,1,28,436.6,16.9,67.1,12.1,2.48,Vegan;Vegetarian;Gluten-Free;Dairy-Free;Halal
1141,Fresh Banana Almond Protein Smoothie Style 1141,Snack,3,14,495.5,22.0,54.4,24.2,2.25,Vegetarian;Gluten-Free;Halal
1142,Roasted Avocado & Egg Whole Wheat Toast Style 1142,Breakfast,0,8,504.2,11.5,42.8,34.9,2.12,Vegetarian;Halal
1143,Zesty Black Bean Burrito Bowl with Brown Rice Style 1143,Lunch,1,18,455.4,18.1,70.6,12.2,2.57,Vegan;Vegetarian;Gluten-Free;Dairy-Free;Halal
1144,Smoky Berry Chia Yogurt Parfait Style 1144,Breakfast,0,1,475.4,27.1,34.4,28.4,3.55,Vegetarian;Gluten-Free;Halal
1145,Fresh Lean Ground Beef Stir-Fry with Brown Rice & Peppers Style 1145,Dinner,2,20,680.6,57.8,37.0,35.3,5.0,Gluten-Free;Dairy-Free;High-Protein;Halal
1146,Spicy Cheddar Cheese & Boiled Egg Power Snack Style 1146,Snack,3,10,221.7,15.5,3.0,16.4,1.02,Vegetarian;Keto;Gluten-Free;High-Protein;Halal
1147,Fresh Garlic Butter Shrimp with Zucchini Noodles & Tomatoes Style 1147,Dinner,2,15,410.4,59.6,16.2,13.2,6.64,Keto;Gluten-Free;High-Protein;Low-Carb;Halal
1148,Zesty Black Bean Burrito Bowl with Brown Rice Style 1148,Lunch,1,25,467.4,18.8,72.5,12.2,2.6,Vegan;Vegetarian;Gluten-Free;Dairy-Free;Halal
1149,Roasted Classic Spinach & Mushroom Omelette Style 1149,Breakfast,0,22,475.5,29.7,7.2,36.9,2.34,Vegetarian;Keto;Gluten-Free;High-Protein;Halal
1150,Crispy Apple Slices with Natural Peanut Butter Style 1150,Snack,3,4,299.4,9.3,31.8,17.9,1.03,Vegan;Vegetarian;Gluten-Free;Dairy-Free;Halal
1151,Roasted Classic Spinach & Mushroom Omelette Style 1151,Breakfast,0,13,493.4,35.1,6.0,36.5,2.93,Vegetarian;Keto;Gluten-Free;High-Protein;Halal
1152,Hearty Tuna Salad Whole Wheat Wrap Style 1152,Lunch,1,13,462.2,48.7,48.2,8.1,3.12,High-Protein;Halal
1153,Zesty Cheddar Cheese & Boiled Egg Power Snack Style 1153,Snack,3,3,260.4,17.9,2.8,19.7,1.09,Vegetarian;Keto;Gluten-Free;High-Protein;Halal
1154,Fiesta Classic Spinach & Mushroom Omelette Style 1154,Breakfast,0,16,480.1,35.2,6.1,35.0,2.84,Vegetarian;Keto;Gluten-Free;High-Protein;Halal
1155,Savory Avocado & Egg Whole Wheat Toast Style 1155,Breakfast,0,13,600.5,19.0,37.3,44.2,2.52,Vegetarian;Halal
1156,Rustic Avocado & Egg Whole Wheat Toast Style 1156,Breakfast,0,19,641.2,24.8,42.9,43.8,2.88,Vegetarian;Halal
1157,Crispy Cheddar Cheese & Boiled Egg Power Snack Style 1157,Snack,3,11,200.8,14.2,2.8,14.8,0.93,Vegetarian;Keto;Gluten-Free;High-Protein;Halal
1158,Spicy Classic Spinach & Mushroom Omelette Style 1158,Breakfast,0,22,452.0,30.9,5.3,34.4,2.58,Vegetarian;Keto;Gluten-Free;High-Protein;Halal
1159,Fiesta Lean Ground Beef Stir-Fry with Brown Rice & Peppers Style 1159,Dinner,2,35,506.8,43.0,29.4,25.7,3.8,Gluten-Free;Dairy-Free;High-Protein;Halal
1160,Zesty Pan-Seared Salmon with Garlic Butter Broccoli & Sweet Potato Style 1160,Dinner,2,33,870.3,58.4,54.1,45.6,9.12,Gluten-Free;High-Protein;Halal
1161,Hearty Avocado & Egg Whole Wheat Toast Style 1161,Breakfast,0,10,641.4,24.1,43.5,43.8,2.7,Vegetarian;Halal
1162,Golden Grilled Chicken & Quinoa Harvest Bowl Style 1162,Lunch,1,25,645.0,73.6,31.0,24.6,4.9,Gluten-Free;High-Protein;Halal
1163,Savory Strawberries & Dark Chocolate Walnut Cup Style 1163,Snack,3,9,69.2,2.6,15.6,0.4,1.52,Vegan;Vegetarian;Gluten-Free;Halal
1164,Spicy High-Protein Tofu Breakfast Scramble Style 1164,Breakfast,0,19,279.9,17.3,14.2,19.1,2.65,Vegan;Vegetarian;Gluten-Free;Dairy-Free;High-Protein;Halal
1165,Fresh Tuna Salad Whole Wheat Wrap Style 1165,Lunch,1,6,395.1,35.0,48.0,7.2,2.49,High-Protein;Halal
1166,Crispy Peanut Butter Banana Oatmeal Style 1166,Breakfast,0,8,627.0,23.5,82.3,25.8,1.68,Vegan;Vegetarian;Dairy-Free;Halal
1167,Spicy High-Protein Tofu Breakfast Scramble Style 1167,Breakfast,0,12,370.1,18.6,11.8,30.0,2.99,Vegan;Vegetarian;Gluten-Free;Dairy-Free;High-Protein;Halal
1168,Fresh Hearty Lentil & Vegetable Stew Style 1168,Dinner,2,44,333.4,16.6,67.3,1.1,2.06,Vegan;Vegetarian;Gluten-Free;Dairy-Free;Halal
1169,Smoky Mediterranean Chickpea & Avocado Salad Style 1169,Lunch,1,20,622.9,14.7,49.0,45.2,3.32,Vegan;Vegetarian;Gluten-Free;Dairy-Free;Halal
1170,Golden Classic Spinach & Mushroom Omelette Style 1170,Breakfast,0,23,457.6,31.7,6.1,34.5,2.87,Vegetarian;Keto;Gluten-Free;High-Protein;Halal
1171,Fiesta Pan-Seared Salmon with Garlic Butter Broccoli & Sweet Potato Style 1171,Dinner,2,29,824.4,56.4,46.1,44.8,8.7,Gluten-Free;High-Protein;Halal
1172,Golden Classic Spinach & Mushroom Omelette Style 1172,Breakfast,0,15,477.4,27.4,13.2,35.0,2.0,Vegetarian;Keto;Gluten-Free;High-Protein;Halal
1173,Crispy Avocado & Egg Whole Wheat Toast Style 1173,Breakfast,0,13,641.4,24.1,43.5,43.8,2.7,Vegetarian;Halal
1174,Fresh Pan-Seared Salmon with Garlic Butter Broccoli & Sweet Potato Style 1174,Dinner,2,33,606.7,46.1,42.8,27.1,6.74,Gluten-Free;High-Protein;Halal
1175,Crispy Mediterranean Chickpea & Avocado Salad Style 1175,Lunch,1,17,649.0,15.9,53.5,45.6,3.89,Vegan;Vegetarian;Gluten-Free;Dairy-Free;Halal
1176,Fresh Greek Yogurt Berry Nut Bowl Style 1176,Breakfast,0,8,466.7,28.1,41.7,23.8,4.25,Vegetarian;Gluten-Free;High-Protein;Halal
1177,Rustic Garlic Butter Shrimp with Zucchini Noodles & Tomatoes Style 1177,Dinner,2,26,572.9,68.5,15.9,25.9,4.91,Keto;Gluten-Free;High-Protein;Low-Carb;Halal
1178,Fiesta Creamy Garlic Parmesan Chicken Fettuccine Style 1178,Dinner,2,30,987.8,80.8,36.3,56.5,4.65,High-Protein;Halal
1179,Roasted Mediterranean Chickpea & Avocado Salad Style 1179,Lunch,1,15,582.5,14.6,49.6,40.3,3.6,Vegan;Vegetarian;Gluten-Free;Dairy-Free;Halal
1180,Smoky Pan-Seared Salmon with Garlic Butter Broccoli & Sweet Potato Style 1180,Dinner,2,29,719.9,40.3,54.5,37.9,6.79,Gluten-Free;High-Protein;Halal
1181,Fresh Banana Almond Protein Smoothie Style 1181,Snack,3,15,396.1,20.1,43.0,18.3,1.96,Vegetarian;Gluten-Free;Halal
1182,Smoky Greek Yogurt Berry Nut Bowl Style 1182,Breakfast,0,7,446.2,27.6,37.3,23.5,4.09,Vegetarian;Gluten-Free;High-Protein;Halal
1183,Zesty Turkey Avocado BLT Wrap Style 1183,Lunch,1,20,870.5,55.0,61.2,48.9,5.21,High-Protein;Halal
1184,Spicy Strawberries & Dark Chocolate Walnut Cup Style 1184,Snack,3,9,202.4,5.3,12.0,16.7,2.16,Vegan;Vegetarian;Gluten-Free;Halal
1185,Rustic Turkey Avocado BLT Wrap Style 1185,Lunch,1,19,805.9,45.3,60.2,46.4,4.5,High-Protein;Halal
1186,Fiesta Berry Chia Yogurt Parfait Style 1186,Breakfast,0,7,464.4,22.5,35.4,29.0,3.66,Vegetarian;Gluten-Free;Halal
1187,Roasted Grilled Chicken & Quinoa Harvest Bowl Style 1187,Lunch,1,30,631.6,76.4,34.6,20.2,5.13,Gluten-Free;High-Protein;Halal
1188,Roasted Berry Chia Yogurt Parfait Style 1188,Breakfast,0,5,534.0,28.3,38.5,33.0,3.99,Vegetarian;Gluten-Free;Halal
1189,Fresh Pan-Seared Salmon with Garlic Butter Broccoli & Sweet Potato Style 1189,Dinner,2,28,740.7,41.7,54.8,39.1,6.91,Gluten-Free;High-Protein;Halal
1190,Garden-Fresh Savory Tofu & Mushroom Teriyaki Bowl Style 1190,Dinner,2,35,492.7,23.2,63.3,20.0,4.22,Vegan;Vegetarian;Dairy-Free;Halal
1191,Rustic Strawberries & Dark Chocolate Walnut Cup Style 1191,Snack,3,2,230.7,4.6,20.5,16.6,2.34,Vegan;Vegetarian;Gluten-Free;Halal
1192,Roasted Strawberries & Dark Chocolate Walnut Cup Style 1192,Snack,3,14,230.7,4.6,20.5,16.6,2.34,Vegan;Vegetarian;Gluten-Free;Halal
1193,Zesty Berry Chia Yogurt Parfait Style 1193,Breakfast,0,12,397.8,21.2,29.4,24.4,3.47,Vegetarian;Gluten-Free;Halal
1194,Savory Black Bean Burrito Bowl with Brown Rice Style 1194,Lunch,1,21,389.6,14.7,58.0,11.8,2.15,Vegan;Vegetarian;Gluten-Free;Dairy-Free;Halal
1195,Spicy Lean Ground Beef Stir-Fry with Brown Rice & Peppers Style 1195,Dinner,2,24,734.8,56.7,53.2,35.2,5.05,Gluten-Free;Dairy-Free;High-Protein;Halal
1196,Smoky Cheddar Cheese & Boiled Egg Power Snack Style 1196,Snack,3,17,131.0,11.8,4.7,7.4,1.05,Vegetarian;Keto;Gluten-Free;High-Protein;Halal
1197,Fresh Pan-Seared Salmon with Garlic Butter Broccoli & Sweet Potato Style 1197,Dinner,2,40,841.9,49.7,61.2,43.8,8.06,Gluten-Free;High-Protein;Halal
1198,Rustic Classic Spinach & Mushroom Omelette Style 1198,Breakfast,0,14,487.8,30.9,5.3,38.5,2.64,Vegetarian;Keto;Gluten-Free;High-Protein;Halal
1199,Roasted Creamy Tomato & Mozzarella Penne Style 1199,Lunch,1,29,503.5,23.5,49.9,24.5,2.46,Vegetarian;Halal
1200,Spicy Savory Tofu & Mushroom Teriyaki Bowl Style 1200,Dinner,2,33,531.2,29.1,44.6,29.7,3.79,Vegan;Vegetarian;Dairy-Free;Halal
1201,Smoky Turkey Avocado BLT Wrap Style 1201,Lunch,1,13,891.9,58.8,60.4,49.9,5.28,High-Protein;Halal
1202,Smoky Avocado & Egg Whole Wheat Toast Style 1202,Breakfast,0,16,398.6,20.9,30.1,21.7,1.33,Vegetarian;Halal
1203,Hearty Cheddar Cheese & Boiled Egg Power Snack Style 1203,Snack,3,13,291.4,19.2,5.4,21.4,1.08,Vegetarian;Keto;Gluten-Free;High-Protein;Halal
1204,Savory Creamy Tomato & Mozzarella Penne Style 1204,Lunch,1,18,443.0,21.1,38.0,24.0,2.14,Vegetarian;Halal
1205,Rustic Black Bean Burrito Bowl with Brown Rice Style 1205,Lunch,1,28,365.9,17.4,61.2,6.8,2.25,Vegan;Vegetarian;Gluten-Free;Dairy-Free;Halal
1206,Fiesta Creamy Garlic Parmesan Chicken Fettuccine Style 1206,Dinner,2,30,928.2,85.2,38.8,46.4,4.68,High-Protein;Halal
1207,Rustic Turkey Avocado BLT Wrap Style 1207,Lunch,1,14,807.4,45.4,60.4,46.4,4.57,High-Protein;Halal
1208,Savory Grilled Chicken & Quinoa Harvest Bowl Style 1208,Lunch,1,22,531.6,52.5,30.5,22.3,4.13,Gluten-Free;High-Protein;Halal
1209,Hearty Garlic Butter Shrimp with Zucchini Noodles & Tomatoes Style 1209,Dinner,2,27,504.8,59.0,14.7,24.8,6.88,Keto;Gluten-Free;High-Protein;Low-Carb;Halal
1210,Garden-Fresh Garlic Butter Shrimp with Zucchini Noodles & Tomatoes Style 1210,Dinner,2,26,485.3,52.3,16.9,24.7,6.29,Keto;Gluten-Free;High-Protein;Low-Carb;Halal
1211,Fiesta Savory Tofu & Mushroom Teriyaki Bowl Style 1211,Dinner,2,34,396.9,22.3,39.8,19.3,3.54,Vegan;Vegetarian;Dairy-Free;Halal
1212,Fiesta Pan-Seared Salmon with Garlic Butter Broccoli & Sweet Potato Style 1212,Dinner,2,27,691.2,50.7,55.9,28.5,7.81,Gluten-Free;High-Protein;Halal
1213,Fiesta Creamy Garlic Parmesan Chicken Fettuccine Style 1213,Dinner,2,30,800.5,30.1,65.2,48.2,2.57,High-Protein;Halal
1214,Herb-Crusted Berry Chia Yogurt Parfait Style 1214,Breakfast,0,13,488.7,25.4,35.3,30.4,3.68,Vegetarian;Gluten-Free;Halal
1215,Fiesta Creamy Tomato & Mozzarella Penne Style 1215,Lunch,1,22,505.7,11.2,46.6,31.5,2.12,Vegetarian;Halal
1216,Roasted Apple Slices with Natural Peanut Butter Style 1216,Snack,3,11,299.4,9.3,31.8,17.9,1.03,Vegan;Vegetarian;Gluten-Free;Dairy-Free;Halal
1217,Spicy Peanut Butter Banana Oatmeal Style 1217,Breakfast,0,12,673.1,26.1,87.6,27.7,1.38,Vegan;Vegetarian;Dairy-Free;Halal
1218,Fresh Classic Spinach & Mushroom Omelette Style 1218,Breakfast,0,13,507.0,30.2,5.7,40.9,2.78,Vegetarian;Keto;Gluten-Free;High-Protein;Halal
1219,Spicy Berry Chia Yogurt Parfait Style 1219,Breakfast,0,5,448.8,25.2,31.5,27.4,3.71,Vegetarian;Gluten-Free;Halal
1220,Golden Greek Yogurt Berry Nut Bowl Style 1220,Breakfast,0,10,449.9,22.2,40.2,25.4,4.15,Vegetarian;Gluten-Free;High-Protein;Halal
1221,Fresh High-Protein Tofu Breakfast Scramble Style 1221,Breakfast,0,13,300.4,20.6,12.7,21.0,3.15,Vegan;Vegetarian;Gluten-Free;Dairy-Free;High-Protein;Halal
1222,Smoky High-Protein Tofu Breakfast Scramble Style 1222,Breakfast,0,25,331.6,46.2,8.9,11.8,3.38,Vegan;Vegetarian;Gluten-Free;Dairy-Free;High-Protein;Halal
1223,Smoky Banana Almond Protein Smoothie Style 1223,Snack,3,11,1257.2,95.3,51.6,76.7,5.77,Vegetarian;Gluten-Free;Halal
1224,Roasted Strawberries & Dark Chocolate Walnut Cup Style 1224,Snack,3,0,224.3,4.5,19.0,16.6,2.04,Vegan;Vegetarian;Gluten-Free;Halal
1225,Zesty Grilled Chicken & Quinoa Harvest Bowl Style 1225,Lunch,1,23,556.9,57.0,31.3,22.7,4.23,Gluten-Free;High-Protein;Halal
1226,Savory Creamy Garlic Parmesan Chicken Fettuccine Style 1226,Dinner,2,36,981.9,72.3,32.8,61.8,4.53,High-Protein;Halal
1227,Zesty Strawberries & Dark Chocolate Walnut Cup Style 1227,Snack,3,5,219.5,4.4,17.8,16.5,1.82,Vegan;Vegetarian;Gluten-Free;Halal
1228,Fresh Greek Yogurt Berry Nut Bowl Style 1228,Breakfast,0,15,498.3,30.2,41.1,26.8,4.57,Vegetarian;Gluten-Free;High-Protein;Halal
1229,Fresh Avocado & Egg Whole Wheat Toast Style 1229,Breakfast,0,19,718.7,21.9,58.9,46.7,2.71,Vegetarian;Halal
1230,Herb-Crusted Strawberries & Dark Chocolate Walnut Cup Style 1230,Snack,3,11,238.6,5.7,14.7,19.7,1.28,Vegan;Vegetarian;Gluten-Free;Halal
1231,Herb-Crusted Peanut Butter Banana Oatmeal Style 1231,Breakfast,0,19,661.6,24.6,85.7,28.0,1.3,Vegan;Vegetarian;Dairy-Free;Halal
1232,Hearty Mediterranean Chickpea & Avocado Salad Style 1232,Lunch,1,21,860.7,51.4,21.1,68.0,6.18,Vegan;Vegetarian;Gluten-Free;Dairy-Free;Halal
1233,Fiesta Cheddar Cheese & Boiled Egg Power Snack Style 1233,Snack,3,12,260.4,17.9,2.8,19.7,1.09,Vegetarian;Keto;Gluten-Free;High-Protein;Halal
1234,Savory Berry Chia Yogurt Parfait Style 1234,Breakfast,0,0,409.2,20.5,31.3,25.1,2.88,Vegetarian;Gluten-Free;Halal
1235,Fiesta Apple Slices with Natural Peanut Butter Style 1235,Snack,3,10,270.0,8.0,30.8,15.4,0.99,Vegan;Vegetarian;Gluten-Free;Dairy-Free;Halal
1236,Zesty High-Protein Tofu Breakfast Scramble Style 1236,Breakfast,0,12,344.2,19.8,14.3,25.6,3.15,Vegan;Vegetarian;Gluten-Free;Dairy-Free;High-Protein;Halal
1237,Zesty Cheddar Cheese & Boiled Egg Power Snack Style 1237,Snack,3,7,222.4,15.5,3.2,16.4,1.04,Vegetarian;Keto;Gluten-Free;High-Protein;Halal
1238,Spicy Apple Slices with Natural Peanut Butter Style 1238,Snack,3,12,328.8,10.5,32.8,20.4,1.07,Vegan;Vegetarian;Gluten-Free;Dairy-Free;Halal
1239,Herb-Crusted Peanut Butter Banana Oatmeal Style 1239,Breakfast,0,5,1099.2,54.8,74.9,67.6,2.62,Vegan;Vegetarian;Dairy-Free;Halal
1240,Savory Tuna Salad Whole Wheat Wrap Style 1240,Lunch,1,16,469.1,50.0,48.5,8.2,3.21,High-Protein;Halal
1241,Herb-Crusted Banana Almond Protein Smoothie Style 1241,Snack,3,2,404.8,17.5,50.2,17.4,1.85,Vegetarian;Gluten-Free;Halal
1242,Crispy Lean Ground Beef Stir-Fry with Brown Rice & Peppers Style 1242,Dinner,2,30,671.3,61.0,26.9,37.5,5.06,Gluten-Free;Dairy-Free;High-Protein;Halal
1243,Rustic Creamy Tomato & Mozzarella Penne Style 1243,Lunch,1,16,523.5,25.3,48.5,26.4,2.39,Vegetarian;Halal
1244,Zesty Mediterranean Chickpea & Avocado Salad Style 1244,Lunch,1,18,558.5,13.2,45.9,39.8,3.67,Vegan;Vegetarian;Gluten-Free;Dairy-Free;Halal
1245,Smoky Lean Ground Beef Stir-Fry with Brown Rice & Peppers Style 1245,Dinner,2,25,563.6,48.7,30.3,29.1,4.34,Gluten-Free;Dairy-Free;High-Protein;Halal
1246,Rustic Mediterranean Chickpea & Avocado Salad Style 1246,Lunch,1,10,591.5,15.1,51.2,40.4,3.72,Vegan;Vegetarian;Gluten-Free;Dairy-Free;Halal
1247,Savory Garlic Butter Shrimp with Zucchini Noodles & Tomatoes Style 1247,Dinner,2,17,445.4,48.4,14.0,23.1,5.82,Keto;Gluten-Free;High-Protein;Low-Carb;Halal
1248,Herb-Crusted Hearty Lentil & Vegetable Stew Style 1248,Dinner,2,33,374.2,15.0,57.2,11.0,1.93,Vegan;Vegetarian;Gluten-Free;Dairy-Free;Halal
1249,Garden-Fresh Creamy Tomato & Mozzarella Penne Style 1249,Lunch,1,25,426.8,20.3,34.9,23.9,1.95,Vegetarian;Halal
1250,Zesty Avocado & Egg Whole Wheat Toast Style 1250,Breakfast,0,8,610.0,26.5,45.1,38.7,2.57,Vegetarian;Halal
1251,Zesty Grilled Chicken & Quinoa Harvest Bowl Style 1251,Lunch,1,28,513.5,48.7,30.9,21.7,3.73,Gluten-Free;High-Protein;Halal
1252,Zesty Hearty Lentil & Vegetable Stew Style 1252,Dinner,2,38,308.1,14.8,63.0,1.1,2.01,Vegan;Vegetarian;Gluten-Free;Dairy-Free;Halal
1253,Crispy Lean Ground Beef Stir-Fry with Brown Rice & Peppers Style 1253,Dinner,2,20,573.8,50.3,27.7,30.7,4.34,Gluten-Free;Dairy-Free;High-Protein;Halal
1254,Zesty Greek Yogurt Berry Nut Bowl Style 1254,Breakfast,0,2,495.4,31.1,42.7,25.3,4.43,Vegetarian;Gluten-Free;High-Protein;Halal
1255,Zesty Peanut Butter Banana Oatmeal Style 1255,Breakfast,0,13,686.1,26.7,85.5,30.0,1.42,Vegan;Vegetarian;Dairy-Free;Halal
1256,Hearty Apple Slices with Natural Peanut Butter Style 1256,Snack,3,6,358.2,11.8,33.8,22.9,1.11,Vegan;Vegetarian;Gluten-Free;Dairy-Free;Halal
1257,Zesty Apple Slices with Natural Peanut Butter Style 1257,Snack,3,8,328.8,10.5,32.8,20.4,1.07,Vegan;Vegetarian;Gluten-Free;Dairy-Free;Halal
1258,Zesty Berry Chia Yogurt Parfait Style 1258,Breakfast,0,15,407.4,21.3,31.6,24.4,3.29,Vegetarian;Gluten-Free;Halal
1259,Smoky Pan-Seared Salmon with Garlic Butter Broccoli & Sweet Potato Style 1259,Dinner,2,38,852.2,50.7,61.2,44.4,8.19,Gluten-Free;High-Protein;Halal
1260,Fresh Pan-Seared Salmon with Garlic Butter Broccoli & Sweet Potato Style 1260,Dinner,2,40,584.8,25.3,86.5,17.8,3.15,Gluten-Free;High-Protein;Halal
1261,Rustic Apple Slices with Natural Peanut Butter Style 1261,Snack,3,11,328.8,10.5,32.8,20.4,1.07,Vegan;Vegetarian;Gluten-Free;Dairy-Free;Halal
1262,Hearty Berry Chia Yogurt Parfait Style 1262,Breakfast,0,14,475.3,26.3,36.3,27.9,3.92,Vegetarian;Gluten-Free;Halal
1263,Savory Classic Spinach & Mushroom Omelette Style 1263,Breakfast,0,10,489.1,31.1,5.5,38.5,2.67,Vegetarian;Keto;Gluten-Free;High-Protein;Halal
1264,Spicy Grilled Chicken & Quinoa Harvest Bowl Style 1264,Lunch,1,20,487.8,51.1,32.9,17.0,3.94,Gluten-Free;High-Protein;Halal
1265,Smoky Cheddar Cheese & Boiled Egg Power Snack Style 1265,Snack,3,5,223.2,15.5,3.4,16.4,1.07,Vegetarian;Keto;Gluten-Free;High-Protein;Halal
1266,Golden Mediterranean Chickpea & Avocado Salad Style 1266,Lunch,1,11,655.6,16.2,54.7,45.7,3.94,Vegan;Vegetarian;Gluten-Free;Dairy-Free;Halal
1267,Savory Peanut Butter Banana Oatmeal Style 1267,Breakfast,0,5,736.4,29.1,96.2,29.7,1.53,Vegan;Vegetarian;Dairy-Free;Halal
1268,Roasted Avocado & Egg Whole Wheat Toast Style 1268,Breakfast,0,16,640.5,24.0,43.3,43.7,2.67,Vegetarian;Halal
1269,Roasted Garlic Butter Shrimp with Zucchini Noodles & Tomatoes Style 1269,Dinner,2,16,569.6,69.6,17.0,26.3,7.89,Keto;Gluten-Free;High-Protein;Low-Carb;Halal
1270,Rustic Classic Spinach & Mushroom Omelette Style 1270,Breakfast,0,12,483.8,29.8,5.3,38.3,2.38,Vegetarian;Keto;Gluten-Free;High-Protein;Halal
1271,Fresh Black Bean Burrito Bowl with Brown Rice Style 1271,Lunch,1,23,417.4,15.7,63.7,12.0,2.4,Vegan;Vegetarian;Gluten-Free;Dairy-Free;Halal
1272,Fresh Berry Chia Yogurt Parfait Style 1272,Breakfast,0,15,496.8,26.4,35.3,30.9,3.68,Vegetarian;Gluten-Free;Halal
1273,Fiesta Strawberries & Dark Chocolate Walnut Cup Style 1273,Snack,3,7,219.5,4.4,17.8,16.5,1.82,Vegan;Vegetarian;Gluten-Free;Halal
1274,Smoky Avocado & Egg Whole Wheat Toast Style 1274,Breakfast,0,12,581.6,24.0,51.4,33.7,2.61,Vegetarian;Halal
1275,Garden-Fresh Creamy Tomato & Mozzarella Penne Style 1275,Lunch,1,20,495.9,24.9,40.4,27.2,2.32,Vegetarian;Halal
1276,Fiesta Black Bean Burrito Bowl with Brown Rice Style 1276,Lunch,1,23,380.0,13.6,56.8,11.8,2.22,Vegan;Vegetarian;Gluten-Free;Dairy-Free;Halal
1277,Crispy Banana Almond Protein Smoothie Style 1277,Snack,3,3,398.7,17.1,49.8,17.1,1.83,Vegetarian;Gluten-Free;Halal
1278,Herb-Crusted Pan-Seared Salmon with Garlic Butter Broccoli & Sweet Potato Style 1278,Dinner,2,25,716.8,41.4,59.9,34.5,6.92,Gluten-Free;High-Protein;Halal
1279,Fresh Garlic Butter Shrimp with Zucchini Noodles & Tomatoes Style 1279,Dinner,2,23,525.6,69.8,11.8,23.5,8.17,Keto;Gluten-Free;High-Protein;Low-Carb;Halal
1280,Spicy Pan-Seared Salmon with Garlic Butter Broccoli & Sweet Potato Style 1280,Dinner,2,27,747.8,41.1,58.9,38.5,6.91,Gluten-Free;High-Protein;Halal
1281,Savory Black Bean Burrito Bowl with Brown Rice Style 1281,Lunch,1,20,404.7,14.7,61.5,11.9,2.36,Vegan;Vegetarian;Gluten-Free;Dairy-Free;Halal
1282,Garden-Fresh Grilled Chicken & Quinoa Harvest Bowl Style 1282,Lunch,1,23,564.4,58.1,41.5,17.5,3.77,Gluten-Free;High-Protein;Halal
1283,Golden Pan-Seared Salmon with Garlic Butter Broccoli & Sweet Potato Style 1283,Dinner,2,33,884.9,55.0,58.8,47.1,8.75,Gluten-Free;High-Protein;Halal
1284,Fresh Peanut Butter Banana Oatmeal Style 1284,Breakfast,0,17,561.1,20.4,80.2,20.8,1.23,Vegan;Vegetarian;Dairy-Free;Halal
1285,Spicy Avocado & Egg Whole Wheat Toast Style 1285,Breakfast,0,6,503.3,11.5,42.6,34.9,2.09,Vegetarian;Halal
1286,Roasted Savory Tofu & Mushroom Teriyaki Bowl Style 1286,Dinner,2,23,598.4,31.9,58.4,30.4,4.74,Vegan;Vegetarian;Dairy-Free;Halal
1287,Golden Mediterranean Chickpea & Avocado Salad Style 1287,Lunch,1,14,606.1,15.9,53.9,40.6,3.86,Vegan;Vegetarian;Gluten-Free;Dairy-Free;Halal
1288,Crispy Apple Slices with Natural Peanut Butter Style 1288,Snack,3,10,299.4,9.3,31.8,17.9,1.03,Vegan;Vegetarian;Gluten-Free;Dairy-Free;Halal
1289,Rustic Apple Slices with Natural Peanut Butter Style 1289,Snack,3,6,328.8,10.5,32.8,20.4,1.07,Vegan;Vegetarian;Gluten-Free;Dairy-Free;Halal
1290,Smoky Creamy Tomato & Mozzarella Penne Style 1290,Lunch,1,30,480.3,22.8,42.8,25.2,2.1,Vegetarian;Halal
1291,Hearty Turkey Avocado BLT Wrap Style 1291,Lunch,1,11,863.8,54.6,59.8,48.8,4.96,High-Protein;Halal
1292,Fresh Mediterranean Chickpea & Avocado Salad Style 1292,Lunch,1,11,600.3,15.6,52.9,40.5,3.84,Vegan;Vegetarian;Gluten-Free;Dairy-Free;Halal
1293,Roasted Peanut Butter Banana Oatmeal Style 1293,Breakfast,0,9,657.8,25.8,81.6,29.0,1.25,Vegan;Vegetarian;Dairy-Free;Halal
1294,Roasted Black Bean Burrito Bowl with Brown Rice Style 1294,Lunch,1,28,408.9,20.6,72.9,5.1,2.51,Vegan;Vegetarian;Gluten-Free;Dairy-Free;Halal
1295,Spicy Lean Ground Beef Stir-Fry with Brown Rice & Peppers Style 1295,Dinner,2,34,580.4,49.9,32.2,30.1,4.92,Gluten-Free;Dairy-Free;High-Protein;Halal
1296,Roasted Creamy Tomato & Mozzarella Penne Style 1296,Lunch,1,15,531.1,25.4,50.1,26.5,2.42,Vegetarian;Halal
1297,Herb-Crusted Lean Ground Beef Stir-Fry with Brown Rice & Peppers Style 1297,Dinner,2,33,556.6,46.2,34.3,27.6,4.11,Gluten-Free;Dairy-Free;High-Protein;Halal
1298,Garden-Fresh Creamy Tomato & Mozzarella Penne Style 1298,Lunch,1,20,556.5,22.4,64.4,25.3,2.09,Vegetarian;Halal
1299,Herb-Crusted Peanut Butter Banana Oatmeal Style 1299,Breakfast,0,20,602.6,22.9,76.7,26.0,1.27,Vegan;Vegetarian;Dairy-Free;Halal
1300,Crispy Black Bean Burrito Bowl with Brown Rice Style 1300,Lunch,1,17,361.0,13.2,52.5,11.6,1.93,Vegan;Vegetarian;Gluten-Free;Dairy-Free;Halal
1301,Roasted Turkey Avocado BLT Wrap Style 1301,Lunch,1,10,887.6,57.7,61.3,49.6,5.36,High-Protein;Halal
1302,Spicy Peanut Butter Banana Oatmeal Style 1302,Breakfast,0,16,516.8,18.1,61.4,25.1,1.56,Vegan;Vegetarian;Dairy-Free;Halal
1303,Smoky Creamy Garlic Parmesan Chicken Fettuccine Style 1303,Dinner,2,38,974.7,87.1,41.7,49.5,4.82,High-Protein;Halal
1304,Herb-Crusted Avocado & Egg Whole Wheat Toast Style 1304,Breakfast,0,20,638.7,23.9,42.9,43.7,2.61,Vegetarian;Halal
1305,Hearty Creamy Tomato & Mozzarella Penne Style 1305,Lunch,1,20,480.8,23.1,42.8,25.3,2.33,Vegetarian;Halal
1306,Rustic Turkey Avocado BLT Wrap Style 1306,Lunch,1,18,663.0,57.3,48.2,28.2,4.21,High-Protein;Halal
1307,Zesty Greek Yogurt Berry Nut Bowl Style 1307,Breakfast,0,2,451.9,28.3,36.9,23.8,3.61,Vegetarian;Gluten-Free;High-Protein;Halal
1308,Herb-Crusted Peanut Butter Banana Oatmeal Style 1308,Breakfast,0,20,699.8,27.1,93.3,27.7,1.35,Vegan;Vegetarian;Dairy-Free;Halal
1309,Fresh Strawberries & Dark Chocolate Walnut Cup Style 1309,Snack,3,11,294.5,6.1,21.5,23.1,2.47,Vegan;Vegetarian;Gluten-Free;Halal
1310,Hearty Grilled Chicken & Quinoa Harvest Bowl Style 1310,Lunch,1,32,617.1,67.9,31.3,24.0,4.68,Gluten-Free;High-Protein;Halal
1311,Herb-Crusted Strawberries & Dark Chocolate Walnut Cup Style 1311,Snack,3,1,354.1,6.1,13.6,33.2,2.57,Vegan;Vegetarian;Gluten-Free;Halal
1312,Smoky Banana Almond Protein Smoothie Style 1312,Snack,3,7,424.0,18.2,45.5,21.5,1.81,Vegetarian;Gluten-Free;Halal
1313,Garden-Fresh Creamy Tomato & Mozzarella Penne Style 1313,Lunch,1,17,438.3,18.4,42.2,22.7,2.16,Vegetarian;Halal
1314,Spicy Pan-Seared Salmon with Garlic Butter Broccoli & Sweet Potato Style 1314,Dinner,2,33,795.0,46.8,46.9,46.4,7.1,Gluten-Free;High-Protein;Halal
1315,Crispy Tuna Salad Whole Wheat Wrap Style 1315,Lunch,1,11,407.5,36.2,48.9,7.8,2.66,High-Protein;Halal
1316,Garden-Fresh Creamy Garlic Parmesan Chicken Fettuccine Style 1316,Dinner,2,28,923.0,86.3,32.0,48.5,4.83,High-Protein;Halal
1317,Roasted High-Protein Tofu Breakfast Scramble Style 1317,Breakfast,0,23,358.7,16.8,13.0,28.9,2.88,Vegan;Vegetarian;Gluten-Free;Dairy-Free;High-Protein;Halal
1318,Roasted Apple Slices with Natural Peanut Butter Style 1318,Snack,3,-1,270.0,8.0,30.8,15.4,0.99,Vegan;Vegetarian;Gluten-Free;Dairy-Free;Halal
1319,Golden Black Bean Burrito Bowl with Brown Rice Style 1319,Lunch,1,17,441.2,16.5,69.1,11.5,2.4,Vegan;Vegetarian;Gluten-Free;Dairy-Free;Halal
1320,Roasted Banana Almond Protein Smoothie Style 1320,Snack,3,7,424.6,18.0,50.6,19.4,1.9,Vegetarian;Gluten-Free;Halal
1321,Spicy Apple Slices with Natural Peanut Butter Style 1321,Snack,3,1,270.0,8.0,30.8,15.4,0.99,Vegan;Vegetarian;Gluten-Free;Dairy-Free;Halal
1322,Savory High-Protein Tofu Breakfast Scramble Style 1322,Breakfast,0,16,352.0,20.9,13.8,26.3,3.21,Vegan;Vegetarian;Gluten-Free;Dairy-Free;High-Protein;Halal
1323,Roasted Berry Chia Yogurt Parfait Style 1323,Breakfast,0,3,849.0,52.8,32.8,59.8,4.51,Vegetarian;Gluten-Free;Halal
1324,Herb-Crusted Classic Spinach & Mushroom Omelette Style 1324,Breakfast,0,13,467.9,29.7,5.2,36.8,2.55,Vegetarian;Keto;Gluten-Free;High-Protein;Halal
1325,Zesty Greek Yogurt Berry Nut Bowl Style 1325,Breakfast,0,12,469.4,26.2,46.9,22.8,4.34,Vegetarian;Gluten-Free;High-Protein;Halal
1326,Zesty Peanut Butter Banana Oatmeal Style 1326,Breakfast,0,14,1160.2,25.5,82.1,85.6,2.5,Vegan;Vegetarian;Dairy-Free;Halal
1327,Fiesta Creamy Tomato & Mozzarella Penne Style 1327,Lunch,1,19,477.7,22.9,42.3,25.3,2.34,Vegetarian;Halal
1328,Golden Grilled Chicken & Quinoa Harvest Bowl Style 1328,Lunch,1,32,505.3,22.8,68.1,17.9,2.74,Gluten-Free;High-Protein;Halal
1329,Zesty Berry Chia Yogurt Parfait Style 1329,Breakfast,0,2,484.1,24.1,41.1,28.0,3.74,Vegetarian;Gluten-Free;Halal
1330,Zesty Creamy Tomato & Mozzarella Penne Style 1330,Lunch,1,26,488.4,22.0,47.5,24.2,1.98,Vegetarian;Halal
1331,Savory Black Bean Burrito Bowl with Brown Rice Style 1331,Lunch,1,25,451.6,17.8,70.0,12.2,2.7,Vegan;Vegetarian;Gluten-Free;Dairy-Free;Halal
1332,Crispy Peanut Butter Banana Oatmeal Style 1332,Breakfast,0,5,723.9,28.5,90.3,31.4,1.52,Vegan;Vegetarian;Dairy-Free;Halal
1333,Smoky Turkey Avocado BLT Wrap Style 1333,Lunch,1,22,849.4,52.0,60.4,48.1,4.9,High-Protein;Halal
1334,Crispy Berry Chia Yogurt Parfait Style 1334,Breakfast,0,3,462.4,25.2,35.2,27.4,3.69,Vegetarian;Gluten-Free;Halal
1335,Roasted Hearty Lentil & Vegetable Stew Style 1335,Dinner,2,44,491.8,20.1,70.7,16.4,2.55,Vegan;Vegetarian;Gluten-Free;Dairy-Free;Halal
1336,Zesty Pan-Seared Salmon with Garlic Butter Broccoli & Sweet Potato Style 1336,Dinner,2,39,763.4,50.4,44.5,41.5,7.84,Gluten-Free;High-Protein;Halal
1337,Roasted Cheddar Cheese & Boiled Egg Power Snack Style 1337,Snack,3,3,191.8,11.6,2.4,15.3,0.8,Vegetarian;Keto;Gluten-Free;High-Protein;Halal
1338,Golden Apple Slices with Natural Peanut Butter Style 1338,Snack,3,9,358.2,11.8,33.8,22.9,1.11,Vegan;Vegetarian;Gluten-Free;Dairy-Free;Halal
1339,Roasted Creamy Tomato & Mozzarella Penne Style 1339,Lunch,1,17,370.0,15.2,41.6,16.5,2.02,Vegetarian;Halal
1340,Roasted Peanut Butter Banana Oatmeal Style 1340,Breakfast,0,9,662.0,25.8,88.1,26.2,1.43,Vegan;Vegetarian;Dairy-Free;Halal
1341,Rustic Lean Ground Beef Stir-Fry with Brown Rice & Peppers Style 1341,Dinner,2,28,525.6,44.5,30.4,26.6,4.17,Gluten-Free;Dairy-Free;High-Protein;Halal
1342,Rustic Turkey Avocado BLT Wrap Style 1342,Lunch,1,14,915.6,58.5,66.9,49.9,5.92,High-Protein;Halal
1343,Fresh Classic Spinach & Mushroom Omelette Style 1343,Breakfast,0,22,275.4,12.4,4.5,24.2,1.84,Vegetarian;Keto;Gluten-Free;High-Protein;Halal
1344,Garden-Fresh Mediterranean Chickpea & Avocado Salad Style 1344,Lunch,1,22,629.9,17.3,57.8,41.0,3.95,Vegan;Vegetarian;Gluten-Free;Dairy-Free;Halal
1345,Roasted Berry Chia Yogurt Parfait Style 1345,Breakfast,0,5,1383.1,8.2,28.4,142.6,3.62,Vegetarian;Gluten-Free;Halal
1346,Garden-Fresh Berry Chia Yogurt Parfait Style 1346,Breakfast,0,11,388.3,20.5,34.7,21.1,3.18,Vegetarian;Gluten-Free;Halal
1347,Spicy Classic Spinach & Mushroom Omelette Style 1347,Breakfast,0,21,284.2,12.9,5.0,24.9,2.04,Vegetarian;Keto;Gluten-Free;High-Protein;Halal
1348,Fresh Classic Spinach & Mushroom Omelette Style 1348,Breakfast,0,11,375.7,30.7,6.7,25.4,2.66,Vegetarian;Keto;Gluten-Free;High-Protein;Halal
1349,Hearty Turkey Avocado BLT Wrap Style 1349,Lunch,1,23,900.9,60.2,60.4,50.2,5.4,High-Protein;Halal
1350,Golden Apple Slices with Natural Peanut Butter Style 1350,Snack,3,0,240.6,6.8,29.8,12.9,0.95,Vegan;Vegetarian;Gluten-Free;Dairy-Free;Halal
1351,Fresh Garlic Butter Shrimp with Zucchini Noodles & Tomatoes Style 1351,Dinner,2,29,560.5,66.9,14.9,27.5,7.85,Keto;Gluten-Free;High-Protein;Low-Carb;Halal
1352,Fresh Lean Ground Beef Stir-Fry with Brown Rice & Peppers Style 1352,Dinner,2,23,617.2,53.7,31.2,32.6,4.77,Gluten-Free;Dairy-Free;High-Protein;Halal
1353,Garden-Fresh Lean Ground Beef Stir-Fry with Brown Rice & Peppers Style 1353,Dinner,2,26,750.6,42.3,35.2,50.8,4.35,Gluten-Free;Dairy-Free;High-Protein;Halal
1354,Zesty Avocado & Egg Whole Wheat Toast Style 1354,Breakfast,0,19,399.9,21.0,30.4,21.7,1.4,Vegetarian;Halal
1355,Hearty Black Bean Burrito Bowl with Brown Rice Style 1355,Lunch,1,16,480.0,21.1,71.8,13.1,3.11,Vegan;Vegetarian;Gluten-Free;Dairy-Free;Halal
1356,Rustic Pan-Seared Salmon with Garlic Butter Broccoli & Sweet Potato Style 1356,Dinner,2,33,894.1,58.0,51.5,49.6,9.06,Gluten-Free;High-Protein;Halal
1357,Roasted Black Bean Burrito Bowl with Brown Rice Style 1357,Lunch,1,24,413.0,16.0,62.3,11.9,2.39,Vegan;Vegetarian;Gluten-Free;Dairy-Free;Halal
1358,Herb-Crusted Pan-Seared Salmon with Garlic Butter Broccoli & Sweet Potato Style 1358,Dinner,2,39,821.6,48.1,48.5,47.7,7.67,Gluten-Free;High-Protein;Halal
1359,Golden Banana Almond Protein Smoothie Style 1359,Snack,3,1,400.5,17.5,49.7,17.2,1.85,Vegetarian;Gluten-Free;Halal
1360,Golden Savory Tofu & Mushroom Teriyaki Bowl Style 1360,Dinner,2,22,446.6,28.0,40.2,22.9,4.14,Vegan;Vegetarian;Dairy-Free;Halal
1361,Spicy Peanut Butter Banana Oatmeal Style 1361,Breakfast,0,6,826.8,29.2,116.2,32.2,2.71,Vegan;Vegetarian;Dairy-Free;Halal
1362,Garden-Fresh Strawberries & Dark Chocolate Walnut Cup Style 1362,Snack,3,6,253.8,5.2,18.9,19.8,2.0,Vegan;Vegetarian;Gluten-Free;Halal
1363,Rustic Creamy Tomato & Mozzarella Penne Style 1363,Lunch,1,25,447.3,20.0,44.2,22.1,2.0,Vegetarian;Halal
1364,Golden Apple Slices with Natural Peanut Butter Style 1364,Snack,3,11,240.6,6.8,29.8,12.9,0.95,Vegan;Vegetarian;Gluten-Free;Dairy-Free;Halal
1365,Savory Greek Yogurt Berry Nut Bowl Style 1365,Breakfast,0,14,545.8,31.4,30.6,36.8,4.07,Vegetarian;Gluten-Free;High-Protein;Halal
1366,Fresh Cheddar Cheese & Boiled Egg Power Snack Style 1366,Snack,3,6,239.6,16.6,2.5,18.0,1.01,Vegetarian;Keto;Gluten-Free;High-Protein;Halal
1367,Garden-Fresh Creamy Garlic Parmesan Chicken Fettuccine Style 1367,Dinner,2,25,824.6,63.3,30.9,49.0,3.75,High-Protein;Halal
1368,Fiesta Mediterranean Chickpea & Avocado Salad Style 1368,Lunch,1,7,653.4,16.2,53.8,45.8,3.69,Vegan;Vegetarian;Gluten-Free;Dairy-Free;Halal
1369,Garden-Fresh Grilled Chicken & Quinoa Harvest Bowl Style 1369,Lunch,1,29,552.1,74.2,27.1,15.8,4.62,Gluten-Free;High-Protein;Halal
1370,Savory Avocado & Egg Whole Wheat Toast Style 1370,Breakfast,0,16,647.9,24.1,44.5,43.8,2.8,Vegetarian;Halal
1371,Smoky Turkey Avocado BLT Wrap Style 1371,Lunch,1,10,879.9,55.6,62.0,49.2,5.39,High-Protein;Halal
1372,Zesty Cheddar Cheese & Boiled Egg Power Snack Style 1372,Snack,3,4,243.3,16.8,3.4,18.1,1.13,Vegetarian;Keto;Gluten-Free;High-Protein;Halal
1373,Roasted Avocado & Egg Whole Wheat Toast Style 1373,Breakfast,0,13,641.4,24.1,43.5,43.8,2.7,Vegetarian;Halal
1374,Herb-Crusted Strawberries & Dark Chocolate Walnut Cup Style 1374,Snack,3,8,294.5,6.1,21.5,23.1,2.47,Vegan;Vegetarian;Gluten-Free;Halal
1375,Fresh Black Bean Burrito Bowl with Brown Rice Style 1375,Lunch,1,20,451.1,17.7,69.7,12.2,2.56,Vegan;Vegetarian;Gluten-Free;Dairy-Free;Halal
1376,Golden Creamy Tomato & Mozzarella Penne Style 1376,Lunch,1,20,683.4,18.6,110.3,22.4,2.81,Vegetarian;Halal
1377,Savory Black Bean Burrito Bowl with Brown Rice Style 1377,Lunch,1,22,399.8,15.5,59.9,11.8,2.36,Vegan;Vegetarian;Gluten-Free;Dairy-Free;Halal
1378,Rustic Mediterranean Chickpea & Avocado Salad Style 1378,Lunch,1,8,567.1,13.7,46.8,40.1,3.44,Vegan;Vegetarian;Gluten-Free;Dairy-Free;Halal
1379,Hearty Turkey Avocado BLT Wrap Style 1379,Lunch,1,22,875.7,40.3,60.8,56.8,4.75,High-Protein;Halal
1380,Spicy Pan-Seared Salmon with Garlic Butter Broccoli & Sweet Potato Style 1380,Dinner,2,39,705.3,41.8,46.1,39.2,6.94,Gluten-Free;High-Protein;Halal
1381,Smoky Creamy Tomato & Mozzarella Penne Style 1381,Lunch,1,28,1198.2,49.8,65.7,88.2,4.07,Vegetarian;Halal
1382,Herb-Crusted Black Bean Burrito Bowl with Brown Rice Style 1382,Lunch,1,29,364.9,17.7,60.9,6.8,2.32,Vegan;Vegetarian;Gluten-Free;Dairy-Free;Halal
1383,Golden Turkey Avocado BLT Wrap Style 1383,Lunch,1,12,852.0,50.4,63.3,47.7,4.62,High-Protein;Halal
1384,Herb-Crusted Turkey Avocado BLT Wrap Style 1384,Lunch,1,15,807.1,45.2,60.4,46.4,4.52,High-Protein;Halal
1385,Golden Avocado & Egg Whole Wheat Toast Style 1385,Breakfast,0,8,502.4,11.4,42.4,34.8,2.06,Vegetarian;Halal
1386,Savory Lean Ground Beef Stir-Fry with Brown Rice & Peppers Style 1386,Dinner,2,30,670.5,58.9,32.0,36.0,4.98,Gluten-Free;Dairy-Free;High-Protein;Halal
1387,Garden-Fresh Apple Slices with Natural Peanut Butter Style 1387,Snack,3,1,358.2,11.8,33.8,22.9,1.11,Vegan;Vegetarian;Gluten-Free;Dairy-Free;Halal
1388,Roasted Pan-Seared Salmon with Garlic Butter Broccoli & Sweet Potato Style 1388,Dinner,2,31,854.9,48.8,58.2,47.2,7.96,Gluten-Free;High-Protein;Halal
1389,Roasted Avocado & Egg Whole Wheat Toast Style 1389,Breakfast,0,14,1112.4,29.6,67.0,87.8,4.9,Vegetarian;Halal
1390,Fiesta Greek Yogurt Berry Nut Bowl Style 1390,Breakfast,0,9,383.8,24.3,24.8,23.4,3.62,Vegetarian;Gluten-Free;High-Protein;Halal
1391,Herb-Crusted Savory Tofu & Mushroom Teriyaki Bowl Style 1391,Dinner,2,28,484.3,26.7,53.6,21.4,4.11,Vegan;Vegetarian;Dairy-Free;Halal
1392,Hearty Cheddar Cheese & Boiled Egg Power Snack Style 1392,Snack,3,5,283.5,19.3,3.6,21.4,1.25,Vegetarian;Keto;Gluten-Free;High-Protein;Halal
1393,Golden Lean Ground Beef Stir-Fry with Brown Rice & Peppers Style 1393,Dinner,2,21,629.1,54.0,33.5,32.7,4.88,Gluten-Free;Dairy-Free;High-Protein;Halal
1394,Garden-Fresh Tuna Salad Whole Wheat Wrap Style 1394,Lunch,1,9,452.4,47.0,48.2,7.8,3.06,High-Protein;Halal
1395,Hearty Peanut Butter Banana Oatmeal Style 1395,Breakfast,0,6,651.4,25.0,81.0,28.9,1.33,Vegan;Vegetarian;Dairy-Free;Halal
1396,Rustic Lean Ground Beef Stir-Fry with Brown Rice & Peppers Style 1396,Dinner,2,34,566.1,49.5,28.3,30.0,4.47,Gluten-Free;Dairy-Free;High-Protein;Halal
1397,Spicy Creamy Garlic Parmesan Chicken Fettuccine Style 1397,Dinner,2,38,822.7,69.5,36.9,42.6,3.97,High-Protein;Halal
1398,Fiesta Strawberries & Dark Chocolate Walnut Cup Style 1398,Snack,3,0,233.9,4.7,21.3,16.7,2.5,Vegan;Vegetarian;Gluten-Free;Halal
1399,Fresh Berry Chia Yogurt Parfait Style 1399,Breakfast,0,8,444.6,25.3,32.7,26.4,3.54,Vegetarian;Gluten-Free;Halal
1400,Fresh Avocado & Egg Whole Wheat Toast Style 1400,Breakfast,0,6,555.6,24.7,43.4,33.8,2.54,Vegetarian;Halal
1401,Crispy Turkey Avocado BLT Wrap Style 1401,Lunch,1,11,853.5,52.3,61.2,48.2,5.06,High-Protein;Halal
1402,Hearty Pan-Seared Salmon with Garlic Butter Broccoli & Sweet Potato Style 1402,Dinner,2,26,1304.6,55.0,77.1,89.3,10.02,Gluten-Free;High-Protein;Halal
1403,Crispy Creamy Garlic Parmesan Chicken Fettuccine Style 1403,Dinner,2,37,938.3,94.2,32.0,46.6,4.85,High-Protein;Halal
1404,Spicy Berry Chia Yogurt Parfait Style 1404,Breakfast,0,6,443.7,22.5,30.4,28.7,2.69,Vegetarian;Gluten-Free;Halal
1405,Fiesta Lean Ground Beef Stir-Fry with Brown Rice & Peppers Style 1405,Dinner,2,21,533.5,43.3,34.8,25.9,4.12,Gluten-Free;Dairy-Free;High-Protein;Halal
1406,Garden-Fresh Savory Tofu & Mushroom Teriyaki Bowl Style 1406,Dinner,2,32,516.8,26.9,63.3,20.9,3.97,Vegan;Vegetarian;Dairy-Free;Halal
1407,Hearty Tuna Salad Whole Wheat Wrap Style 1407,Lunch,1,19,414.0,38.4,47.8,7.8,2.58,High-Protein;Halal
1408,Golden Berry Chia Yogurt Parfait Style 1408,Breakfast,0,1,495.2,26.3,34.9,30.9,3.6,Vegetarian;Gluten-Free;Halal
1409,Savory Mediterranean Chickpea & Avocado Salad Style 1409,Lunch,1,18,560.0,13.2,46.3,39.9,3.72,Vegan;Vegetarian;Gluten-Free;Dairy-Free;Halal
1410,Smoky Creamy Garlic Parmesan Chicken Fettuccine Style 1410,Dinner,2,33,967.0,82.6,41.8,50.7,4.65,High-Protein;Halal
1411,Golden Cheddar Cheese & Boiled Egg Power Snack Style 1411,Snack,3,18,220.2,15.4,2.7,16.4,0.97,Vegetarian;Keto;Gluten-Free;High-Protein;Halal
1412,Crispy Tuna Salad Whole Wheat Wrap Style 1412,Lunch,1,13,433.8,42.4,48.3,7.9,2.87,High-Protein;Halal
1413,Savory High-Protein Tofu Breakfast Scramble Style 1413,Breakfast,0,12,294.8,14.6,12.3,22.6,2.38,Vegan;Vegetarian;Gluten-Free;Dairy-Free;High-Protein;Halal
1414,Herb-Crusted Creamy Tomato & Mozzarella Penne Style 1414,Lunch,1,20,474.5,21.7,46.9,23.3,2.26,Vegetarian;Halal
1415,Hearty Peanut Butter Banana Oatmeal Style 1415,Breakfast,0,8,587.3,22.6,75.0,25.0,1.38,Vegan;Vegetarian;Dairy-Free;Halal
1416,Herb-Crusted Tuna Salad Whole Wheat Wrap Style 1416,Lunch,1,11,435.0,42.4,48.6,7.9,2.88,High-Protein;Halal
1417,Smoky Mediterranean Chickpea & Avocado Salad Style 1417,Lunch,1,8,632.7,17.5,58.5,41.1,4.04,Vegan;Vegetarian;Gluten-Free;Dairy-Free;Halal
1418,Fresh Creamy Garlic Parmesan Chicken Fettuccine Style 1418,Dinner,2,28,879.9,80.2,39.6,43.2,4.46,High-Protein;Halal
1419,Roasted Hearty Lentil & Vegetable Stew Style 1419,Dinner,2,38,422.6,17.6,66.7,11.1,2.11,Vegan;Vegetarian;Gluten-Free;Dairy-Free;Halal
1420,Herb-Crusted Creamy Tomato & Mozzarella Penne Style 1420,Lunch,1,29,471.3,23.0,40.9,25.3,2.44,Vegetarian;Halal
1421,Rustic Tuna Salad Whole Wheat Wrap Style 1421,Lunch,1,10,457.1,48.2,47.9,7.9,3.09,High-Protein;Halal
1422,Fiesta Cheddar Cheese & Boiled Egg Power Snack Style 1422,Snack,3,7,243.3,16.8,3.4,18.1,1.13,Vegetarian;Keto;Gluten-Free;High-Protein;Halal
1423,Spicy Mediterranean Chickpea & Avocado Salad Style 1423,Lunch,1,8,593.9,16.0,51.4,40.4,3.65,Vegan;Vegetarian;Gluten-Free;Dairy-Free;Halal
1424,Garden-Fresh Cheddar Cheese & Boiled Egg Power Snack Style 1424,Snack,3,3,221.7,15.5,3.0,16.4,1.02,Vegetarian;Keto;Gluten-Free;High-Protein;Halal
1425,Golden Turkey Avocado BLT Wrap Style 1425,Lunch,1,15,775.4,55.2,43.9,45.4,4.78,High-Protein;Halal
1426,Spicy Creamy Tomato & Mozzarella Penne Style 1426,Lunch,1,18,462.9,20.9,47.2,22.3,2.38,Vegetarian;Halal
1427,Smoky Grilled Chicken & Quinoa Harvest Bowl Style 1427,Lunch,1,31,526.2,60.8,29.4,18.2,4.52,Gluten-Free;High-Protein;Halal
1428,Roasted High-Protein Tofu Breakfast Scramble Style 1428,Breakfast,0,25,330.9,18.8,12.2,25.2,2.91,Vegan;Vegetarian;Gluten-Free;Dairy-Free;High-Protein;Halal
1429,Golden Mediterranean Chickpea & Avocado Salad Style 1429,Lunch,1,11,599.4,13.0,45.2,44.8,3.63,Vegan;Vegetarian;Gluten-Free;Dairy-Free;Halal
1430,Herb-Crusted Berry Chia Yogurt Parfait Style 1430,Breakfast,0,5,434.6,24.9,34.7,24.4,3.63,Vegetarian;Gluten-Free;Halal
1431,Rustic Classic Spinach & Mushroom Omelette Style 1431,Breakfast,0,17,525.9,31.3,5.6,42.5,2.8,Vegetarian;Keto;Gluten-Free;High-Protein;Halal
1432,Hearty High-Protein Tofu Breakfast Scramble Style 1432,Breakfast,0,24,262.9,16.3,11.5,18.8,2.53,Vegan;Vegetarian;Gluten-Free;Dairy-Free;High-Protein;Halal
1433,Roasted Greek Yogurt Berry Nut Bowl Style 1433,Breakfast,0,1,368.9,22.6,33.0,18.8,3.24,Vegetarian;Gluten-Free;High-Protein;Halal
1434,Zesty Peanut Butter Banana Oatmeal Style 1434,Breakfast,0,12,641.5,24.6,83.3,26.7,1.3,Vegan;Vegetarian;Dairy-Free;Halal
1435,Fiesta Savory Tofu & Mushroom Teriyaki Bowl Style 1435,Dinner,2,28,495.4,27.4,56.7,21.1,4.43,Vegan;Vegetarian;Dairy-Free;Halal
1436,Rustic Savory Tofu & Mushroom Teriyaki Bowl Style 1436,Dinner,2,24,441.4,28.9,38.5,22.2,4.22,Vegan;Vegetarian;Dairy-Free;Halal
1437,Garden-Fresh Berry Chia Yogurt Parfait Style 1437,Breakfast,0,5,333.6,23.1,32.9,14.0,3.34,Vegetarian;Gluten-Free;Halal
1438,Garden-Fresh Berry Chia Yogurt Parfait Style 1438,Breakfast,0,6,486.7,28.1,35.1,28.9,3.71,Vegetarian;Gluten-Free;Halal
1439,Fiesta Turkey Avocado BLT Wrap Style 1439,Lunch,1,11,700.8,42.2,61.4,35.4,4.33,High-Protein;Halal
1440,Crispy Tuna Salad Whole Wheat Wrap Style 1440,Lunch,1,15,487.0,48.8,47.0,11.1,2.96,High-Protein;Halal
1441,Zesty High-Protein Tofu Breakfast Scramble Style 1441,Breakfast,0,19,341.4,19.6,13.2,25.7,2.97,Vegan;Vegetarian;Gluten-Free;Dairy-Free;High-Protein;Halal
1442,Crispy Strawberries & Dark Chocolate Walnut Cup Style 1442,Snack,3,1,286.5,5.9,19.6,23.1,2.1,Vegan;Vegetarian;Gluten-Free;Halal
1443,Garden-Fresh Creamy Tomato & Mozzarella Penne Style 1443,Lunch,1,17,439.7,20.3,40.1,23.1,2.1,Vegetarian;Halal
1444,Savory Turkey Avocado BLT Wrap Style 1444,Lunch,1,10,835.9,49.5,61.1,47.4,4.88,High-Protein;Halal
1445,Fiesta Apple Slices with Natural Peanut Butter Style 1445,Snack,3,4,328.8,10.5,32.8,20.4,1.07,Vegan;Vegetarian;Gluten-Free;Dairy-Free;Halal
1446,Golden Apple Slices with Natural Peanut Butter Style 1446,Snack,3,-1,299.4,9.3,31.8,17.9,1.03,Vegan;Vegetarian;Gluten-Free;Dairy-Free;Halal
1447,Smoky Hearty Lentil & Vegetable Stew Style 1447,Dinner,2,33,395.1,12.7,53.5,15.8,1.81,Vegan;Vegetarian;Gluten-Free;Dairy-Free;Halal
1448,Garden-Fresh High-Protein Tofu Breakfast Scramble Style 1448,Breakfast,0,22,318.7,17.8,11.2,24.7,2.71,Vegan;Vegetarian;Gluten-Free;Dairy-Free;High-Protein;Halal
1449,Roasted Creamy Garlic Parmesan Chicken Fettuccine Style 1449,Dinner,2,40,888.5,82.0,35.8,44.9,4.47,High-Protein;Halal
1450,Savory Mediterranean Chickpea & Avocado Salad Style 1450,Lunch,1,17,615.3,16.5,55.3,40.8,3.82,Vegan;Vegetarian;Gluten-Free;Dairy-Free;Halal
1451,Roasted Apple Slices with Natural Peanut Butter Style 1451,Snack,3,9,299.4,9.3,31.8,17.9,1.03,Vegan;Vegetarian;Gluten-Free;Dairy-Free;Halal
1452,Fiesta Mediterranean Chickpea & Avocado Salad Style 1452,Lunch,1,17,625.8,18.8,59.8,38.4,4.01,Vegan;Vegetarian;Gluten-Free;Dairy-Free;Halal
1453,Hearty Black Bean Burrito Bowl with Brown Rice Style 1453,Lunch,1,17,383.9,13.1,58.5,11.2,2.11,Vegan;Vegetarian;Gluten-Free;Dairy-Free;Halal
1454,Zesty Turkey Avocado BLT Wrap Style 1454,Lunch,1,25,877.2,56.3,60.8,49.2,5.23,High-Protein;Halal
1455,Garden-Fresh Classic Spinach & Mushroom Omelette Style 1455,Breakfast,0,23,377.8,22.5,5.1,30.4,2.35,Vegetarian;Keto;Gluten-Free;High-Protein;Halal
1456,Crispy Hearty Lentil & Vegetable Stew Style 1456,Dinner,2,43,443.9,15.4,63.2,16.0,2.22,Vegan;Vegetarian;Gluten-Free;Dairy-Free;Halal
1457,Rustic Greek Yogurt Berry Nut Bowl Style 1457,Breakfast,0,1,475.2,29.5,40.7,24.5,4.13,Vegetarian;Gluten-Free;High-Protein;Halal
1458,Garden-Fresh Apple Slices with Natural Peanut Butter Style 1458,Snack,3,3,270.0,8.0,30.8,15.4,0.99,Vegan;Vegetarian;Gluten-Free;Dairy-Free;Halal
1459,Spicy Creamy Garlic Parmesan Chicken Fettuccine Style 1459,Dinner,2,39,818.6,32.0,68.5,47.7,2.63,High-Protein;Halal
1460,Herb-Crusted Classic Spinach & Mushroom Omelette Style 1460,Breakfast,0,17,486.6,30.8,5.1,38.4,2.59,Vegetarian;Keto;Gluten-Free;High-Protein;Halal
1461,Golden Avocado & Egg Whole Wheat Toast Style 1461,Breakfast,0,14,581.6,24.0,51.4,33.7,2.61,Vegetarian;Halal
1462,Fiesta Lean Ground Beef Stir-Fry with Brown Rice & Peppers Style 1462,Dinner,2,29,588.6,51.3,30.2,30.9,4.47,Gluten-Free;Dairy-Free;High-Protein;Halal
1463,Smoky Tuna Salad Whole Wheat Wrap Style 1463,Lunch,1,12,404.1,36.0,48.2,7.7,2.53,High-Protein;Halal
1464,Rustic Tuna Salad Whole Wheat Wrap Style 1464,Lunch,1,9,531.3,48.9,47.3,16.1,3.03,High-Protein;Halal
1465,Zesty Mediterranean Chickpea & Avocado Salad Style 1465,Lunch,1,15,594.3,15.3,51.6,40.5,3.64,Vegan;Vegetarian;Gluten-Free;Dairy-Free;Halal
1466,Hearty Peanut Butter Banana Oatmeal Style 1466,Breakfast,0,20,735.2,38.7,78.4,33.6,2.42,Vegan;Vegetarian;Dairy-Free;Halal
1467,Spicy Greek Yogurt Berry Nut Bowl Style 1467,Breakfast,0,11,412.0,23.6,41.5,19.6,4.09,Vegetarian;Gluten-Free;High-Protein;Halal
1468,Spicy Creamy Tomato & Mozzarella Penne Style 1468,Lunch,1,24,513.2,24.7,46.6,26.3,2.27,Vegetarian;Halal
1469,Savory Pan-Seared Salmon with Garlic Butter Broccoli & Sweet Potato Style 1469,Dinner,2,29,755.2,40.7,52.2,42.6,6.85,Gluten-Free;High-Protein;Halal
1470,Hearty Peanut Butter Banana Oatmeal Style 1470,Breakfast,0,11,702.5,27.3,88.6,30.2,1.42,Vegan;Vegetarian;Dairy-Free;Halal
1471,Fresh Creamy Tomato & Mozzarella Penne Style 1471,Lunch,1,21,438.6,24.4,45.3,19.3,2.41,Vegetarian;Halal
1472,Rustic Avocado & Egg Whole Wheat Toast Style 1472,Breakfast,0,6,719.6,22.0,59.1,46.7,2.74,Vegetarian;Halal
1473,Rustic Grilled Chicken & Quinoa Harvest Bowl Style 1473,Lunch,1,25,792.2,71.7,73.0,24.8,5.66,Gluten-Free;High-Protein;Halal
1474,Crispy Tuna Salad Whole Wheat Wrap Style 1474,Lunch,1,17,416.7,38.5,48.4,7.8,2.67,High-Protein;Halal
1475,Zesty Savory Tofu & Mushroom Teriyaki Bowl Style 1475,Dinner,2,21,428.8,25.6,58.8,13.6,4.14,Vegan;Vegetarian;Dairy-Free;Halal
1476,Smoky High-Protein Tofu Breakfast Scramble Style 1476,Breakfast,0,16,328.3,18.5,12.9,24.8,3.02,Vegan;Vegetarian;Gluten-Free;Dairy-Free;High-Protein;Halal
1477,Rustic Greek Yogurt Berry Nut Bowl Style 1477,Breakfast,0,1,429.8,23.0,43.2,21.3,3.7,Vegetarian;Gluten-Free;High-Protein;Halal
1478,Herb-Crusted Berry Chia Yogurt Parfait Style 1478,Breakfast,0,5,447.5,26.4,34.8,25.1,3.68,Vegetarian;Gluten-Free;Halal
1479,Hearty Grilled Chicken & Quinoa Harvest Bowl Style 1479,Lunch,1,23,500.8,52.7,33.1,17.4,3.96,Gluten-Free;High-Protein;Halal
1480,Hearty Grilled Chicken & Quinoa Harvest Bowl Style 1480,Lunch,1,33,625.7,72.8,27.0,24.4,4.67,Gluten-Free;High-Protein;Halal
1481,Golden Creamy Garlic Parmesan Chicken Fettuccine Style 1481,Dinner,2,35,970.8,86.7,29.7,54.7,4.86,High-Protein;Halal
1482,Garden-Fresh Mediterranean Chickpea & Avocado Salad Style 1482,Lunch,1,15,529.8,16.8,47.9,34.7,3.58,Vegan;Vegetarian;Gluten-Free;Dairy-Free;Halal
1483,Herb-Crusted Hearty Lentil & Vegetable Stew Style 1483,Dinner,2,30,397.9,18.0,66.7,8.4,2.07,Vegan;Vegetarian;Gluten-Free;Dairy-Free;Halal
1484,Spicy Avocado & Egg Whole Wheat Toast Style 1484,Breakfast,0,19,637.8,23.9,42.7,43.7,2.58,Vegetarian;Halal
1485,Rustic Lean Ground Beef Stir-Fry with Brown Rice & Peppers Style 1485,Dinner,2,35,662.3,57.1,35.3,34.4,5.05,Gluten-Free;Dairy-Free;High-Protein;Halal
1486,Rustic Creamy Tomato & Mozzarella Penne Style 1486,Lunch,1,22,491.6,24.0,42.4,26.3,2.31,Vegetarian;Halal
1487,Spicy Savory Tofu & Mushroom Teriyaki Bowl Style 1487,Dinner,2,30,419.9,23.1,45.4,19.0,3.73,Vegan;Vegetarian;Dairy-Free;Halal
1488,Crispy Pan-Seared Salmon with Garlic Butter Broccoli & Sweet Potato Style 1488,Dinner,2,31,819.1,51.9,46.5,46.2,8.14,Gluten-Free;High-Protein;Halal
1489,Fresh Creamy Garlic Parmesan Chicken Fettuccine Style 1489,Dinner,2,26,834.7,81.1,27.5,42.9,4.38,High-Protein;Halal
1490,Garden-Fresh Mediterranean Chickpea & Avocado Salad Style 1490,Lunch,1,9,579.6,14.4,49.3,40.2,3.68,Vegan;Vegetarian;Gluten-Free;Dairy-Free;Halal
1491,Zesty Creamy Garlic Parmesan Chicken Fettuccine Style 1491,Dinner,2,33,1027.7,90.3,37.8,55.8,5.07,High-Protein;Halal
1492,Herb-Crusted Turkey Avocado BLT Wrap Style 1492,Lunch,1,22,846.9,51.9,59.9,48.1,4.8,High-Protein;Halal
1493,Hearty Tuna Salad Whole Wheat Wrap Style 1493,Lunch,1,17,411.1,37.5,48.6,7.3,2.62,High-Protein;Halal
1494,Golden Strawberries & Dark Chocolate Walnut Cup Style 1494,Snack,3,5,229.1,4.6,20.1,16.6,2.27,Vegan;Vegetarian;Gluten-Free;Halal
1495,Garden-Fresh Grilled Chicken & Quinoa Harvest Bowl Style 1495,Lunch,1,20,627.1,69.6,31.7,24.2,4.79,Gluten-Free;High-Protein;Halal
1496,Roasted Black Bean Burrito Bowl with Brown Rice Style 1496,Lunch,1,15,443.5,18.0,68.0,12.0,2.45,Vegan;Vegetarian;Gluten-Free;Dairy-Free;Halal
1497,Fresh Turkey Avocado BLT Wrap Style 1497,Lunch,1,24,867.5,54.7,60.6,48.8,5.08,High-Protein;Halal
1498,Rustic Hearty Lentil & Vegetable Stew Style 1498,Dinner,2,44,674.5,19.2,72.7,38.0,3.1,Vegan;Vegetarian;Gluten-Free;Dairy-Free;Halal
1499,Spicy Hearty Lentil & Vegetable Stew Style 1499,Dinner,2,34,448.2,15.2,64.1,15.9,1.98,Vegan;Vegetarian;Gluten-Free;Dairy-Free;Halal
1500,Herb-Crusted Banana Almond Protein Smoothie Style 1500,Snack,3,13,579.8,29.8,49.0,32.4,2.24,Vegetarian;Gluten-Free;Halal
1501,Zesty Grilled Chicken & Quinoa Harvest Bowl Style 1501,Lunch,1,24,538.8,53.8,31.0,22.3,4.05,Gluten-Free;High-Protein;Halal
1502,Crispy Cheddar Cheese & Boiled Egg Power Snack Style 1502,Snack,3,8,241.1,16.7,2.9,18.1,1.06,Vegetarian;Keto;Gluten-Free;High-Protein;Halal
1503,Crispy Greek Yogurt Berry Nut Bowl Style 1503,Breakfast,0,3,435.6,25.1,40.2,22.3,3.88,Vegetarian;Gluten-Free;High-Protein;Halal
1504,Hearty Grilled Chicken & Quinoa Harvest Bowl Style 1504,Lunch,1,27,568.0,68.7,29.4,18.9,4.55,Gluten-Free;High-Protein;Halal
1505,Savory Berry Chia Yogurt Parfait Style 1505,Breakfast,0,11,515.6,28.6,32.6,33.1,3.59,Vegetarian;Gluten-Free;Halal
1506,Roasted Black Bean Burrito Bowl with Brown Rice Style 1506,Lunch,1,27,449.2,17.7,69.4,12.1,2.57,Vegan;Vegetarian;Gluten-Free;Dairy-Free;Halal
1507,Zesty Black Bean Burrito Bowl with Brown Rice Style 1507,Lunch,1,19,381.5,13.8,56.8,11.8,2.19,Vegan;Vegetarian;Gluten-Free;Dairy-Free;Halal
1508,Zesty Strawberries & Dark Chocolate Walnut Cup Style 1508,Snack,3,14,250.6,5.1,18.1,19.8,1.85,Vegan;Vegetarian;Gluten-Free;Halal
1509,Fiesta Creamy Garlic Parmesan Chicken Fettuccine Style 1509,Dinner,2,37,869.6,74.5,32.4,47.9,4.21,High-Protein;Halal
1510,Smoky Black Bean Burrito Bowl with Brown Rice Style 1510,Lunch,1,20,491.5,20.2,78.5,12.3,2.78,Vegan;Vegetarian;Gluten-Free;Dairy-Free;Halal
1511,Hearty Avocado & Egg Whole Wheat Toast Style 1511,Breakfast,0,8,639.6,24.0,43.1,43.7,2.64,Vegetarian;Halal
1512,Garden-Fresh Black Bean Burrito Bowl with Brown Rice Style 1512,Lunch,1,29,419.7,16.3,63.8,12.0,2.51,Vegan;Vegetarian;Gluten-Free;Dairy-Free;Halal
1513,Smoky High-Protein Tofu Breakfast Scramble Style 1513,Breakfast,0,16,335.4,15.1,20.4,23.6,3.37,Vegan;Vegetarian;Gluten-Free;Dairy-Free;High-Protein;Halal
1514,Garden-Fresh Peanut Butter Banana Oatmeal Style 1514,Breakfast,0,10,635.4,24.3,82.9,26.4,1.27,Vegan;Vegetarian;Dairy-Free;Halal
1515,Zesty Classic Spinach & Mushroom Omelette Style 1515,Breakfast,0,13,380.2,22.7,5.4,30.4,2.43,Vegetarian;Keto;Gluten-Free;High-Protein;Halal
1516,Golden Classic Spinach & Mushroom Omelette Style 1516,Breakfast,0,15,261.6,11.2,3.7,23.4,1.6,Vegetarian;Keto;Gluten-Free;High-Protein;Halal
1517,Smoky Lean Ground Beef Stir-Fry with Brown Rice & Peppers Style 1517,Dinner,2,25,644.6,55.0,34.7,33.5,4.83,Gluten-Free;Dairy-Free;High-Protein;Halal
1518,Smoky Creamy Garlic Parmesan Chicken Fettuccine Style 1518,Dinner,2,37,894.9,76.9,34.3,48.9,4.33,High-Protein;Halal
1519,Smoky Strawberries & Dark Chocolate Walnut Cup Style 1519,Snack,3,1,232.3,4.7,20.9,16.7,2.42,Vegan;Vegetarian;Gluten-Free;Halal
1520,Golden Garlic Butter Shrimp with Zucchini Noodles & Tomatoes Style 1520,Dinner,2,22,584.1,66.9,14.2,30.5,7.98,Keto;Gluten-Free;High-Protein;Low-Carb;Halal
1521,Roasted Lean Ground Beef Stir-Fry with Brown Rice & Peppers Style 1521,Dinner,2,23,809.6,59.7,71.5,33.8,3.96,Gluten-Free;Dairy-Free;High-Protein;Halal
1522,Roasted Strawberries & Dark Chocolate Walnut Cup Style 1522,Snack,3,13,296.1,6.2,21.9,23.2,2.54,Vegan;Vegetarian;Gluten-Free;Halal
1523,Garden-Fresh Banana Almond Protein Smoothie Style 1523,Snack,3,12,467.5,20.1,52.6,22.7,2.07,Vegetarian;Gluten-Free;Halal
1524,Spicy Hearty Lentil & Vegetable Stew Style 1524,Dinner,2,33,407.0,15.8,64.6,11.0,2.06,Vegan;Vegetarian;Gluten-Free;Dairy-Free;Halal
1525,Rustic Cheddar Cheese & Boiled Egg Power Snack Style 1525,Snack,3,16,200.1,14.2,2.6,14.8,0.91,Vegetarian;Keto;Gluten-Free;High-Protein;Halal
1526,Spicy Peanut Butter Banana Oatmeal Style 1526,Breakfast,0,12,724.2,28.4,95.2,29.1,1.47,Vegan;Vegetarian;Dairy-Free;Halal
1527,Garden-Fresh Savory Tofu & Mushroom Teriyaki Bowl Style 1527,Dinner,2,31,448.9,24.2,50.5,19.7,3.81,Vegan;Vegetarian;Dairy-Free;Halal
1528,Roasted Pan-Seared Salmon with Garlic Butter Broccoli & Sweet Potato Style 1528,Dinner,2,30,732.9,44.9,43.3,41.8,7.5,Gluten-Free;High-Protein;Halal
1529,Golden Creamy Tomato & Mozzarella Penne Style 1529,Lunch,1,15,450.0,21.5,39.4,24.1,2.19,Vegetarian;Halal
1530,Rustic Creamy Garlic Parmesan Chicken Fettuccine Style 1530,Dinner,2,37,941.2,79.8,33.0,53.3,4.56,High-Protein;Halal
1531,Zesty Hearty Lentil & Vegetable Stew Style 1531,Dinner,2,39,466.3,16.8,67.3,16.1,2.22,Vegan;Vegetarian;Gluten-Free;Dairy-Free;Halal
1532,Rustic Pan-Seared Salmon with Garlic Butter Broccoli & Sweet Potato Style 1532,Dinner,2,34,756.2,40.6,54.5,42.0,6.87,Gluten-Free;High-Protein;Halal
1533,Roasted Creamy Garlic Parmesan Chicken Fettuccine Style 1533,Dinner,2,25,929.2,89.0,34.2,46.8,4.83,High-Protein;Halal
1534,Rustic Tuna Salad Whole Wheat Wrap Style 1534,Lunch,1,15,428.3,41.1,48.4,7.9,2.79,High-Protein;Halal
1535,Savory Berry Chia Yogurt Parfait Style 1535,Breakfast,0,9,445.5,26.4,30.5,26.9,3.86,Vegetarian;Gluten-Free;Halal
1536,Fresh Savory Tofu & Mushroom Teriyaki Bowl Style 1536,Dinner,2,26,616.3,32.2,48.8,37.3,4.56,Vegan;Vegetarian;Dairy-Free;Halal
1537,Smoky Strawberries & Dark Chocolate Walnut Cup Style 1537,Snack,3,6,250.6,5.1,18.1,19.8,1.85,Vegan;Vegetarian;Gluten-Free;Halal
1538,Fresh Banana Almond Protein Smoothie Style 1538,Snack,3,7,471.7,21.3,52.1,22.9,2.16,Vegetarian;Gluten-Free;Halal
1539,Herb-Crusted Classic Spinach & Mushroom Omelette Style 1539,Breakfast,0,22,479.9,33.4,5.7,35.8,2.38,Vegetarian;Keto;Gluten-Free;High-Protein;Halal
1540,Fresh Peanut Butter Banana Oatmeal Style 1540,Breakfast,0,17,678.4,26.5,91.1,26.4,1.43,Vegan;Vegetarian;Dairy-Free;Halal
1541,Savory Black Bean Burrito Bowl with Brown Rice Style 1541,Lunch,1,28,425.8,16.6,65.0,12.0,2.32,Vegan;Vegetarian;Gluten-Free;Dairy-Free;Halal
1542,Fresh Creamy Garlic Parmesan Chicken Fettuccine Style 1542,Dinner,2,26,863.8,70.6,39.7,46.0,4.08,High-Protein;Halal
1543,Savory Classic Spinach & Mushroom Omelette Style 1543,Breakfast,0,18,476.8,27.7,12.5,35.0,1.96,Vegetarian;Keto;Gluten-Free;High-Protein;Halal
1544,Fresh High-Protein Tofu Breakfast Scramble Style 1544,Breakfast,0,22,322.9,17.6,12.9,24.5,2.75,Vegan;Vegetarian;Gluten-Free;Dairy-Free;High-Protein;Halal
1545,Herb-Crusted Turkey Avocado BLT Wrap Style 1545,Lunch,1,23,815.1,46.7,60.3,46.7,4.61,High-Protein;Halal
1546,Herb-Crusted Hearty Lentil & Vegetable Stew Style 1546,Dinner,2,44,421.2,14.3,58.3,15.9,1.93,Vegan;Vegetarian;Gluten-Free;Dairy-Free;Halal
1547,Rustic Classic Spinach & Mushroom Omelette Style 1547,Breakfast,0,23,381.1,25.7,6.1,28.7,2.49,Vegetarian;Keto;Gluten-Free;High-Protein;Halal
1548,Herb-Crusted Creamy Tomato & Mozzarella Penne Style 1548,Lunch,1,24,420.2,19.2,38.9,22.1,2.21,Vegetarian;Halal
1549,Garden-Fresh Creamy Tomato & Mozzarella Penne Style 1549,Lunch,1,20,1047.8,35.2,45.1,86.5,3.48,Vegetarian;Halal
1550,Savory Avocado & Egg Whole Wheat Toast Style 1550,Breakfast,0,20,638.7,23.9,42.9,43.7,2.61,Vegetarian;Halal
1551,Crispy Berry Chia Yogurt Parfait Style 1551,Breakfast,0,10,406.9,24.4,29.8,23.6,3.5,Vegetarian;Gluten-Free;Halal
1552,Herb-Crusted Berry Chia Yogurt Parfait Style 1552,Breakfast,0,10,543.0,25.0,21.3,42.4,3.44,Vegetarian;Gluten-Free;Halal
1553,Golden Hearty Lentil & Vegetable Stew Style 1553,Dinner,2,38,448.3,16.3,63.4,16.1,2.14,Vegan;Vegetarian;Gluten-Free;Dairy-Free;Halal
1554,Spicy Creamy Garlic Parmesan Chicken Fettuccine Style 1554,Dinner,2,34,897.4,72.7,36.1,50.3,4.22,High-Protein;Halal
1555,Smoky Peanut Butter Banana Oatmeal Style 1555,Breakfast,0,13,706.7,27.4,90.7,29.7,1.36,Vegan;Vegetarian;Dairy-Free;Halal
1556,Fresh Black Bean Burrito Bowl with Brown Rice Style 1556,Lunch,1,21,451.9,40.1,28.1,20.5,3.48,Vegan;Vegetarian;Gluten-Free;Dairy-Free;Halal
1557,Fiesta Mediterranean Chickpea & Avocado Salad Style 1557,Lunch,1,9,589.0,15.0,50.7,40.4,3.64,Vegan;Vegetarian;Gluten-Free;Dairy-Free;Halal
1558,Smoky Turkey Avocado BLT Wrap Style 1558,Lunch,1,20,798.4,43.9,60.4,46.0,4.45,High-Protein;Halal
1559,Savory Berry Chia Yogurt Parfait Style 1559,Breakfast,0,15,474.2,24.3,33.8,29.9,3.37,Vegetarian;Gluten-Free;Halal
1560,Zesty Garlic Butter Shrimp with Zucchini Noodles & Tomatoes Style 1560,Dinner,2,30,453.5,49.9,14.4,23.2,6.06,Keto;Gluten-Free;High-Protein;Low-Carb;Halal
1561,Garden-Fresh Avocado & Egg Whole Wheat Toast Style 1561,Breakfast,0,14,639.6,24.0,43.1,43.7,2.64,Vegetarian;Halal
1562,Hearty Mediterranean Chickpea & Avocado Salad Style 1562,Lunch,1,7,633.2,18.4,58.1,41.1,3.87,Vegan;Vegetarian;Gluten-Free;Dairy-Free;Halal
1563,Savory Greek Yogurt Berry Nut Bowl Style 1563,Breakfast,0,10,363.2,20.6,35.2,18.1,3.62,Vegetarian;Gluten-Free;High-Protein;Halal
1564,Savory Berry Chia Yogurt Parfait Style 1564,Breakfast,0,8,474.3,24.5,41.5,26.5,3.66,Vegetarian;Gluten-Free;Halal
1565,Smoky Garlic Butter Shrimp with Zucchini Noodles & Tomatoes Style 1565,Dinner,2,20,529.2,62.1,17.9,24.9,7.4,Keto;Gluten-Free;High-Protein;Low-Carb;Halal
1566,Golden Savory Tofu & Mushroom Teriyaki Bowl Style 1566,Dinner,2,21,499.4,28.4,54.3,22.1,4.33,Vegan;Vegetarian;Dairy-Free;Halal
1567,Herb-Crusted Berry Chia Yogurt Parfait Style 1567,Breakfast,0,2,413.9,20.2,33.4,24.9,3.29,Vegetarian;Gluten-Free;Halal
1568,Rustic High-Protein Tofu Breakfast Scramble Style 1568,Breakfast,0,20,366.0,17.4,13.3,29.3,2.87,Vegan;Vegetarian;Gluten-Free;Dairy-Free;High-Protein;Halal
1569,Roasted Apple Slices with Natural Peanut Butter Style 1569,Snack,3,1,358.2,11.8,33.8,22.9,1.11,Vegan;Vegetarian;Gluten-Free;Dairy-Free;Halal
1570,Smoky Tuna Salad Whole Wheat Wrap Style 1570,Lunch,1,8,473.5,51.3,48.1,8.2,3.25,High-Protein;Halal
1571,Herb-Crusted Avocado & Egg Whole Wheat Toast Style 1571,Breakfast,0,8,640.5,24.0,43.3,43.7,2.67,Vegetarian;Halal
1572,Fresh Avocado & Egg Whole Wheat Toast Style 1572,Breakfast,0,5,638.7,23.9,42.9,43.7,2.61,Vegetarian;Halal
1573,Garden-Fresh Classic Spinach & Mushroom Omelette Style 1573,Breakfast,0,13,508.1,30.3,5.9,40.9,2.85,Vegetarian;Keto;Gluten-Free;High-Protein;Halal
1574,Spicy Creamy Garlic Parmesan Chicken Fettuccine Style 1574,Dinner,2,35,779.8,80.5,36.9,32.9,4.19,High-Protein;Halal
1575,Roasted Garlic Butter Shrimp with Zucchini Noodles & Tomatoes Style 1575,Dinner,2,18,545.6,64.7,15.3,26.6,7.78,Keto;Gluten-Free;High-Protein;Low-Carb;Halal
1576,Fresh Peanut Butter Banana Oatmeal Style 1576,Breakfast,0,20,650.2,25.1,79.2,29.5,1.41,Vegan;Vegetarian;Dairy-Free;Halal
1577,Herb-Crusted Black Bean Burrito Bowl with Brown Rice Style 1577,Lunch,1,18,412.6,16.4,62.1,11.8,2.17,Vegan;Vegetarian;Gluten-Free;Dairy-Free;Halal
1578,Garden-Fresh Garlic Butter Shrimp with Zucchini Noodles & Tomatoes Style 1578,Dinner,2,25,426.6,51.1,12.0,20.5,5.89,Keto;Gluten-Free;High-Protein;Low-Carb;Halal
1579,Spicy Garlic Butter Shrimp with Zucchini Noodles & Tomatoes Style 1579,Dinner,2,27,452.5,54.4,15.2,20.7,6.47,Keto;Gluten-Free;High-Protein;Low-Carb;Halal
1580,Hearty Apple Slices with Natural Peanut Butter Style 1580,Snack,3,-2,270.0,8.0,30.8,15.4,0.99,Vegan;Vegetarian;Gluten-Free;Dairy-Free;Halal
1581,Golden Cheddar Cheese & Boiled Egg Power Snack Style 1581,Snack,3,16,284.2,19.3,3.8,21.4,1.27,Vegetarian;Keto;Gluten-Free;High-Protein;Halal
1582,Golden Avocado & Egg Whole Wheat Toast Style 1582,Breakfast,0,17,638.7,23.9,42.9,43.7,2.61,Vegetarian;Halal
1583,Fresh Mediterranean Chickpea & Avocado Salad Style 1583,Lunch,1,8,543.6,14.9,50.4,35.4,3.52,Vegan;Vegetarian;Gluten-Free;Dairy-Free;Halal
1584,Herb-Crusted Strawberries & Dark Chocolate Walnut Cup Style 1584,Snack,3,12,430.6,12.7,51.1,23.4,1.74,Vegan;Vegetarian;Gluten-Free;Halal
1585,Crispy Cheddar Cheese & Boiled Egg Power Snack Style 1585,Snack,3,11,155.4,9.1,2.3,12.4,0.68,Vegetarian;Keto;Gluten-Free;High-Protein;Halal
1586,Savory Tuna Salad Whole Wheat Wrap Style 1586,Lunch,1,15,458.4,48.2,48.3,7.9,3.11,High-Protein;Halal
1587,Hearty Cheddar Cheese & Boiled Egg Power Snack Style 1587,Snack,3,14,109.2,8.2,4.9,6.4,0.76,Vegetarian;Keto;Gluten-Free;High-Protein;Halal
1588,Zesty Peanut Butter Banana Oatmeal Style 1588,Breakfast,0,11,456.5,16.9,74.6,12.1,1.27,Vegan;Vegetarian;Dairy-Free;Halal
1589,Herb-Crusted Lean Ground Beef Stir-Fry with Brown Rice & Peppers Style 1589,Dinner,2,27,710.4,62.9,32.6,38.5,5.23,Gluten-Free;Dairy-Free;High-Protein;Halal
1590,Golden Apple Slices with Natural Peanut Butter Style 1590,Snack,3,-1,328.8,10.5,32.8,20.4,1.07,Vegan;Vegetarian;Gluten-Free;Dairy-Free;Halal
1591,Spicy Lean Ground Beef Stir-Fry with Brown Rice & Peppers Style 1591,Dinner,2,25,605.9,50.4,36.7,30.2,4.62,Gluten-Free;Dairy-Free;High-Protein;Halal
1592,Roasted Berry Chia Yogurt Parfait Style 1592,Breakfast,0,11,516.2,26.3,38.2,32.0,3.91,Vegetarian;Gluten-Free;Halal
1593,Garden-Fresh Peanut Butter Banana Oatmeal Style 1593,Breakfast,0,8,662.5,25.8,80.1,30.2,1.46,Vegan;Vegetarian;Dairy-Free;Halal
1594,Rustic Creamy Garlic Parmesan Chicken Fettuccine Style 1594,Dinner,2,37,1066.0,89.5,31.9,63.3,5.12,High-Protein;Halal
1595,Smoky Tuna Salad Whole Wheat Wrap Style 1595,Lunch,1,7,453.4,47.0,48.4,7.9,3.08,High-Protein;Halal
1596,Spicy Garlic Butter Shrimp with Zucchini Noodles & Tomatoes Style 1596,Dinner,2,29,520.3,56.0,18.5,26.3,7.32,Keto;Gluten-Free;High-Protein;Low-Carb;Halal
1597,Rustic Classic Spinach & Mushroom Omelette Style 1597,Breakfast,0,16,379.0,22.6,5.3,30.4,2.38,Vegetarian;Keto;Gluten-Free;High-Protein;Halal
1598,Fiesta Garlic Butter Shrimp with Zucchini Noodles & Tomatoes Style 1598,Dinner,2,17,530.4,71.5,13.5,20.7,5.16,Keto;Gluten-Free;High-Protein;Low-Carb;Halal
1599,Herb-Crusted Cheddar Cheese & Boiled Egg Power Snack Style 1599,Snack,3,17,255.7,15.9,10.9,16.4,0.92,Vegetarian;Keto;Gluten-Free;High-Protein;Halal
1600,Herb-Crusted Creamy Garlic Parmesan Chicken Fettuccine Style 1600,Dinner,2,33,771.4,59.5,38.1,41.4,3.46,High-Protein;Halal
1601,Fresh Peanut Butter Banana Oatmeal Style 1601,Breakfast,0,14,561.1,20.4,80.2,20.8,1.23,Vegan;Vegetarian;Dairy-Free;Halal
1602,Fiesta Peanut Butter Banana Oatmeal Style 1602,Breakfast,0,20,729.2,28.4,94.3,30.2,1.39,Vegan;Vegetarian;Dairy-Free;Halal
1603,Garden-Fresh High-Protein Tofu Breakfast Scramble Style 1603,Breakfast,0,25,307.0,16.2,12.1,23.6,2.72,Vegan;Vegetarian;Gluten-Free;Dairy-Free;High-Protein;Halal
1604,Smoky Black Bean Burrito Bowl with Brown Rice Style 1604,Lunch,1,18,368.6,13.5,54.3,11.7,2.13,Vegan;Vegetarian;Gluten-Free;Dairy-Free;Halal
1605,Fresh Savory Tofu & Mushroom Teriyaki Bowl Style 1605,Dinner,2,21,466.2,19.2,63.4,18.4,3.63,Vegan;Vegetarian;Dairy-Free;Halal
1606,Smoky High-Protein Tofu Breakfast Scramble Style 1606,Breakfast,0,14,291.0,14.2,13.0,22.2,2.58,Vegan;Vegetarian;Gluten-Free;Dairy-Free;High-Protein;Halal
1607,Fresh Avocado & Egg Whole Wheat Toast Style 1607,Breakfast,0,15,638.7,23.9,42.9,43.7,2.61,Vegetarian;Halal
1608,Zesty Classic Spinach & Mushroom Omelette Style 1608,Breakfast,0,24,321.7,25.9,5.2,22.2,2.25,Vegetarian;Keto;Gluten-Free;High-Protein;Halal
1609,Hearty Avocado & Egg Whole Wheat Toast Style 1609,Breakfast,0,17,637.8,23.9,42.7,43.7,2.58,Vegetarian;Halal
1610,Zesty Apple Slices with Natural Peanut Butter Style 1610,Snack,3,10,299.4,9.3,31.8,17.9,1.03,Vegan;Vegetarian;Gluten-Free;Dairy-Free;Halal
1611,Herb-Crusted Hearty Lentil & Vegetable Stew Style 1611,Dinner,2,45,442.5,14.8,63.3,16.0,2.14,Vegan;Vegetarian;Gluten-Free;Dairy-Free;Halal
1612,Fresh Peanut Butter Banana Oatmeal Style 1612,Breakfast,0,6,1781.0,20.5,70.9,163.6,2.65,Vegan;Vegetarian;Dairy-Free;Halal
1613,Hearty High-Protein Tofu Breakfast Scramble Style 1613,Breakfast,0,14,210.1,20.5,13.4,10.4,2.9,Vegan;Vegetarian;Gluten-Free;Dairy-Free;High-Protein;Halal
1614,Herb-Crusted Creamy Tomato & Mozzarella Penne Style 1614,Lunch,1,23,479.3,23.8,39.8,26.2,2.42,Vegetarian;Halal
1615,Garden-Fresh Black Bean Burrito Bowl with Brown Rice Style 1615,Lunch,1,26,425.6,19.6,70.3,8.6,2.56,Vegan;Vegetarian;Gluten-Free;Dairy-Free;Halal
1616,Savory Creamy Tomato & Mozzarella Penne Style 1616,Lunch,1,19,431.7,20.0,38.5,23.0,2.0,Vegetarian;Halal
1617,Golden Tuna Salad Whole Wheat Wrap Style 1617,Lunch,1,8,535.0,54.7,47.7,13.6,3.32,High-Protein;Halal
1618,Roasted Creamy Tomato & Mozzarella Penne Style 1618,Lunch,1,28,460.9,20.8,46.8,22.3,2.36,Vegetarian;Halal
1619,Spicy Tuna Salad Whole Wheat Wrap Style 1619,Lunch,1,5,450.2,45.5,49.8,7.9,3.06,High-Protein;Halal
1620,Roasted Garlic Butter Shrimp with Zucchini Noodles & Tomatoes Style 1620,Dinner,2,18,487.3,55.3,14.1,24.7,6.43,Keto;Gluten-Free;High-Protein;Low-Carb;Halal
1621,Zesty Apple Slices with Natural Peanut Butter Style 1621,Snack,3,0,299.4,9.3,31.8,17.9,1.03,Vegan;Vegetarian;Gluten-Free;Dairy-Free;Halal
1622,Rustic Lean Ground Beef Stir-Fry with Brown Rice & Peppers Style 1622,Dinner,2,26,517.3,42.7,33.7,25.0,4.03,Gluten-Free;Dairy-Free;High-Protein;Halal
1623,Fresh Pan-Seared Salmon with Garlic Butter Broccoli & Sweet Potato Style 1623,Dinner,2,39,862.9,63.8,56.8,41.1,9.17,Gluten-Free;High-Protein;Halal
1624,Roasted Greek Yogurt Berry Nut Bowl Style 1624,Breakfast,0,2,916.5,47.4,35.9,67.3,4.47,Vegetarian;Gluten-Free;High-Protein;Halal
1625,Hearty Berry Chia Yogurt Parfait Style 1625,Breakfast,0,0,445.3,26.2,32.1,26.2,3.54,Vegetarian;Gluten-Free;Halal
1626,Smoky Grilled Chicken & Quinoa Harvest Bowl Style 1626,Lunch,1,32,519.4,53.8,25.7,22.1,3.73,Gluten-Free;High-Protein;Halal
1627,Hearty Creamy Garlic Parmesan Chicken Fettuccine Style 1627,Dinner,2,37,771.8,80.2,37.9,31.6,4.15,High-Protein;Halal
1628,Zesty Classic Spinach & Mushroom Omelette Style 1628,Breakfast,0,25,564.6,33.2,23.2,38.5,2.55,Vegetarian;Keto;Gluten-Free;High-Protein;Halal
1629,Spicy Grilled Chicken & Quinoa Harvest Bowl Style 1629,Lunch,1,32,630.2,69.4,32.6,24.2,4.76,Gluten-Free;High-Protein;Halal
1630,Roasted Classic Spinach & Mushroom Omelette Style 1630,Breakfast,0,23,483.4,28.5,5.1,39.2,2.57,Vegetarian;Keto;Gluten-Free;High-Protein;Halal
1631,Rustic Hearty Lentil & Vegetable Stew Style 1631,Dinner,2,33,426.0,15.1,59.0,16.1,2.15,Vegan;Vegetarian;Gluten-Free;Dairy-Free;Halal
1632,Spicy Mediterranean Chickpea & Avocado Salad Style 1632,Lunch,1,15,555.5,13.0,45.2,39.8,3.57,Vegan;Vegetarian;Gluten-Free;Dairy-Free;Halal
1633,Roasted Creamy Tomato & Mozzarella Penne Style 1633,Lunch,1,15,478.1,23.7,39.6,26.2,2.38,Vegetarian;Halal
1634,Golden Avocado & Egg Whole Wheat Toast Style 1634,Breakfast,0,13,639.6,24.0,43.1,43.7,2.64,Vegetarian;Halal
1635,Fresh Black Bean Burrito Bowl with Brown Rice Style 1635,Lunch,1,23,434.5,18.0,65.9,12.0,2.44,Vegan;Vegetarian;Gluten-Free;Dairy-Free;Halal
1636,Garden-Fresh Cheddar Cheese & Boiled Egg Power Snack Style 1636,Snack,3,7,223.2,15.5,3.4,16.4,1.07,Vegetarian;Keto;Gluten-Free;High-Protein;Halal
1637,Fiesta High-Protein Tofu Breakfast Scramble Style 1637,Breakfast,0,22,294.8,15.1,11.5,22.9,2.63,Vegan;Vegetarian;Gluten-Free;Dairy-Free;High-Protein;Halal
1638,Zesty High-Protein Tofu Breakfast Scramble Style 1638,Breakfast,0,16,308.6,16.4,10.9,24.2,2.55,Vegan;Vegetarian;Gluten-Free;Dairy-Free;High-Protein;Halal
1639,Rustic Lean Ground Beef Stir-Fry with Brown Rice & Peppers Style 1639,Dinner,2,24,550.6,44.7,36.0,26.8,4.06,Gluten-Free;Dairy-Free;High-Protein;Halal
1640,Garden-Fresh Savory Tofu & Mushroom Teriyaki Bowl Style 1640,Dinner,2,32,525.4,57.4,46.7,12.6,4.85,Vegan;Vegetarian;Dairy-Free;Halal
1641,Zesty Peanut Butter Banana Oatmeal Style 1641,Breakfast,0,12,1021.4,21.3,70.7,76.6,2.29,Vegan;Vegetarian;Dairy-Free;Halal
1642,Herb-Crusted Garlic Butter Shrimp with Zucchini Noodles & Tomatoes Style 1642,Dinner,2,28,464.9,51.2,14.0,24.2,6.6,Keto;Gluten-Free;High-Protein;Low-Carb;Halal
1643,Golden Avocado & Egg Whole Wheat Toast Style 1643,Breakfast,0,15,556.1,24.2,44.1,33.8,2.57,Vegetarian;Halal
1644,Smoky Mediterranean Chickpea & Avocado Salad Style 1644,Lunch,1,21,654.8,17.8,63.5,41.0,3.8,Vegan;Vegetarian;Gluten-Free;Dairy-Free;Halal
1645,Hearty Lean Ground Beef Stir-Fry with Brown Rice & Peppers Style 1645,Dinner,2,29,667.6,61.0,27.6,36.9,5.6,Gluten-Free;Dairy-Free;High-Protein;Halal
1646,Herb-Crusted Hearty Lentil & Vegetable Stew Style 1646,Dinner,2,44,555.5,33.3,45.8,28.5,3.65,Vegan;Vegetarian;Gluten-Free;Dairy-Free;Halal
1647,Herb-Crusted Strawberries & Dark Chocolate Walnut Cup Style 1647,Snack,3,11,289.7,6.0,20.4,23.1,2.25,Vegan;Vegetarian;Gluten-Free;Halal
1648,Garden-Fresh Turkey Avocado BLT Wrap Style 1648,Lunch,1,23,872.2,55.9,59.8,49.1,5.04,High-Protein;Halal
1649,Spicy Savory Tofu & Mushroom Teriyaki Bowl Style 1649,Dinner,2,20,484.6,28.8,51.5,21.2,4.16,Vegan;Vegetarian;Dairy-Free;Halal
1650,Crispy Greek Yogurt Berry Nut Bowl Style 1650,Breakfast,0,7,479.2,30.8,39.2,24.9,3.55,Vegetarian;Gluten-Free;High-Protein;Halal
1651,Rustic Creamy Tomato & Mozzarella Penne Style 1651,Lunch,1,17,427.1,18.4,38.9,23.3,2.21,Vegetarian;Halal
1652,Smoky Creamy Tomato & Mozzarella Penne Style 1652,Lunch,1,15,499.4,23.7,46.6,25.4,2.38,Vegetarian;Halal
1653,Fiesta Pan-Seared Salmon with Garlic Butter Broccoli & Sweet Potato Style 1653,Dinner,2,31,812.5,52.0,55.5,41.6,8.28,Gluten-Free;High-Protein;Halal
1654,Roasted Savory Tofu & Mushroom Teriyaki Bowl Style 1654,Dinner,2,29,409.6,22.1,45.1,18.7,3.69,Vegan;Vegetarian;Dairy-Free;Halal
1655,Roasted Garlic Butter Shrimp with Zucchini Noodles & Tomatoes Style 1655,Dinner,2,27,585.5,69.0,15.8,29.0,8.07,Keto;Gluten-Free;High-Protein;Low-Carb;Halal
1656,Smoky Tuna Salad Whole Wheat Wrap Style 1656,Lunch,1,13,631.0,37.5,60.0,29.2,3.51,High-Protein;Halal
1657,Smoky Avocado & Egg Whole Wheat Toast Style 1657,Breakfast,0,18,637.8,23.9,42.7,43.7,2.58,Vegetarian;Halal
1658,Hearty Classic Spinach & Mushroom Omelette Style 1658,Breakfast,0,16,503.5,29.8,5.2,40.9,2.64,Vegetarian;Keto;Gluten-Free;High-Protein;Halal
1659,Zesty Berry Chia Yogurt Parfait Style 1659,Breakfast,0,1,490.0,28.6,34.9,29.1,3.67,Vegetarian;Gluten-Free;Halal
1660,Savory Avocado & Egg Whole Wheat Toast Style 1660,Breakfast,0,12,641.4,24.1,43.5,43.8,2.7,Vegetarian;Halal
1661,Smoky Peanut Butter Banana Oatmeal Style 1661,Breakfast,0,8,688.4,26.9,88.8,28.5,1.46,Vegan;Vegetarian;Dairy-Free;Halal
1662,Smoky Cheddar Cheese & Boiled Egg Power Snack Style 1662,Snack,3,4,283.5,19.3,3.6,21.4,1.25,Vegetarian;Keto;Gluten-Free;High-Protein;Halal
1663,Rustic Garlic Butter Shrimp with Zucchini Noodles & Tomatoes Style 1663,Dinner,2,15,518.0,52.3,16.1,28.8,6.45,Keto;Gluten-Free;High-Protein;Low-Carb;Halal
1664,Savory Cheddar Cheese & Boiled Egg Power Snack Style 1664,Snack,3,6,213.6,13.3,2.7,16.8,0.9,Vegetarian;Keto;Gluten-Free;High-Protein;Halal
1665,Spicy Classic Spinach & Mushroom Omelette Style 1665,Breakfast,0,17,659.9,35.4,29.0,45.9,3.29,Vegetarian;Keto;Gluten-Free;High-Protein;Halal
1666,Savory Creamy Garlic Parmesan Chicken Fettuccine Style 1666,Dinner,2,29,921.4,89.5,27.8,48.5,4.8,High-Protein;Halal
1667,Hearty High-Protein Tofu Breakfast Scramble Style 1667,Breakfast,0,13,370.6,18.5,12.5,29.8,3.06,Vegan;Vegetarian;Gluten-Free;Dairy-Free;High-Protein;Halal
1668,Hearty Savory Tofu & Mushroom Teriyaki Bowl Style 1668,Dinner,2,31,460.4,24.3,50.2,20.6,3.8,Vegan;Vegetarian;Dairy-Free;Halal
1669,Spicy Turkey Avocado BLT Wrap Style 1669,Lunch,1,14,894.4,59.0,60.9,49.9,5.37,High-Protein;Halal
1670,Crispy Grilled Chicken & Quinoa Harvest Bowl Style 1670,Lunch,1,32,600.0,75.2,29.0,19.7,4.88,Gluten-Free;High-Protein;Halal
1671,Golden Savory Tofu & Mushroom Teriyaki Bowl Style 1671,Dinner,2,23,463.7,27.9,45.6,22.2,4.21,Vegan;Vegetarian;Dairy-Free;Halal
1672,Fresh Mediterranean Chickpea & Avocado Salad Style 1672,Lunch,1,20,655.0,16.6,54.2,45.8,3.35,Vegan;Vegetarian;Gluten-Free;Dairy-Free;Halal
1673,Herb-Crusted Black Bean Burrito Bowl with Brown Rice Style 1673,Lunch,1,23,380.2,14.8,55.8,11.7,2.28,Vegan;Vegetarian;Gluten-Free;Dairy-Free;Halal
1674,Rustic Berry Chia Yogurt Parfait Style 1674,Breakfast,0,9,514.5,28.0,36.6,31.7,3.95,Vegetarian;Gluten-Free;Halal
1675,Rustic Savory Tofu & Mushroom Teriyaki Bowl Style 1675,Dinner,2,30,446.9,25.6,47.1,20.6,3.94,Vegan;Vegetarian;Dairy-Free;Halal
1676,Zesty Mediterranean Chickpea & Avocado Salad Style 1676,Lunch,1,19,557.5,13.2,45.4,39.9,3.47,Vegan;Vegetarian;Gluten-Free;Dairy-Free;Halal
1677,Crispy Black Bean Burrito Bowl with Brown Rice Style 1677,Lunch,1,17,425.5,17.2,64.6,11.9,2.5,Vegan;Vegetarian;Gluten-Free;Dairy-Free;Halal
1678,Golden Classic Spinach & Mushroom Omelette Style 1678,Breakfast,0,14,432.6,23.6,5.0,36.1,2.4,Vegetarian;Keto;Gluten-Free;High-Protein;Halal
1679,Roasted Hearty Lentil & Vegetable Stew Style 1679,Dinner,2,33,484.2,18.1,70.6,16.1,2.27,Vegan;Vegetarian;Gluten-Free;Dairy-Free;Halal
1680,Roasted High-Protein Tofu Breakfast Scramble Style 1680,Breakfast,0,13,335.7,19.2,13.8,25.3,3.56,Vegan;Vegetarian;Gluten-Free;Dairy-Free;High-Protein;Halal
1681,Golden Creamy Tomato & Mozzarella Penne Style 1681,Lunch,1,15,491.7,23.9,40.3,27.1,2.15,Vegetarian;Halal
1682,Rustic High-Protein Tofu Breakfast Scramble Style 1682,Breakfast,0,24,381.5,19.2,13.5,30.3,3.12,Vegan;Vegetarian;Gluten-Free;Dairy-Free;High-Protein;Halal
1683,Herb-Crusted Creamy Garlic Parmesan Chicken Fettuccine Style 1683,Dinner,2,33,732.0,57.3,27.1,43.2,3.31,High-Protein;Halal
1684,Spicy Cheddar Cheese & Boiled Egg Power Snack Style 1684,Snack,3,4,260.4,17.9,2.8,19.7,1.09,Vegetarian;Keto;Gluten-Free;High-Protein;Halal
1685,Savory Grilled Chicken & Quinoa Harvest Bowl Style 1685,Lunch,1,29,569.8,62.1,27.1,23.2,4.19,Gluten-Free;High-Protein;Halal
1686,Golden Garlic Butter Shrimp with Zucchini Noodles & Tomatoes Style 1686,Dinner,2,27,473.1,64.2,13.6,19.4,7.53,Keto;Gluten-Free;High-Protein;Low-Carb;Halal
1687,Spicy High-Protein Tofu Breakfast Scramble Style 1687,Breakfast,0,22,306.1,16.1,38.6,11.0,1.83,Vegan;Vegetarian;Gluten-Free;Dairy-Free;High-Protein;Halal
1688,Hearty Strawberries & Dark Chocolate Walnut Cup Style 1688,Snack,3,9,284.9,5.9,19.2,23.1,2.02,Vegan;Vegetarian;Gluten-Free;Halal
1689,Garden-Fresh Grilled Chicken & Quinoa Harvest Bowl Style 1689,Lunch,1,33,615.4,65.1,34.3,23.9,4.62,Gluten-Free;High-Protein;Halal
1690,Spicy Garlic Butter Shrimp with Zucchini Noodles & Tomatoes Style 1690,Dinner,2,27,539.7,65.4,13.6,26.3,7.45,Keto;Gluten-Free;High-Protein;Low-Carb;Halal
1691,Fiesta Apple Slices with Natural Peanut Butter Style 1691,Snack,3,9,240.6,6.8,29.8,12.9,0.95,Vegan;Vegetarian;Gluten-Free;Dairy-Free;Halal
1692,Rustic Mediterranean Chickpea & Avocado Salad Style 1692,Lunch,1,17,311.7,9.8,32.0,17.7,2.37,Vegan;Vegetarian;Gluten-Free;Dairy-Free;Halal
1693,Spicy Banana Almond Protein Smoothie Style 1693,Snack,3,15,425.6,12.5,45.4,23.6,1.66,Vegetarian;Gluten-Free;Halal
1694,Fresh Garlic Butter Shrimp with Zucchini Noodles & Tomatoes Style 1694,Dinner,2,15,533.7,69.2,14.8,23.5,8.01,Keto;Gluten-Free;High-Protein;Low-Carb;Halal
1695,Smoky Mediterranean Chickpea & Avocado Salad Style 1695,Lunch,1,13,586.0,14.8,50.0,40.4,3.54,Vegan;Vegetarian;Gluten-Free;Dairy-Free;Halal
1696,Zesty Berry Chia Yogurt Parfait Style 1696,Breakfast,0,11,458.7,27.7,26.9,29.2,3.36,Vegetarian;Gluten-Free;Halal
1697,Spicy Cheddar Cheese & Boiled Egg Power Snack Style 1697,Snack,3,4,201.6,14.2,3.0,14.8,0.96,Vegetarian;Keto;Gluten-Free;High-Protein;Halal
1698,Herb-Crusted Black Bean Burrito Bowl with Brown Rice Style 1698,Lunch,1,18,481.8,19.6,77.8,12.0,2.25,Vegan;Vegetarian;Gluten-Free;Dairy-Free;Halal
1699,Fresh Lean Ground Beef Stir-Fry with Brown Rice & Peppers Style 1699,Dinner,2,20,507.9,41.4,34.1,24.2,3.92,Gluten-Free;Dairy-Free;High-Protein;Halal
1700,Rustic Peanut Butter Banana Oatmeal Style 1700,Breakfast,0,19,447.8,15.9,53.9,21.5,1.58,Vegan;Vegetarian;Dairy-Free;Halal
1701,Hearty Classic Spinach & Mushroom Omelette Style 1701,Breakfast,0,10,489.9,31.3,5.6,38.5,2.77,Vegetarian;Keto;Gluten-Free;High-Protein;Halal
1702,Rustic Greek Yogurt Berry Nut Bowl Style 1702,Breakfast,0,3,403.6,28.6,25.0,23.4,3.94,Vegetarian;Gluten-Free;High-Protein;Halal
1703,Herb-Crusted Creamy Garlic Parmesan Chicken Fettuccine Style 1703,Dinner,2,26,934.3,77.6,40.3,50.1,4.42,High-Protein;Halal
1704,Smoky Pan-Seared Salmon with Garlic Butter Broccoli & Sweet Potato Style 1704,Dinner,2,28,859.0,55.8,46.1,48.8,8.63,Gluten-Free;High-Protein;Halal
1705,Hearty Banana Almond Protein Smoothie Style 1705,Snack,3,3,290.9,16.2,22.1,16.6,1.5,Vegetarian;Gluten-Free;Halal
1706,Hearty Pan-Seared Salmon with Garlic Butter Broccoli & Sweet Potato Style 1706,Dinner,2,38,734.0,44.9,45.4,41.2,7.34,Gluten-Free;High-Protein;Halal
1707,Crispy Creamy Garlic Parmesan Chicken Fettuccine Style 1707,Dinner,2,36,942.1,76.8,39.4,51.7,4.32,High-Protein;Halal
1708,Spicy Classic Spinach & Mushroom Omelette Style 1708,Breakfast,0,21,448.8,28.6,5.3,35.2,2.57,Vegetarian;Keto;Gluten-Free;High-Protein;Halal
1709,Zesty Lean Ground Beef Stir-Fry with Brown Rice & Peppers Style 1709,Dinner,2,25,482.7,36.0,34.8,20.7,5.36,Gluten-Free;Dairy-Free;High-Protein;Halal
1710,Golden Avocado & Egg Whole Wheat Toast Style 1710,Breakfast,0,12,642.6,24.4,43.5,43.8,2.61,Vegetarian;Halal
1711,Herb-Crusted Berry Chia Yogurt Parfait Style 1711,Breakfast,0,1,383.8,21.8,27.9,22.8,3.03,Vegetarian;Gluten-Free;Halal
1712,Smoky High-Protein Tofu Breakfast Scramble Style 1712,Breakfast,0,17,346.9,16.3,11.1,28.6,2.76,Vegan;Vegetarian;Gluten-Free;Dairy-Free;High-Protein;Halal
1713,Rustic Creamy Tomato & Mozzarella Penne Style 1713,Lunch,1,24,488.9,24.0,41.8,26.3,2.4,Vegetarian;Halal
1714,Fresh Grilled Chicken & Quinoa Harvest Bowl Style 1714,Lunch,1,20,638.6,56.2,42.5,27.6,4.2,Gluten-Free;High-Protein;Halal
1715,Zesty Savory Tofu & Mushroom Teriyaki Bowl Style 1715,Dinner,2,22,455.5,24.3,51.6,19.9,3.94,Vegan;Vegetarian;Dairy-Free;Halal
1716,Fresh Berry Chia Yogurt Parfait Style 1716,Breakfast,0,4,446.6,21.0,34.1,28.2,3.39,Vegetarian;Gluten-Free;Halal
1717,Savory Greek Yogurt Berry Nut Bowl Style 1717,Breakfast,0,8,395.4,21.7,41.5,18.6,4.02,Vegetarian;Gluten-Free;High-Protein;Halal
1718,Savory Berry Chia Yogurt Parfait Style 1718,Breakfast,0,14,497.1,27.6,39.1,28.6,3.73,Vegetarian;Gluten-Free;Halal
1719,Fresh Creamy Tomato & Mozzarella Penne Style 1719,Lunch,1,22,463.2,20.6,47.3,22.2,2.04,Vegetarian;Halal
1720,Herb-Crusted Pan-Seared Salmon with Garlic Butter Broccoli & Sweet Potato Style 1720,Dinner,2,33,903.7,56.7,56.5,48.9,8.86,Gluten-Free;High-Protein;Halal
1721,Savory Pan-Seared Salmon with Garlic Butter Broccoli & Sweet Potato Style 1721,Dinner,2,33,929.9,68.4,41.8,57.7,6.43,Gluten-Free;High-Protein;Halal
1722,Herb-Crusted Creamy Tomato & Mozzarella Penne Style 1722,Lunch,1,25,462.0,22.5,39.1,25.1,2.22,Vegetarian;Halal
1723,Rustic Peanut Butter Banana Oatmeal Style 1723,Breakfast,0,6,630.0,24.4,78.9,27.5,1.41,Vegan;Vegetarian;Dairy-Free;Halal
1724,Spicy Garlic Butter Shrimp with Zucchini Noodles & Tomatoes Style 1724,Dinner,2,23,497.6,59.8,15.4,23.4,7.17,Keto;Gluten-Free;High-Protein;Low-Carb;Halal
1725,Herb-Crusted High-Protein Tofu Breakfast Scramble Style 1725,Breakfast,0,13,345.6,20.3,13.2,26.0,3.08,Vegan;Vegetarian;Gluten-Free;Dairy-Free;High-Protein;Halal
1726,Herb-Crusted Apple Slices with Natural Peanut Butter Style 1726,Snack,3,13,358.2,11.8,33.8,22.9,1.11,Vegan;Vegetarian;Gluten-Free;Dairy-Free;Halal
1727,Zesty Hearty Lentil & Vegetable Stew Style 1727,Dinner,2,43,463.6,16.1,67.3,16.0,2.13,Vegan;Vegetarian;Gluten-Free;Dairy-Free;Halal
1728,Savory Turkey Avocado BLT Wrap Style 1728,Lunch,1,18,824.9,48.0,60.6,47.1,4.71,High-Protein;Halal
1729,Roasted Greek Yogurt Berry Nut Bowl Style 1729,Breakfast,0,5,465.8,25.7,42.6,24.6,4.17,Vegetarian;Gluten-Free;High-Protein;Halal
1730,Garden-Fresh Creamy Tomato & Mozzarella Penne Style 1730,Lunch,1,19,442.8,20.0,43.3,22.2,2.22,Vegetarian;Halal
1731,Fresh Strawberries & Dark Chocolate Walnut Cup Style 1731,Snack,3,9,263.4,5.4,21.2,19.9,2.44,Vegan;Vegetarian;Gluten-Free;Halal
1732,Savory Turkey Avocado BLT Wrap Style 1732,Lunch,1,15,796.0,58.1,44.6,46.2,5.05,High-Protein;Halal
1733,Spicy Black Bean Burrito Bowl with Brown Rice Style 1733,Lunch,1,20,375.8,13.9,55.4,11.7,2.16,Vegan;Vegetarian;Gluten-Free;Dairy-Free;Halal
1734,Hearty Berry Chia Yogurt Parfait Style 1734,Breakfast,0,5,411.2,27.4,22.5,25.7,3.35,Vegetarian;Gluten-Free;Halal
1735,Zesty Creamy Garlic Parmesan Chicken Fettuccine Style 1735,Dinner,2,36,898.7,67.8,34.4,53.7,3.99,High-Protein;Halal
1736,Hearty Lean Ground Beef Stir-Fry with Brown Rice & Peppers Style 1736,Dinner,2,27,328.0,43.8,31.1,2.3,3.06,Gluten-Free;Dairy-Free;High-Protein;Halal
1737,Smoky Turkey Avocado BLT Wrap Style 1737,Lunch,1,22,806.9,45.3,60.4,46.4,4.53,High-Protein;Halal
1738,Garden-Fresh Classic Spinach & Mushroom Omelette Style 1738,Breakfast,0,22,335.1,26.7,6.0,23.3,2.58,Vegetarian;Keto;Gluten-Free;High-Protein;Halal
1739,Fiesta Peanut Butter Banana Oatmeal Style 1739,Breakfast,0,11,720.8,28.3,90.1,31.2,1.51,Vegan;Vegetarian;Dairy-Free;Halal
1740,Garden-Fresh Garlic Butter Shrimp with Zucchini Noodles & Tomatoes Style 1740,Dinner,2,22,480.6,69.1,10.2,19.3,7.79,Keto;Gluten-Free;High-Protein;Low-Carb;Halal
1741,Savory Strawberries & Dark Chocolate Walnut Cup Style 1741,Snack,3,-1,286.5,5.9,19.6,23.1,2.1,Vegan;Vegetarian;Gluten-Free;Halal
1742,Smoky Cheddar Cheese & Boiled Egg Power Snack Style 1742,Snack,3,7,220.2,15.4,2.7,16.4,0.97,Vegetarian;Keto;Gluten-Free;High-Protein;Halal
1743,Garden-Fresh Grilled Chicken & Quinoa Harvest Bowl Style 1743,Lunch,1,31,558.0,52.2,27.1,27.0,4.11,Gluten-Free;High-Protein;Halal
1744,Crispy Hearty Lentil & Vegetable Stew Style 1744,Dinner,2,38,490.8,18.6,71.7,16.2,2.37,Vegan;Vegetarian;Gluten-Free;Dairy-Free;Halal
1745,Smoky Lean Ground Beef Stir-Fry with Brown Rice & Peppers Style 1745,Dinner,2,35,506.0,42.0,31.6,24.9,3.84,Gluten-Free;Dairy-Free;High-Protein;Halal
1746,Fresh Banana Almond Protein Smoothie Style 1746,Snack,3,14,402.9,18.3,49.3,17.3,1.91,Vegetarian;Gluten-Free;Halal
1747,Rustic Black Bean Burrito Bowl with Brown Rice Style 1747,Lunch,1,27,415.4,17.1,62.2,11.8,2.33,Vegan;Vegetarian;Gluten-Free;Dairy-Free;Halal
1748,Rustic Apple Slices with Natural Peanut Butter Style 1748,Snack,3,9,328.8,10.5,32.8,20.4,1.07,Vegan;Vegetarian;Gluten-Free;Dairy-Free;Halal
1749,Smoky Black Bean Burrito Bowl with Brown Rice Style 1749,Lunch,1,21,424.4,16.6,63.9,12.1,2.65,Vegan;Vegetarian;Gluten-Free;Dairy-Free;Halal
1750,Crispy Garlic Butter Shrimp with Zucchini Noodles & Tomatoes Style 1750,Dinner,2,25,510.4,67.6,16.4,20.8,7.68,Keto;Gluten-Free;High-Protein;Low-Carb;Halal
1751,Golden Cheddar Cheese & Boiled Egg Power Snack Style 1751,Snack,3,11,280.5,19.2,2.9,21.4,1.15,Vegetarian;Keto;Gluten-Free;High-Protein;Halal
1752,Golden Mediterranean Chickpea & Avocado Salad Style 1752,Lunch,1,8,606.6,16.4,53.6,40.7,3.32,Vegan;Vegetarian;Gluten-Free;Dairy-Free;Halal
1753,Spicy Black Bean Burrito Bowl with Brown Rice Style 1753,Lunch,1,23,453.0,18.5,69.6,12.1,2.58,Vegan;Vegetarian;Gluten-Free;Dairy-Free;Halal
1754,Spicy Grilled Chicken & Quinoa Harvest Bowl Style 1754,Lunch,1,33,574.6,50.4,32.4,27.1,3.9,Gluten-Free;High-Protein;Halal
1755,Crispy Tuna Salad Whole Wheat Wrap Style 1755,Lunch,1,7,466.3,49.7,48.7,8.0,3.28,High-Protein;Halal
1756,Fiesta Turkey Avocado BLT Wrap Style 1756,Lunch,1,14,818.6,46.9,61.0,46.8,4.74,High-Protein;Halal
1757,Spicy Creamy Garlic Parmesan Chicken Fettuccine Style 1757,Dinner,2,37,957.1,85.1,31.1,53.3,4.78,High-Protein;Halal
1758,Rustic Classic Spinach & Mushroom Omelette Style 1758,Breakfast,0,23,718.8,36.1,54.0,42.2,4.05,Vegetarian;Keto;Gluten-Free;High-Protein;Halal
1759,Roasted Apple Slices with Natural Peanut Butter Style 1759,Snack,3,12,240.6,6.8,29.8,12.9,0.95,Vegan;Vegetarian;Gluten-Free;Dairy-Free;Halal
1760,Hearty Strawberries & Dark Chocolate Walnut Cup Style 1760,Snack,3,2,250.6,5.1,18.1,19.8,1.85,Vegan;Vegetarian;Gluten-Free;Halal
1761,Herb-Crusted Savory Tofu & Mushroom Teriyaki Bowl Style 1761,Dinner,2,34,420.9,23.5,45.7,19.2,3.87,Vegan;Vegetarian;Dairy-Free;Halal
1762,Fiesta Garlic Butter Shrimp with Zucchini Noodles & Tomatoes Style 1762,Dinner,2,21,535.5,63.2,14.9,26.2,7.19,Keto;Gluten-Free;High-Protein;Low-Carb;Halal
1763,Crispy Apple Slices with Natural Peanut Butter Style 1763,Snack,3,13,328.8,10.5,32.8,20.4,1.07,Vegan;Vegetarian;Gluten-Free;Dairy-Free;Halal
1764,Zesty Pan-Seared Salmon with Garlic Butter Broccoli & Sweet Potato Style 1764,Dinner,2,28,755.3,52.1,31.0,46.4,8.28,Gluten-Free;High-Protein;Halal
1765,Zesty Creamy Garlic Parmesan Chicken Fettuccine Style 1765,Dinner,2,39,964.6,73.4,39.0,56.2,4.28,High-Protein;Halal
1766,Crispy Classic Spinach & Mushroom Omelette Style 1766,Breakfast,0,10,447.5,30.3,4.6,34.3,2.36,Vegetarian;Keto;Gluten-Free;High-Protein;Halal
1767,Hearty Hearty Lentil & Vegetable Stew Style 1767,Dinner,2,35,516.8,18.1,67.7,21.2,2.38,Vegan;Vegetarian;Gluten-Free;Dairy-Free;Halal
1768,Savory Hearty Lentil & Vegetable Stew Style 1768,Dinner,2,30,456.0,16.5,65.1,16.0,2.1,Vegan;Vegetarian;Gluten-Free;Dairy-Free;Halal
1769,Crispy Savory Tofu & Mushroom Teriyaki Bowl Style 1769,Dinner,2,27,442.9,26.8,41.8,22.0,3.99,Vegan;Vegetarian;Dairy-Free;Halal
1770,Fiesta Avocado & Egg Whole Wheat Toast Style 1770,Breakfast,0,18,503.6,11.9,42.3,34.8,2.06,Vegetarian;Halal
1771,Zesty Creamy Garlic Parmesan Chicken Fettuccine Style 1771,Dinner,2,30,933.5,89.0,36.8,46.1,4.8,High-Protein;Halal
1772,Hearty Tuna Salad Whole Wheat Wrap Style 1772,Lunch,1,8,357.5,46.1,32.4,4.5,2.87,High-Protein;Halal
1773,Spicy Lean Ground Beef Stir-Fry with Brown Rice & Peppers Style 1773,Dinner,2,30,626.2,52.9,35.8,31.9,4.62,Gluten-Free;Dairy-Free;High-Protein;Halal
1774,Roasted Cheddar Cheese & Boiled Egg Power Snack Style 1774,Snack,3,11,276.5,23.9,4.8,17.9,1.55,Vegetarian;Keto;Gluten-Free;High-Protein;Halal
1775,Garden-Fresh Apple Slices with Natural Peanut Butter Style 1775,Snack,3,0,328.8,10.5,32.8,20.4,1.07,Vegan;Vegetarian;Gluten-Free;Dairy-Free;Halal
1776,Zesty Creamy Tomato & Mozzarella Penne Style 1776,Lunch,1,24,405.3,18.2,38.5,20.9,2.1,Vegetarian;Halal
1777,Spicy Greek Yogurt Berry Nut Bowl Style 1777,Breakfast,0,2,482.8,30.1,41.6,24.8,4.26,Vegetarian;Gluten-Free;High-Protein;Halal
1778,Herb-Crusted Creamy Garlic Parmesan Chicken Fettuccine Style 1778,Dinner,2,35,921.3,86.7,35.7,47.0,4.47,High-Protein;Halal
1779,Fiesta Classic Spinach & Mushroom Omelette Style 1779,Breakfast,0,15,561.0,37.4,5.8,43.3,2.99,Vegetarian;Keto;Gluten-Free;High-Protein;Halal
1780,Fiesta Cheddar Cheese & Boiled Egg Power Snack Style 1780,Snack,3,16,219.4,15.4,2.5,16.4,0.94,Vegetarian;Keto;Gluten-Free;High-Protein;Halal
1781,Fiesta Apple Slices with Natural Peanut Butter Style 1781,Snack,3,1,299.4,9.3,31.8,17.9,1.03,Vegan;Vegetarian;Gluten-Free;Dairy-Free;Halal
1782,Smoky Berry Chia Yogurt Parfait Style 1782,Breakfast,0,14,410.2,20.2,24.7,27.3,3.07,Vegetarian;Gluten-Free;Halal
1783,Fiesta Greek Yogurt Berry Nut Bowl Style 1783,Breakfast,0,10,457.2,27.8,43.9,21.6,3.84,Vegetarian;Gluten-Free;High-Protein;Halal
1784,Crispy Banana Almond Protein Smoothie Style 1784,Snack,3,0,441.3,18.5,50.7,21.3,1.93,Vegetarian;Gluten-Free;Halal
1785,Herb-Crusted Avocado & Egg Whole Wheat Toast Style 1785,Breakfast,0,18,496.6,11.5,42.2,34.2,2.03,Vegetarian;Halal
1786,Zesty Banana Almond Protein Smoothie Style 1786,Snack,3,14,449.7,20.5,45.5,23.4,1.88,Vegetarian;Gluten-Free;Halal
1787,Garden-Fresh Pan-Seared Salmon with Garlic Butter Broccoli & Sweet Potato Style 1787,Dinner,2,34,849.8,43.5,87.0,37.4,6.71,Gluten-Free;High-Protein;Halal
1788,Golden Greek Yogurt Berry Nut Bowl Style 1788,Breakfast,0,14,422.9,24.7,37.7,22.1,4.03,Vegetarian;Gluten-Free;High-Protein;Halal
1789,Smoky Turkey Avocado BLT Wrap Style 1789,Lunch,1,14,904.5,60.4,61.2,50.3,5.52,High-Protein;Halal
1790,Golden Peanut Butter Banana Oatmeal Style 1790,Breakfast,0,17,669.2,26.0,90.4,25.9,1.38,Vegan;Vegetarian;Dairy-Free;Halal
1791,Herb-Crusted Lean Ground Beef Stir-Fry with Brown Rice & Peppers Style 1791,Dinner,2,33,738.7,64.5,35.7,39.6,5.38,Gluten-Free;Dairy-Free;High-Protein;Halal
1792,Fresh Black Bean Burrito Bowl with Brown Rice Style 1792,Lunch,1,20,371.8,13.4,55.2,11.7,2.23,Vegan;Vegetarian;Gluten-Free;Dairy-Free;Halal
1793,Garden-Fresh High-Protein Tofu Breakfast Scramble Style 1793,Breakfast,0,14,282.7,13.7,11.2,22.1,2.44,Vegan;Vegetarian;Gluten-Free;Dairy-Free;High-Protein;Halal
1794,Crispy Classic Spinach & Mushroom Omelette Style 1794,Breakfast,0,14,498.2,28.2,5.2,40.7,2.16,Vegetarian;Keto;Gluten-Free;High-Protein;Halal
1795,Garden-Fresh Apple Slices with Natural Peanut Butter Style 1795,Snack,3,4,358.2,11.8,33.8,22.9,1.11,Vegan;Vegetarian;Gluten-Free;Dairy-Free;Halal
1796,Smoky Creamy Tomato & Mozzarella Penne Style 1796,Lunch,1,26,512.7,25.4,43.8,27.4,2.42,Vegetarian;Halal
1797,Zesty Lean Ground Beef Stir-Fry with Brown Rice & Peppers Style 1797,Dinner,2,27,548.6,47.4,29.6,28.3,4.22,Gluten-Free;Dairy-Free;High-Protein;Halal
1798,Golden Peanut Butter Banana Oatmeal Style 1798,Breakfast,0,17,647.2,25.0,78.9,29.3,1.39,Vegan;Vegetarian;Dairy-Free;Halal
1799,Zesty Classic Spinach & Mushroom Omelette Style 1799,Breakfast,0,22,393.4,23.1,4.5,32.0,2.17,Vegetarian;Keto;Gluten-Free;High-Protein;Halal
1800,Fresh High-Protein Tofu Breakfast Scramble Style 1800,Breakfast,0,12,418.5,54.3,10.5,17.1,3.99,Vegan;Vegetarian;Gluten-Free;Dairy-Free;High-Protein;Halal
1801,Rustic Grilled Chicken & Quinoa Harvest Bowl Style 1801,Lunch,1,24,478.2,52.0,29.4,17.0,3.85,Gluten-Free;High-Protein;Halal
1802,Fresh Greek Yogurt Berry Nut Bowl Style 1802,Breakfast,0,4,457.9,27.1,41.6,23.3,4.12,Vegetarian;Gluten-Free;High-Protein;Halal
1803,Zesty Black Bean Burrito Bowl with Brown Rice Style 1803,Lunch,1,28,419.9,15.2,64.6,12.0,2.75,Vegan;Vegetarian;Gluten-Free;Dairy-Free;Halal
1804,Fresh Lean Ground Beef Stir-Fry with Brown Rice & Peppers Style 1804,Dinner,2,21,702.6,62.8,30.8,38.5,5.44,Gluten-Free;Dairy-Free;High-Protein;Halal
1805,Golden Cheddar Cheese & Boiled Egg Power Snack Style 1805,Snack,3,14,219.4,15.4,2.5,16.4,0.94,Vegetarian;Keto;Gluten-Free;High-Protein;Halal
1806,Fiesta Mediterranean Chickpea & Avocado Salad Style 1806,Lunch,1,11,632.1,17.5,58.0,41.1,3.85,Vegan;Vegetarian;Gluten-Free;Dairy-Free;Halal
1807,Garden-Fresh Cheddar Cheese & Boiled Egg Power Snack Style 1807,Snack,3,12,194.2,12.0,3.1,15.1,0.9,Vegetarian;Keto;Gluten-Free;High-Protein;Halal
1808,Rustic Hearty Lentil & Vegetable Stew Style 1808,Dinner,2,30,403.2,13.3,55.0,15.9,1.85,Vegan;Vegetarian;Gluten-Free;Dairy-Free;Halal
1809,Spicy Greek Yogurt Berry Nut Bowl Style 1809,Breakfast,0,5,532.3,20.7,38.1,35.3,3.77,Vegetarian;Gluten-Free;High-Protein;Halal
1810,Herb-Crusted Greek Yogurt Berry Nut Bowl Style 1810,Breakfast,0,15,476.5,28.2,44.2,23.9,4.54,Vegetarian;Gluten-Free;High-Protein;Halal
1811,Hearty Grilled Chicken & Quinoa Harvest Bowl Style 1811,Lunch,1,29,618.5,61.2,30.1,28.1,4.42,Gluten-Free;High-Protein;Halal
1812,Fresh Savory Tofu & Mushroom Teriyaki Bowl Style 1812,Dinner,2,35,537.2,55.8,42.2,16.4,4.45,Vegan;Vegetarian;Dairy-Free;Halal
1813,Golden Lean Ground Beef Stir-Fry with Brown Rice & Peppers Style 1813,Dinner,2,31,516.9,41.9,34.2,25.0,3.78,Gluten-Free;Dairy-Free;High-Protein;Halal
1814,Spicy Avocado & Egg Whole Wheat Toast Style 1814,Breakfast,0,13,609.1,26.4,44.9,38.7,2.54,Vegetarian;Halal
1815,Fresh Greek Yogurt Berry Nut Bowl Style 1815,Breakfast,0,3,448.3,28.0,41.2,21.8,4.19,Vegetarian;Gluten-Free;High-Protein;Halal
1816,Spicy Creamy Tomato & Mozzarella Penne Style 1816,Lunch,1,16,476.0,23.0,41.9,25.3,2.39,Vegetarian;Halal
1817,Spicy Cheddar Cheese & Boiled Egg Power Snack Style 1817,Snack,3,3,200.8,14.2,2.8,14.8,0.93,Vegetarian;Keto;Gluten-Free;High-Protein;Halal
1818,Golden Black Bean Burrito Bowl with Brown Rice Style 1818,Lunch,1,19,424.4,17.8,63.8,11.9,2.38,Vegan;Vegetarian;Gluten-Free;Dairy-Free;Halal
1819,Savory Berry Chia Yogurt Parfait Style 1819,Breakfast,0,1,500.1,27.2,34.1,31.3,3.46,Vegetarian;Gluten-Free;Halal
1820,Roasted Mediterranean Chickpea & Avocado Salad Style 1820,Lunch,1,21,581.2,14.5,49.7,40.2,3.73,Vegan;Vegetarian;Gluten-Free;Dairy-Free;Halal
1821,Roasted Savory Tofu & Mushroom Teriyaki Bowl Style 1821,Dinner,2,26,423.0,20.8,50.7,18.2,3.52,Vegan;Vegetarian;Dairy-Free;Halal
1822,Garden-Fresh Grilled Chicken & Quinoa Harvest Bowl Style 1822,Lunch,1,21,442.6,44.0,30.3,17.4,5.48,Gluten-Free;High-Protein;Halal
1823,Spicy Lean Ground Beef Stir-Fry with Brown Rice & Peppers Style 1823,Dinner,2,22,517.6,42.3,33.6,25.1,3.98,Gluten-Free;Dairy-Free;High-Protein;Halal
1824,Garden-Fresh Savory Tofu & Mushroom Teriyaki Bowl Style 1824,Dinner,2,23,469.9,26.3,49.1,21.8,4.38,Vegan;Vegetarian;Dairy-Free;Halal
1825,Golden Peanut Butter Banana Oatmeal Style 1825,Breakfast,0,17,504.4,17.1,61.8,23.7,1.39,Vegan;Vegetarian;Dairy-Free;Halal
1826,Rustic Greek Yogurt Berry Nut Bowl Style 1826,Breakfast,0,0,476.4,29.0,38.5,25.9,4.67,Vegetarian;Gluten-Free;High-Protein;Halal
1827,Spicy Hearty Lentil & Vegetable Stew Style 1827,Dinner,2,34,519.2,18.3,68.1,21.1,2.33,Vegan;Vegetarian;Gluten-Free;Dairy-Free;Halal
1828,Hearty Cheddar Cheese & Boiled Egg Power Snack Style 1828,Snack,3,13,261.1,17.9,3.0,19.7,1.12,Vegetarian;Keto;Gluten-Free;High-Protein;Halal
1829,Fresh Mediterranean Chickpea & Avocado Salad Style 1829,Lunch,1,7,572.9,14.0,48.5,40.0,3.63,Vegan;Vegetarian;Gluten-Free;Dairy-Free;Halal
1830,Hearty Turkey Avocado BLT Wrap Style 1830,Lunch,1,24,901.0,60.2,60.5,50.2,5.39,High-Protein;Halal
1831,Hearty Classic Spinach & Mushroom Omelette Style 1831,Breakfast,0,23,481.9,40.6,5.6,32.6,2.84,Vegetarian;Keto;Gluten-Free;High-Protein;Halal
1832,Golden Classic Spinach & Mushroom Omelette Style 1832,Breakfast,0,13,227.1,11.4,4.7,19.1,1.87,Vegetarian;Keto;Gluten-Free;High-Protein;Halal
1833,Hearty Classic Spinach & Mushroom Omelette Style 1833,Breakfast,0,14,456.4,31.5,5.9,34.5,2.82,Vegetarian;Keto;Gluten-Free;High-Protein;Halal
1834,Herb-Crusted Turkey Avocado BLT Wrap Style 1834,Lunch,1,21,784.1,41.4,61.0,45.3,4.39,High-Protein;Halal
1835,Savory Mediterranean Chickpea & Avocado Salad Style 1835,Lunch,1,22,363.0,12.7,40.7,18.5,2.68,Vegan;Vegetarian;Gluten-Free;Dairy-Free;Halal
1836,Fiesta Black Bean Burrito Bowl with Brown Rice Style 1836,Lunch,1,24,409.0,15.2,62.0,11.9,2.36,Vegan;Vegetarian;Gluten-Free;Dairy-Free;Halal
1837,Golden Black Bean Burrito Bowl with Brown Rice Style 1837,Lunch,1,26,372.9,14.1,54.8,11.7,2.14,Vegan;Vegetarian;Gluten-Free;Dairy-Free;Halal
1838,Hearty Garlic Butter Shrimp with Zucchini Noodles & Tomatoes Style 1838,Dinner,2,19,508.5,52.5,14.9,28.2,6.61,Keto;Gluten-Free;High-Protein;Low-Carb;Halal
1839,Spicy Peanut Butter Banana Oatmeal Style 1839,Breakfast,0,8,654.8,25.1,86.2,26.7,1.29,Vegan;Vegetarian;Dairy-Free;Halal
1840,Herb-Crusted Lean Ground Beef Stir-Fry with Brown Rice & Peppers Style 1840,Dinner,2,32,570.7,48.9,31.7,29.2,4.35,Gluten-Free;Dairy-Free;High-Protein;Halal
1841,Herb-Crusted Classic Spinach & Mushroom Omelette Style 1841,Breakfast,0,16,446.6,28.3,5.0,35.2,2.44,Vegetarian;Keto;Gluten-Free;High-Protein;Halal
1842,Zesty Strawberries & Dark Chocolate Walnut Cup Style 1842,Snack,3,12,219.5,4.4,17.8,16.5,1.82,Vegan;Vegetarian;Gluten-Free;Halal
1843,Smoky Hearty Lentil & Vegetable Stew Style 1843,Dinner,2,39,441.7,13.8,64.0,15.8,1.85,Vegan;Vegetarian;Gluten-Free;Dairy-Free;Halal
1844,Fresh Creamy Garlic Parmesan Chicken Fettuccine Style 1844,Dinner,2,39,943.5,73.8,39.5,53.4,4.33,High-Protein;Halal
1845,Zesty Apple Slices with Natural Peanut Butter Style 1845,Snack,3,0,299.4,9.3,31.8,17.9,1.03,Vegan;Vegetarian;Gluten-Free;Dairy-Free;Halal
1846,Roasted Cheddar Cheese & Boiled Egg Power Snack Style 1846,Snack,3,12,241.8,16.7,3.1,18.1,1.08,Vegetarian;Keto;Gluten-Free;High-Protein;Halal
1847,Fresh Pan-Seared Salmon with Garlic Butter Broccoli & Sweet Potato Style 1847,Dinner,2,33,722.5,42.1,50.1,39.2,7.02,Gluten-Free;High-Protein;Halal
1848,Fiesta Cheddar Cheese & Boiled Egg Power Snack Style 1848,Snack,3,17,244.1,16.8,3.6,18.1,1.16,Vegetarian;Keto;Gluten-Free;High-Protein;Halal
1849,Smoky Greek Yogurt Berry Nut Bowl Style 1849,Breakfast,0,8,416.6,23.1,39.5,21.3,3.78,Vegetarian;Gluten-Free;High-Protein;Halal
1850,Zesty Mediterranean Chickpea & Avocado Salad Style 1850,Lunch,1,13,627.1,16.6,57.7,41.0,4.32,Vegan;Vegetarian;Gluten-Free;Dairy-Free;Halal
1851,Herb-Crusted Strawberries & Dark Chocolate Walnut Cup Style 1851,Snack,3,9,271.3,5.6,15.4,22.9,1.42,Vegan;Vegetarian;Gluten-Free;Halal
1852,Smoky Mediterranean Chickpea & Avocado Salad Style 1852,Lunch,1,15,562.0,13.4,46.4,39.9,3.62,Vegan;Vegetarian;Gluten-Free;Dairy-Free;Halal
1853,Spicy Berry Chia Yogurt Parfait Style 1853,Breakfast,0,4,455.4,24.9,31.3,28.4,3.33,Vegetarian;Gluten-Free;Halal
1854,Herb-Crusted Greek Yogurt Berry Nut Bowl Style 1854,Breakfast,0,7,343.3,24.4,22.9,19.2,3.61,Vegetarian;Gluten-Free;High-Protein;Halal
1855,Roasted Berry Chia Yogurt Parfait Style 1855,Breakfast,0,4,416.9,22.1,33.6,24.1,3.05,Vegetarian;Gluten-Free;Halal
1856,Zesty Banana Almond Protein Smoothie Style 1856,Snack,3,12,773.6,36.2,50.9,50.1,2.6,Vegetarian;Gluten-Free;Halal
1857,Spicy Greek Yogurt Berry Nut Bowl Style 1857,Breakfast,0,12,338.2,10.9,42.4,16.3,3.04,Vegetarian;Gluten-Free;High-Protein;Halal
1858,Hearty Black Bean Burrito Bowl with Brown Rice Style 1858,Lunch,1,30,371.0,13.9,54.5,11.7,2.27,Vegan;Vegetarian;Gluten-Free;Dairy-Free;Halal
1859,Spicy Creamy Garlic Parmesan Chicken Fettuccine Style 1859,Dinner,2,37,898.4,76.2,31.0,51.0,4.28,High-Protein;Halal
1860,Garden-Fresh Black Bean Burrito Bowl with Brown Rice Style 1860,Lunch,1,25,425.9,16.3,65.0,12.0,2.35,Vegan;Vegetarian;Gluten-Free;Dairy-Free;Halal
1861,Golden Banana Almond Protein Smoothie Style 1861,Snack,3,15,430.7,18.4,51.1,19.8,1.93,Vegetarian;Gluten-Free;Halal
1862,Garden-Fresh Black Bean Burrito Bowl with Brown Rice Style 1862,Lunch,1,20,389.6,13.8,58.8,11.9,2.22,Vegan;Vegetarian;Gluten-Free;Dairy-Free;Halal
1863,Spicy Lean Ground Beef Stir-Fry with Brown Rice & Peppers Style 1863,Dinner,2,27,603.7,51.4,33.8,31.0,4.66,Gluten-Free;Dairy-Free;High-Protein;Halal
1864,Hearty Pan-Seared Salmon with Garlic Butter Broccoli & Sweet Potato Style 1864,Dinner,2,33,897.1,53.7,53.8,51.0,8.5,Gluten-Free;High-Protein;Halal
1865,Garden-Fresh Lean Ground Beef Stir-Fry with Brown Rice & Peppers Style 1865,Dinner,2,26,517.6,42.3,34.1,25.0,3.85,Gluten-Free;Dairy-Free;High-Protein;Halal
1866,Garden-Fresh Apple Slices with Natural Peanut Butter Style 1866,Snack,3,6,328.8,10.5,32.8,20.4,1.07,Vegan;Vegetarian;Gluten-Free;Dairy-Free;Halal
1867,Smoky Banana Almond Protein Smoothie Style 1867,Snack,3,10,456.2,20.7,52.3,21.1,2.12,Vegetarian;Gluten-Free;Halal
1868,Zesty Creamy Tomato & Mozzarella Penne Style 1868,Lunch,1,21,525.5,25.4,48.9,26.5,2.5,Vegetarian;Halal
1869,Herb-Crusted High-Protein Tofu Breakfast Scramble Style 1869,Breakfast,0,13,327.8,18.9,11.6,25.2,3.54,Vegan;Vegetarian;Gluten-Free;Dairy-Free;High-Protein;Halal
1870,Fresh Creamy Tomato & Mozzarella Penne Style 1870,Lunch,1,20,435.7,19.6,42.0,22.1,2.17,Vegetarian;Halal
1871,Hearty High-Protein Tofu Breakfast Scramble Style 1871,Breakfast,0,22,389.8,19.0,26.1,25.4,2.77,Vegan;Vegetarian;Gluten-Free;Dairy-Free;High-Protein;Halal
1872,Garden-Fresh Creamy Garlic Parmesan Chicken Fettuccine Style 1872,Dinner,2,40,1129.8,64.5,34.7,81.2,4.23,High-Protein;Halal
1873,Golden Greek Yogurt Berry Nut Bowl Style 1873,Breakfast,0,6,456.1,27.7,39.8,23.6,4.37,Vegetarian;Gluten-Free;High-Protein;Halal
1874,Fresh Tuna Salad Whole Wheat Wrap Style 1874,Lunch,1,13,448.3,45.8,48.6,7.8,3.06,High-Protein;Halal
1875,Zesty Pan-Seared Salmon with Garlic Butter Broccoli & Sweet Potato Style 1875,Dinner,2,32,826.8,52.3,48.1,46.3,8.23,Gluten-Free;High-Protein;Halal
1876,Fresh Classic Spinach & Mushroom Omelette Style 1876,Breakfast,0,14,518.5,34.6,5.4,39.9,2.75,Vegetarian;Keto;Gluten-Free;High-Protein;Halal
1877,Savory Lean Ground Beef Stir-Fry with Brown Rice & Peppers Style 1877,Dinner,2,33,567.4,49.8,28.5,29.9,4.28,Gluten-Free;Dairy-Free;High-Protein;Halal
1878,Golden Tuna Salad Whole Wheat Wrap Style 1878,Lunch,1,20,440.4,43.8,48.5,8.0,2.96,High-Protein;Halal
1879,Savory Turkey Avocado BLT Wrap Style 1879,Lunch,1,23,897.8,60.0,59.8,50.2,5.26,High-Protein;Halal
1880,Herb-Crusted Garlic Butter Shrimp with Zucchini Noodles & Tomatoes Style 1880,Dinner,2,23,504.0,54.9,21.6,23.1,6.08,Keto;Gluten-Free;High-Protein;Low-Carb;Halal
1881,Smoky Avocado & Egg Whole Wheat Toast Style 1881,Breakfast,0,11,640.5,24.0,43.3,43.7,2.67,Vegetarian;Halal
1882,Crispy Garlic Butter Shrimp with Zucchini Noodles & Tomatoes Style 1882,Dinner,2,17,617.6,73.4,16.0,30.5,8.44,Keto;Gluten-Free;High-Protein;Low-Carb;Halal
1883,Zesty Creamy Garlic Parmesan Chicken Fettuccine Style 1883,Dinner,2,38,931.1,88.8,33.9,47.3,4.79,High-Protein;Halal
1884,Herb-Crusted Greek Yogurt Berry Nut Bowl Style 1884,Breakfast,0,8,446.9,24.9,33.1,26.7,4.01,Vegetarian;Gluten-Free;High-Protein;Halal
1885,Hearty Avocado & Egg Whole Wheat Toast Style 1885,Breakfast,0,20,637.8,23.9,42.7,43.7,2.58,Vegetarian;Halal
1886,Spicy Apple Slices with Natural Peanut Butter Style 1886,Snack,3,6,270.0,8.0,30.8,15.4,0.99,Vegan;Vegetarian;Gluten-Free;Dairy-Free;Halal
1887,Hearty Peanut Butter Banana Oatmeal Style 1887,Breakfast,0,16,614.0,23.6,80.7,25.0,1.35,Vegan;Vegetarian;Dairy-Free;Halal
1888,Smoky Pan-Seared Salmon with Garlic Butter Broccoli & Sweet Potato Style 1888,Dinner,2,32,849.6,51.4,47.5,49.7,8.17,Gluten-Free;High-Protein;Halal
1889,Rustic Apple Slices with Natural Peanut Butter Style 1889,Snack,3,-1,328.8,10.5,32.8,20.4,1.07,Vegan;Vegetarian;Gluten-Free;Dairy-Free;Halal
1890,Fiesta High-Protein Tofu Breakfast Scramble Style 1890,Breakfast,0,11,345.0,20.2,12.4,26.2,3.02,Vegan;Vegetarian;Gluten-Free;Dairy-Free;High-Protein;Halal
1891,Savory Mediterranean Chickpea & Avocado Salad Style 1891,Lunch,1,21,582.6,14.6,49.9,40.2,3.78,Vegan;Vegetarian;Gluten-Free;Dairy-Free;Halal
1892,Rustic Grilled Chicken & Quinoa Harvest Bowl Style 1892,Lunch,1,31,527.3,53.3,28.8,22.1,3.92,Gluten-Free;High-Protein;Halal
1893,Golden Banana Almond Protein Smoothie Style 1893,Snack,3,5,444.4,18.7,42.5,25.1,1.91,Vegetarian;Gluten-Free;Halal
1894,Zesty Grilled Chicken & Quinoa Harvest Bowl Style 1894,Lunch,1,28,594.3,62.8,31.9,23.5,4.37,Gluten-Free;High-Protein;Halal
1895,Fresh Peanut Butter Banana Oatmeal Style 1895,Breakfast,0,13,532.3,22.8,60.0,24.2,2.13,Vegan;Vegetarian;Dairy-Free;Halal
1896,Spicy Berry Chia Yogurt Parfait Style 1896,Breakfast,0,0,501.7,25.2,36.7,31.4,3.6,Vegetarian;Gluten-Free;Halal
1897,Crispy Pan-Seared Salmon with Garlic Butter Broccoli & Sweet Potato Style 1897,Dinner,2,27,739.0,42.1,54.2,39.2,7.01,Gluten-Free;High-Protein;Halal
1898,Roasted Creamy Garlic Parmesan Chicken Fettuccine Style 1898,Dinner,2,38,863.8,75.6,29.9,47.6,4.74,High-Protein;Halal
1899,Hearty High-Protein Tofu Breakfast Scramble Style 1899,Breakfast,0,10,287.7,14.4,11.5,22.4,2.52,Vegan;Vegetarian;Gluten-Free;Dairy-Free;High-Protein;Halal
1900,Herb-Crusted High-Protein Tofu Breakfast Scramble Style 1900,Breakfast,0,23,254.7,15.3,12.5,17.9,2.58,Vegan;Vegetarian;Gluten-Free;Dairy-Free;High-Protein;Halal
1901,Rustic Creamy Tomato & Mozzarella Penne Style 1901,Lunch,1,29,514.4,24.4,49.4,25.5,2.44,Vegetarian;Halal
1902,Golden Apple Slices with Natural Peanut Butter Style 1902,Snack,3,11,240.6,6.8,29.8,12.9,0.95,Vegan;Vegetarian;Gluten-Free;Dairy-Free;Halal
1903,Golden Hearty Lentil & Vegetable Stew Style 1903,Dinner,2,36,435.7,15.2,61.5,16.0,2.19,Vegan;Vegetarian;Gluten-Free;Dairy-Free;Halal
1904,Roasted Creamy Garlic Parmesan Chicken Fettuccine Style 1904,Dinner,2,37,848.9,64.8,37.3,48.1,3.81,High-Protein;Halal
1905,Crispy Berry Chia Yogurt Parfait Style 1905,Breakfast,0,4,475.4,27.1,34.4,28.4,3.55,Vegetarian;Gluten-Free;Halal
1906,Fiesta Classic Spinach & Mushroom Omelette Style 1906,Breakfast,0,20,359.0,22.5,5.5,27.7,2.12,Vegetarian;Keto;Gluten-Free;High-Protein;Halal
1907,Roasted Avocado & Egg Whole Wheat Toast Style 1907,Breakfast,0,17,640.5,24.0,43.3,43.7,2.67,Vegetarian;Halal
1908,Smoky Cheddar Cheese & Boiled Egg Power Snack Style 1908,Snack,3,18,240.3,16.7,2.7,18.1,1.03,Vegetarian;Keto;Gluten-Free;High-Protein;Halal
1909,Crispy Classic Spinach & Mushroom Omelette Style 1909,Breakfast,0,14,417.4,29.2,6.0,31.2,2.75,Vegetarian;Keto;Gluten-Free;High-Protein;Halal
1910,Spicy Mediterranean Chickpea & Avocado Salad Style 1910,Lunch,1,20,657.2,16.4,54.7,45.8,3.81,Vegan;Vegetarian;Gluten-Free;Dairy-Free;Halal
1911,Rustic Strawberries & Dark Chocolate Walnut Cup Style 1911,Snack,3,0,260.2,5.3,20.4,19.9,2.29,Vegan;Vegetarian;Gluten-Free;Halal
1912,Spicy Lean Ground Beef Stir-Fry with Brown Rice & Peppers Style 1912,Dinner,2,30,574.0,48.6,32.8,29.2,4.31,Gluten-Free;Dairy-Free;High-Protein;Halal
1913,Garden-Fresh Turkey Avocado BLT Wrap Style 1913,Lunch,1,16,835.8,49.6,61.1,47.4,4.88,High-Protein;Halal
1914,Golden Peanut Butter Banana Oatmeal Style 1914,Breakfast,0,16,672.8,26.1,82.7,30.0,1.43,Vegan;Vegetarian;Dairy-Free;Halal
1915,Fiesta High-Protein Tofu Breakfast Scramble Style 1915,Breakfast,0,19,554.8,16.7,20.9,49.3,3.41,Vegan;Vegetarian;Gluten-Free;Dairy-Free;High-Protein;Halal
1916,Roasted Turkey Avocado BLT Wrap Style 1916,Lunch,1,13,850.5,52.0,60.6,48.1,4.92,High-Protein;Halal
1917,Hearty High-Protein Tofu Breakfast Scramble Style 1917,Breakfast,0,20,354.3,21.1,14.1,26.3,3.33,Vegan;Vegetarian;Gluten-Free;Dairy-Free;High-Protein;Halal
1918,Smoky Cheddar Cheese & Boiled Egg Power Snack Style 1918,Snack,3,17,213.4,12.9,2.8,16.9,0.91,Vegetarian;Keto;Gluten-Free;High-Protein;Halal
1919,Fresh Creamy Garlic Parmesan Chicken Fettuccine Style 1919,Dinner,2,36,904.0,73.1,31.4,53.1,4.27,High-Protein;Halal
1920,Roasted Lean Ground Beef Stir-Fry with Brown Rice & Peppers Style 1920,Dinner,2,20,744.5,48.8,80.8,29.0,4.72,Gluten-Free;Dairy-Free;High-Protein;Halal
1921,Crispy Avocado & Egg Whole Wheat Toast Style 1921,Breakfast,0,8,639.6,24.0,43.1,43.7,2.64,Vegetarian;Halal
1922,Fresh Turkey Avocado BLT Wrap Style 1922,Lunch,1,17,901.5,60.1,60.6,50.2,5.38,High-Protein;Halal
1923,Roasted Peanut Butter Banana Oatmeal Style 1923,Breakfast,0,15,669.7,26.0,82.5,29.8,1.42,Vegan;Vegetarian;Dairy-Free;Halal
1924,Golden Savory Tofu & Mushroom Teriyaki Bowl Style 1924,Dinner,2,31,498.7,29.3,52.8,22.6,4.56,Vegan;Vegetarian;Dairy-Free;Halal
1925,Roasted Avocado & Egg Whole Wheat Toast Style 1925,Breakfast,0,14,610.9,26.5,45.3,38.7,2.6,Vegetarian;Halal
1926,Smoky Black Bean Burrito Bowl with Brown Rice Style 1926,Lunch,1,24,391.8,15.0,58.3,11.8,2.12,Vegan;Vegetarian;Gluten-Free;Dairy-Free;Halal
1927,Savory Cheddar Cheese & Boiled Egg Power Snack Style 1927,Snack,3,6,242.6,16.8,3.3,18.1,1.1,Vegetarian;Keto;Gluten-Free;High-Protein;Halal
1928,Savory Lean Ground Beef Stir-Fry with Brown Rice & Peppers Style 1928,Dinner,2,22,602.6,51.1,33.8,30.9,4.66,Gluten-Free;Dairy-Free;High-Protein;Halal
1929,Rustic Cheddar Cheese & Boiled Egg Power Snack Style 1929,Snack,3,18,211.8,18.2,4.2,13.6,1.25,Vegetarian;Keto;Gluten-Free;High-Protein;Halal
1930,Garden-Fresh Pan-Seared Salmon with Garlic Butter Broccoli & Sweet Potato Style 1930,Dinner,2,29,873.1,55.3,52.2,48.1,8.1,Gluten-Free;High-Protein;Halal
1931,Crispy Savory Tofu & Mushroom Teriyaki Bowl Style 1931,Dinner,2,31,441.5,23.7,49.0,19.6,3.7,Vegan;Vegetarian;Dairy-Free;Halal
1932,Fresh Classic Spinach & Mushroom Omelette Style 1932,Breakfast,0,13,506.4,42.5,6.3,34.3,3.14,Vegetarian;Keto;Gluten-Free;High-Protein;Halal
1933,Garden-Fresh Banana Almond Protein Smoothie Style 1933,Snack,3,8,321.6,15.5,47.2,9.8,1.7,Vegetarian;Gluten-Free;Halal
1934,Smoky Berry Chia Yogurt Parfait Style 1934,Breakfast,0,7,464.4,27.2,37.4,25.6,3.44,Vegetarian;Gluten-Free;Halal
1935,Fresh Tuna Salad Whole Wheat Wrap Style 1935,Lunch,1,12,441.3,44.5,48.3,7.8,2.98,High-Protein;Halal
1936,Spicy Lean Ground Beef Stir-Fry with Brown Rice & Peppers Style 1936,Dinner,2,28,586.0,48.9,35.4,29.3,4.3,Gluten-Free;Dairy-Free;High-Protein;Halal
1937,Savory Pan-Seared Salmon with Garlic Butter Broccoli & Sweet Potato Style 1937,Dinner,2,38,616.2,45.3,43.0,28.5,6.73,Gluten-Free;High-Protein;Halal
1938,Herb-Crusted Black Bean Burrito Bowl with Brown Rice Style 1938,Lunch,1,17,434.3,17.9,65.9,11.9,2.29,Vegan;Vegetarian;Gluten-Free;Dairy-Free;Halal
1939,Fresh Apple Slices with Natural Peanut Butter Style 1939,Snack,3,10,270.0,8.0,30.8,15.4,0.99,Vegan;Vegetarian;Gluten-Free;Dairy-Free;Halal
1940,Fiesta Banana Almond Protein Smoothie Style 1940,Snack,3,8,399.9,17.0,50.1,17.2,1.81,Vegetarian;Gluten-Free;Halal
1941,Rustic Avocado & Egg Whole Wheat Toast Style 1941,Breakfast,0,5,641.4,24.1,43.5,43.8,2.7,Vegetarian;Halal
1942,Garden-Fresh Berry Chia Yogurt Parfait Style 1942,Breakfast,0,8,520.0,27.4,39.4,31.4,3.75,Vegetarian;Gluten-Free;Halal
1943,Fiesta Black Bean Burrito Bowl with Brown Rice Style 1943,Lunch,1,22,377.9,14.5,55.1,11.9,2.39,Vegan;Vegetarian;Gluten-Free;Dairy-Free;Halal
1944,Rustic Avocado & Egg Whole Wheat Toast Style 1944,Breakfast,0,11,638.7,23.9,42.9,43.7,2.61,Vegetarian;Halal
1945,Golden High-Protein Tofu Breakfast Scramble Style 1945,Breakfast,0,20,288.5,14.2,11.8,22.4,2.5,Vegan;Vegetarian;Gluten-Free;Dairy-Free;High-Protein;Halal
1946,Savory Grilled Chicken & Quinoa Harvest Bowl Style 1946,Lunch,1,33,532.0,51.9,31.0,22.2,3.88,Gluten-Free;High-Protein;Halal
1947,Roasted Peanut Butter Banana Oatmeal Style 1947,Breakfast,0,20,627.0,24.2,78.6,27.3,1.39,Vegan;Vegetarian;Dairy-Free;Halal
1948,Savory Mediterranean Chickpea & Avocado Salad Style 1948,Lunch,1,12,572.9,14.0,48.1,40.1,3.62,Vegan;Vegetarian;Gluten-Free;Dairy-Free;Halal
1949,Savory Cheddar Cheese & Boiled Egg Power Snack Style 1949,Snack,3,4,100.8,7.8,4.4,5.9,0.74,Vegetarian;Keto;Gluten-Free;High-Protein;Halal
1950,Fiesta Banana Almond Protein Smoothie Style 1950,Snack,3,13,406.6,17.8,50.2,17.5,1.88,Vegetarian;Gluten-Free;Halal
1951,Roasted Cheddar Cheese & Boiled Egg Power Snack Style 1951,Snack,3,9,203.1,14.3,3.3,14.8,1.01,Vegetarian;Keto;Gluten-Free;High-Protein;Halal
1952,Smoky Mediterranean Chickpea & Avocado Salad Style 1952,Lunch,1,12,608.7,16.2,53.8,40.8,3.77,Vegan;Vegetarian;Gluten-Free;Dairy-Free;Halal
1953,Crispy Garlic Butter Shrimp with Zucchini Noodles & Tomatoes Style 1953,Dinner,2,19,560.6,70.6,17.0,25.1,8.35,Keto;Gluten-Free;High-Protein;Low-Carb;Halal
1954,Rustic Berry Chia Yogurt Parfait Style 1954,Breakfast,0,8,508.6,23.5,23.2,38.2,3.32,Vegetarian;Gluten-Free;Halal
1955,Garden-Fresh Creamy Tomato & Mozzarella Penne Style 1955,Lunch,1,19,441.4,19.8,43.0,22.0,2.01,Vegetarian;Halal
1956,Herb-Crusted High-Protein Tofu Breakfast Scramble Style 1956,Breakfast,0,15,335.2,19.3,12.6,25.5,2.91,Vegan;Vegetarian;Gluten-Free;Dairy-Free;High-Protein;Halal
1957,Herb-Crusted Strawberries & Dark Chocolate Walnut Cup Style 1957,Snack,3,0,285.6,6.6,11.3,26.3,1.93,Vegan;Vegetarian;Gluten-Free;Halal
1958,Savory Avocado & Egg Whole Wheat Toast Style 1958,Breakfast,0,10,397.9,20.9,30.0,21.7,1.34,Vegetarian;Halal
1959,Crispy Garlic Butter Shrimp with Zucchini Noodles & Tomatoes Style 1959,Dinner,2,24,553.3,71.8,13.7,24.8,7.99,Keto;Gluten-Free;High-Protein;Low-Carb;Halal
1960,Herb-Crusted Creamy Tomato & Mozzarella Penne Style 1960,Lunch,1,20,425.0,19.9,37.1,22.9,2.04,Vegetarian;Halal
1961,Fresh Tuna Salad Whole Wheat Wrap Style 1961,Lunch,1,16,439.9,43.6,48.4,8.0,2.92,High-Protein;Halal
1962,Crispy Mediterranean Chickpea & Avocado Salad Style 1962,Lunch,1,18,615.8,16.5,55.3,40.8,3.83,Vegan;Vegetarian;Gluten-Free;Dairy-Free;Halal
1963,Fresh Berry Chia Yogurt Parfait Style 1963,Breakfast,0,11,401.9,23.7,21.9,26.7,3.17,Vegetarian;Gluten-Free;Halal
1964,Fresh Creamy Tomato & Mozzarella Penne Style 1964,Lunch,1,16,517.5,25.1,47.3,26.4,2.4,Vegetarian;Halal
1965,Crispy Banana Almond Protein Smoothie Style 1965,Snack,3,11,448.0,19.3,50.8,21.6,1.99,Vegetarian;Gluten-Free;Halal
1966,Rustic Berry Chia Yogurt Parfait Style 1966,Breakfast,0,7,526.2,28.5,42.3,30.2,4.03,Vegetarian;Gluten-Free;Halal
1967,Hearty Creamy Tomato & Mozzarella Penne Style 1967,Lunch,1,25,498.9,24.0,46.3,25.4,2.48,Vegetarian;Halal
1968,Herb-Crusted Mediterranean Chickpea & Avocado Salad Style 1968,Lunch,1,9,589.6,14.0,52.5,40.2,4.58,Vegan;Vegetarian;Gluten-Free;Dairy-Free;Halal
1969,Fiesta Berry Chia Yogurt Parfait Style 1969,Breakfast,0,7,485.8,24.5,40.5,28.2,3.63,Vegetarian;Gluten-Free;Halal
1970,Rustic Creamy Tomato & Mozzarella Penne Style 1970,Lunch,1,28,435.8,20.2,39.4,23.1,2.13,Vegetarian;Halal
1971,Crispy Peanut Butter Banana Oatmeal Style 1971,Breakfast,0,7,660.9,25.5,86.7,27.0,1.32,Vegan;Vegetarian;Dairy-Free;Halal
1972,Savory Lean Ground Beef Stir-Fry with Brown Rice & Peppers Style 1972,Dinner,2,34,564.7,48.5,30.6,29.2,4.42,Gluten-Free;Dairy-Free;High-Protein;Halal
1973,Zesty Avocado & Egg Whole Wheat Toast Style 1973,Breakfast,0,5,637.8,23.9,42.7,43.7,2.58,Vegetarian;Halal
1974,Rustic Peanut Butter Banana Oatmeal Style 1974,Breakfast,0,9,653.6,25.2,84.3,27.4,1.36,Vegan;Vegetarian;Dairy-Free;Halal
1975,Garden-Fresh Pan-Seared Salmon with Garlic Butter Broccoli & Sweet Potato Style 1975,Dinner,2,34,683.6,42.7,45.1,36.3,6.87,Gluten-Free;High-Protein;Halal
1976,Crispy Creamy Garlic Parmesan Chicken Fettuccine Style 1976,Dinner,2,34,945.3,70.6,39.5,55.3,4.22,High-Protein;Halal
1977,Smoky Turkey Avocado BLT Wrap Style 1977,Lunch,1,19,829.9,49.2,59.9,47.4,4.66,High-Protein;Halal
1978,Hearty Classic Spinach & Mushroom Omelette Style 1978,Breakfast,0,22,446.0,36.7,6.0,30.7,2.84,Vegetarian;Keto;Gluten-Free;High-Protein;Halal
1979,Fresh Black Bean Burrito Bowl with Brown Rice Style 1979,Lunch,1,18,403.2,15.9,60.6,11.9,2.18,Vegan;Vegetarian;Gluten-Free;Dairy-Free;Halal
1980,Savory Greek Yogurt Berry Nut Bowl Style 1980,Breakfast,0,7,499.8,31.6,38.4,27.5,4.25,Vegetarian;Gluten-Free;High-Protein;Halal
1981,Fresh Apple Slices with Natural Peanut Butter Style 1981,Snack,3,0,299.4,9.3,31.8,17.9,1.03,Vegan;Vegetarian;Gluten-Free;Dairy-Free;Halal
1982,Hearty Grilled Chicken & Quinoa Harvest Bowl Style 1982,Lunch,1,28,564.9,55.5,34.2,22.7,4.13,Gluten-Free;High-Protein;Halal
1983,Smoky Savory Tofu & Mushroom Teriyaki Bowl Style 1983,Dinner,2,35,402.0,21.9,43.6,18.7,3.78,Vegan;Vegetarian;Dairy-Free;Halal
1984,Hearty Banana Almond Protein Smoothie Style 1984,Snack,3,2,453.4,21.2,53.1,20.0,2.17,Vegetarian;Gluten-Free;Halal
1985,Zesty Classic Spinach & Mushroom Omelette Style 1985,Breakfast,0,23,561.0,35.5,6.4,44.1,3.15,Vegetarian;Keto;Gluten-Free;High-Protein;Halal
1986,Savory Lean Ground Beef Stir-Fry with Brown Rice & Peppers Style 1986,Dinner,2,26,605.8,50.4,37.5,29.6,4.29,Gluten-Free;Dairy-Free;High-Protein;Halal
1987,Roasted Tuna Salad Whole Wheat Wrap Style 1987,Lunch,1,7,463.0,48.8,48.8,7.7,3.11,High-Protein;Halal
1988,Zesty Lean Ground Beef Stir-Fry with Brown Rice & Peppers Style 1988,Dinner,2,21,669.6,56.8,35.5,35.3,5.0,Gluten-Free;Dairy-Free;High-Protein;Halal
1989,Golden Avocado & Egg Whole Wheat Toast Style 1989,Breakfast,0,14,400.0,21.0,30.5,21.7,1.39,Vegetarian;Halal
1990,Herb-Crusted Classic Spinach & Mushroom Omelette Style 1990,Breakfast,0,12,455.3,31.4,5.8,34.5,2.76,Vegetarian;Keto;Gluten-Free;High-Protein;Halal
1991,Savory Black Bean Burrito Bowl with Brown Rice Style 1991,Lunch,1,17,395.6,14.1,59.8,11.9,2.23,Vegan;Vegetarian;Gluten-Free;Dairy-Free;Halal
1992,Hearty Banana Almond Protein Smoothie Style 1992,Snack,3,2,440.4,19.4,51.4,20.3,2.01,Vegetarian;Gluten-Free;Halal
1993,Roasted Mediterranean Chickpea & Avocado Salad Style 1993,Lunch,1,10,615.5,16.5,55.2,40.8,3.82,Vegan;Vegetarian;Gluten-Free;Dairy-Free;Halal
1994,Rustic Apple Slices with Natural Peanut Butter Style 1994,Snack,3,7,299.4,9.3,31.8,17.9,1.03,Vegan;Vegetarian;Gluten-Free;Dairy-Free;Halal
1995,Savory Greek Yogurt Berry Nut Bowl Style 1995,Breakfast,0,5,459.0,28.0,39.8,23.7,3.93,Vegetarian;Gluten-Free;High-Protein;Halal
1996,Savory Pan-Seared Salmon with Garlic Butter Broccoli & Sweet Potato Style 1996,Dinner,2,34,712.1,45.0,46.8,37.6,7.22,Gluten-Free;High-Protein;Halal
1997,Zesty Avocado & Egg Whole Wheat Toast Style 1997,Breakfast,0,13,641.4,24.1,43.5,43.8,2.7,Vegetarian;Halal
1998,Roasted Garlic Butter Shrimp with Zucchini Noodles & Tomatoes Style 1998,Dinner,2,26,732.6,89.6,14.3,34.3,5.72,Keto;Gluten-Free;High-Protein;Low-Carb;Halal
1999,Fresh Peanut Butter Banana Oatmeal Style 1999,Breakfast,0,11,724.2,28.4,95.2,29.1,1.47,Vegan;Vegetarian;Dairy-Free;Halal
2000,Golden Turkey Avocado BLT Wrap Style 2000,Lunch,1,22,877.2,56.3,60.8,49.2,5.23,High-Protein;Halal
2001,Herb-Crusted Pan-Seared Salmon with Garlic Butter Broccoli & Sweet Potato Style 2001,Dinner,2,27,836.8,52.6,50.5,46.3,8.26,Gluten-Free;High-Protein;Halal
2002,Fiesta Black Bean Burrito Bowl with Brown Rice Style 2002,Lunch,1,20,435.4,18.3,66.1,11.9,2.37,Vegan;Vegetarian;Gluten-Free;Dairy-Free;Halal
2003,Zesty Tuna Salad Whole Wheat Wrap Style 2003,Lunch,1,18,452.2,47.7,47.8,7.6,3.05,High-Protein;Halal
2004,Roasted Lean Ground Beef Stir-Fry with Brown Rice & Peppers Style 2004,Dinner,2,26,730.0,55.8,57.0,33.9,5.11,Gluten-Free;Dairy-Free;High-Protein;Halal
2005,Garden-Fresh Garlic Butter Shrimp with Zucchini Noodles & Tomatoes Style 2005,Dinner,2,24,339.9,52.8,13.8,9.2,6.07,Keto;Gluten-Free;High-Protein;Low-Carb;Halal
2006,Roasted Classic Spinach & Mushroom Omelette Style 2006,Breakfast,0,19,485.6,30.6,4.9,38.4,2.52,Vegetarian;Keto;Gluten-Free;High-Protein;Halal
2007,Zesty Greek Yogurt Berry Nut Bowl Style 2007,Breakfast,0,3,394.6,22.6,38.9,19.0,3.03,Vegetarian;Gluten-Free;High-Protein;Halal
2008,Golden Mediterranean Chickpea & Avocado Salad Style 2008,Lunch,1,11,614.9,16.4,55.5,40.8,3.98,Vegan;Vegetarian;Gluten-Free;Dairy-Free;Halal
2009,Smoky Berry Chia Yogurt Parfait Style 2009,Breakfast,0,1,471.0,24.0,41.7,26.3,3.7,Vegetarian;Gluten-Free;Halal
2010,Smoky Banana Almond Protein Smoothie Style 2010,Snack,3,9,387.2,12.6,50.5,17.6,1.49,Vegetarian;Gluten-Free;Halal
2011,Hearty Creamy Tomato & Mozzarella Penne Style 2011,Lunch,1,30,955.7,28.7,65.1,70.2,4.45,Vegetarian;Halal
2012,Crispy Savory Tofu & Mushroom Teriyaki Bowl Style 2012,Dinner,2,27,443.3,27.1,41.6,22.0,4.18,Vegan;Vegetarian;Dairy-Free;Halal
2013,Crispy Classic Spinach & Mushroom Omelette Style 2013,Breakfast,0,14,574.4,30.6,29.0,38.7,3.12,Vegetarian;Keto;Gluten-Free;High-Protein;Halal
2014,Hearty Peanut Butter Banana Oatmeal Style 2014,Breakfast,0,17,701.7,27.4,91.7,28.5,1.44,Vegan;Vegetarian;Dairy-Free;Halal
2015,Fresh Banana Almond Protein Smoothie Style 2015,Snack,3,9,487.6,21.4,54.0,23.8,2.19,Vegetarian;Gluten-Free;Halal
2016,Roasted Classic Spinach & Mushroom Omelette Style 2016,Breakfast,0,11,432.9,29.8,5.3,32.8,2.6,Vegetarian;Keto;Gluten-Free;High-Protein;Halal
2017,Golden Black Bean Burrito Bowl with Brown Rice Style 2017,Lunch,1,28,448.5,18.4,68.8,12.1,2.54,Vegan;Vegetarian;Gluten-Free;Dairy-Free;Halal
2018,Hearty Creamy Garlic Parmesan Chicken Fettuccine Style 2018,Dinner,2,27,895.6,71.4,37.4,50.1,4.1,High-Protein;Halal
2019,Crispy Mediterranean Chickpea & Avocado Salad Style 2019,Lunch,1,22,560.9,17.6,52.3,35.7,4.14,Vegan;Vegetarian;Gluten-Free;Dairy-Free;Halal
2020,Fresh Pan-Seared Salmon with Garlic Butter Broccoli & Sweet Potato Style 2020,Dinner,2,30,829.9,50.5,55.8,44.4,8.14,Gluten-Free;High-Protein;Halal
2021,Smoky Creamy Tomato & Mozzarella Penne Style 2021,Lunch,1,15,711.0,10.1,44.8,56.2,2.15,Vegetarian;Halal
2022,Rustic Greek Yogurt Berry Nut Bowl Style 2022,Breakfast,0,12,441.2,23.2,41.6,23.3,3.91,Vegetarian;Gluten-Free;High-Protein;Halal
2023,Savory Banana Almond Protein Smoothie Style 2023,Snack,3,15,821.5,50.9,47.5,51.5,3.38,Vegetarian;Gluten-Free;Halal
2024,Smoky Apple Slices with Natural Peanut Butter Style 2024,Snack,3,12,270.0,8.0,30.8,15.4,0.99,Vegan;Vegetarian;Gluten-Free;Dairy-Free;Halal
2025,Hearty Greek Yogurt Berry Nut Bowl Style 2025,Breakfast,0,11,494.2,31.1,42.4,25.3,4.42,Vegetarian;Gluten-Free;High-Protein;Halal
2026,Hearty Berry Chia Yogurt Parfait Style 2026,Breakfast,0,4,536.7,24.6,28.4,38.8,3.61,Vegetarian;Gluten-Free;Halal
2027,Crispy Banana Almond Protein Smoothie Style 2027,Snack,3,4,745.9,35.0,51.4,47.1,2.56,Vegetarian;Gluten-Free;Halal
2028,Zesty High-Protein Tofu Breakfast Scramble Style 2028,Breakfast,0,17,302.4,15.4,12.7,23.1,2.6,Vegan;Vegetarian;Gluten-Free;Dairy-Free;High-Protein;Halal
2029,Herb-Crusted Apple Slices with Natural Peanut Butter Style 2029,Snack,3,-2,299.4,9.3,31.8,17.9,1.03,Vegan;Vegetarian;Gluten-Free;Dairy-Free;Halal
2030,Hearty Pan-Seared Salmon with Garlic Butter Broccoli & Sweet Potato Style 2030,Dinner,2,36,622.6,28.3,61.6,33.2,4.71,Gluten-Free;High-Protein;Halal
2031,Herb-Crusted Classic Spinach & Mushroom Omelette Style 2031,Breakfast,0,16,362.1,23.7,5.1,28.0,2.34,Vegetarian;Keto;Gluten-Free;High-Protein;Halal
2032,Fresh Turkey Avocado BLT Wrap Style 2032,Lunch,1,20,803.5,45.1,59.7,46.3,4.4,High-Protein;Halal
2033,Savory Lean Ground Beef Stir-Fry with Brown Rice & Peppers Style 2033,Dinner,2,31,558.5,49.1,26.8,29.9,4.34,Gluten-Free;Dairy-Free;High-Protein;Halal
2034,Rustic Banana Almond Protein Smoothie Style 2034,Snack,3,6,819.7,50.2,53.5,47.6,3.45,Vegetarian;Gluten-Free;Halal
2035,Garden-Fresh High-Protein Tofu Breakfast Scramble Style 2035,Breakfast,0,12,304.7,15.7,13.6,23.0,2.81,Vegan;Vegetarian;Gluten-Free;Dairy-Free;High-Protein;Halal
2036,Golden Black Bean Burrito Bowl with Brown Rice Style 2036,Lunch,1,26,394.5,15.0,58.8,11.8,2.15,Vegan;Vegetarian;Gluten-Free;Dairy-Free;Halal
2037,Fiesta Grilled Chicken & Quinoa Harvest Bowl Style 2037,Lunch,1,33,674.6,67.2,35.6,29.1,4.9,Gluten-Free;High-Protein;Halal
2038,Zesty Creamy Tomato & Mozzarella Penne Style 2038,Lunch,1,17,478.5,22.8,42.5,25.2,2.23,Vegetarian;Halal
2039,Golden Cheddar Cheese & Boiled Egg Power Snack Style 2039,Snack,3,4,202.3,14.3,3.1,14.8,0.98,Vegetarian;Keto;Gluten-Free;High-Protein;Halal
2040,Herb-Crusted High-Protein Tofu Breakfast Scramble Style 2040,Breakfast,0,22,297.3,15.2,12.2,22.9,2.61,Vegan;Vegetarian;Gluten-Free;Dairy-Free;High-Protein;Halal
2041,Spicy Cheddar Cheese & Boiled Egg Power Snack Style 2041,Snack,3,6,228.7,15.4,4.7,16.5,1.47,Vegetarian;Keto;Gluten-Free;High-Protein;Halal
2042,Golden Savory Tofu & Mushroom Teriyaki Bowl Style 2042,Dinner,2,35,444.8,25.8,45.5,21.1,3.99,Vegan;Vegetarian;Dairy-Free;Halal
2043,Savory Avocado & Egg Whole Wheat Toast Style 2043,Breakfast,0,19,637.8,23.9,42.7,43.7,2.58,Vegetarian;Halal
2044,Smoky Creamy Tomato & Mozzarella Penne Style 2044,Lunch,1,21,503.2,23.2,49.9,24.4,2.3,Vegetarian;Halal
2045,Rustic High-Protein Tofu Breakfast Scramble Style 2045,Breakfast,0,18,278.2,20.2,21.1,15.0,2.93,Vegan;Vegetarian;Gluten-Free;Dairy-Free;High-Protein;Halal
2046,Spicy Peanut Butter Banana Oatmeal Style 2046,Breakfast,0,15,664.0,25.6,86.9,27.2,1.33,Vegan;Vegetarian;Dairy-Free;Halal
2047,Roasted Grilled Chicken & Quinoa Harvest Bowl Style 2047,Lunch,1,33,482.5,53.4,28.9,17.1,3.89,Gluten-Free;High-Protein;Halal
2048,Rustic Pan-Seared Salmon with Garlic Butter Broccoli & Sweet Potato Style 2048,Dinner,2,35,580.3,41.7,23.7,35.6,7.36,Gluten-Free;High-Protein;Halal
2049,Hearty Turkey Avocado BLT Wrap Style 2049,Lunch,1,25,903.6,60.4,61.0,50.2,5.49,High-Protein;Halal
2050,Rustic Lean Ground Beef Stir-Fry with Brown Rice & Peppers Style 2050,Dinner,2,20,631.6,53.7,35.5,32.6,4.38,Gluten-Free;Dairy-Free;High-Protein;Halal
2051,Crispy Black Bean Burrito Bowl with Brown Rice Style 2051,Lunch,1,25,425.3,16.9,64.6,12.0,2.58,Vegan;Vegetarian;Gluten-Free;Dairy-Free;Halal
2052,Herb-Crusted Peanut Butter Banana Oatmeal Style 2052,Breakfast,0,20,644.9,24.7,88.5,24.6,1.26,Vegan;Vegetarian;Dairy-Free;Halal
2053,Fresh Berry Chia Yogurt Parfait Style 2053,Breakfast,0,4,516.7,28.0,32.0,34.1,3.99,Vegetarian;Gluten-Free;Halal
2054,Herb-Crusted Avocado & Egg Whole Wheat Toast Style 2054,Breakfast,0,20,402.2,21.1,30.9,21.7,1.45,Vegetarian;Halal
2055,Roasted Creamy Garlic Parmesan Chicken Fettuccine Style 2055,Dinner,2,39,1033.2,79.7,38.8,60.8,4.81,High-Protein;Halal
2056,Golden High-Protein Tofu Breakfast Scramble Style 2056,Breakfast,0,14,246.6,14.1,12.6,17.5,2.89,Vegan;Vegetarian;Gluten-Free;Dairy-Free;High-Protein;Halal
2057,Rustic Avocado & Egg Whole Wheat Toast Style 2057,Breakfast,0,9,615.7,25.4,44.3,40.2,2.66,Vegetarian;Halal
2058,Fresh Greek Yogurt Berry Nut Bowl Style 2058,Breakfast,0,14,492.1,29.1,41.9,26.3,4.13,Vegetarian;Gluten-Free;High-Protein;Halal
2059,Crispy Classic Spinach & Mushroom Omelette Style 2059,Breakfast,0,23,527.0,31.4,5.8,42.6,2.85,Vegetarian;Keto;Gluten-Free;High-Protein;Halal
2060,Zesty Grilled Chicken & Quinoa Harvest Bowl Style 2060,Lunch,1,29,504.8,52.8,34.2,17.5,4.25,Gluten-Free;High-Protein;Halal
2061,Rustic Garlic Butter Shrimp with Zucchini Noodles & Tomatoes Style 2061,Dinner,2,15,455.1,54.6,12.3,22.2,6.61,Keto;Gluten-Free;High-Protein;Low-Carb;Halal
2062,Herb-Crusted Garlic Butter Shrimp with Zucchini Noodles & Tomatoes Style 2062,Dinner,2,23,486.6,31.4,19.8,34.6,4.36,Keto;Gluten-Free;High-Protein;Low-Carb;Halal
2063,Rustic Banana Almond Protein Smoothie Style 2063,Snack,3,8,437.6,19.9,52.2,19.2,2.06,Vegetarian;Gluten-Free;Halal
2064,Garden-Fresh Apple Slices with Natural Peanut Butter Style 2064,Snack,3,6,270.0,8.0,30.8,15.4,0.99,Vegan;Vegetarian;Gluten-Free;Dairy-Free;Halal
2065,Golden Banana Almond Protein Smoothie Style 2065,Snack,3,0,394.9,17.7,48.9,16.9,1.85,Vegetarian;Gluten-Free;Halal
2066,Savory Avocado & Egg Whole Wheat Toast Style 2066,Breakfast,0,6,641.4,24.1,43.5,43.8,2.7,Vegetarian;Halal
2067,Zesty Savory Tofu & Mushroom Teriyaki Bowl Style 2067,Dinner,2,28,418.0,21.9,45.4,19.2,3.32,Vegan;Vegetarian;Dairy-Free;Halal
2068,Savory Mediterranean Chickpea & Avocado Salad Style 2068,Lunch,1,10,578.2,14.3,49.0,40.2,3.63,Vegan;Vegetarian;Gluten-Free;Dairy-Free;Halal
2069,Roasted Tuna Salad Whole Wheat Wrap Style 2069,Lunch,1,17,516.4,47.3,47.8,16.2,3.35,High-Protein;Halal
2070,Golden Garlic Butter Shrimp with Zucchini Noodles & Tomatoes Style 2070,Dinner,2,16,484.2,57.2,14.7,23.3,6.81,Keto;Gluten-Free;High-Protein;Low-Carb;Halal
2071,Spicy High-Protein Tofu Breakfast Scramble Style 2071,Breakfast,0,16,336.8,19.3,13.4,25.3,3.05,Vegan;Vegetarian;Gluten-Free;Dairy-Free;High-Protein;Halal
2072,Garden-Fresh Hearty Lentil & Vegetable Stew Style 2072,Dinner,2,42,474.7,13.6,61.7,21.0,2.74,Vegan;Vegetarian;Gluten-Free;Dairy-Free;Halal
2073,Golden Creamy Garlic Parmesan Chicken Fettuccine Style 2073,Dinner,2,25,862.4,86.6,38.2,39.0,4.41,High-Protein;Halal
2074,Roasted Creamy Tomato & Mozzarella Penne Style 2074,Lunch,1,19,425.0,19.9,37.1,22.9,2.04,Vegetarian;Halal
2075,Golden Savory Tofu & Mushroom Teriyaki Bowl Style 2075,Dinner,2,23,588.7,28.6,83.0,19.7,4.27,Vegan;Vegetarian;Dairy-Free;Halal
2076,Smoky Creamy Garlic Parmesan Chicken Fettuccine Style 2076,Dinner,2,40,919.6,84.5,34.1,48.0,4.62,High-Protein;Halal
2077,Hearty Banana Almond Protein Smoothie Style 2077,Snack,3,15,344.2,16.4,49.2,11.0,1.8,Vegetarian;Gluten-Free;Halal
2078,Crispy Pan-Seared Salmon with Garlic Butter Broccoli & Sweet Potato Style 2078,Dinner,2,30,830.9,49.7,56.5,44.3,7.96,Gluten-Free;High-Protein;Halal
2079,Herb-Crusted Creamy Tomato & Mozzarella Penne Style 2079,Lunch,1,21,477.5,21.9,47.4,23.3,2.25,Vegetarian;Halal
2080,Roasted Classic Spinach & Mushroom Omelette Style 2080,Breakfast,0,17,520.9,34.9,5.8,40.0,2.85,Vegetarian;Keto;Gluten-Free;High-Protein;Halal
2081,Garden-Fresh Savory Tofu & Mushroom Teriyaki Bowl Style 2081,Dinner,2,29,527.5,29.5,60.0,22.4,4.59,Vegan;Vegetarian;Dairy-Free;Halal
2082,Golden High-Protein Tofu Breakfast Scramble Style 2082,Breakfast,0,11,333.0,14.4,11.7,27.4,2.65,Vegan;Vegetarian;Gluten-Free;Dairy-Free;High-Protein;Halal
2083,Spicy Classic Spinach & Mushroom Omelette Style 2083,Breakfast,0,25,544.2,36.1,11.2,39.1,2.26,Vegetarian;Keto;Gluten-Free;High-Protein;Halal
2084,Fiesta Grilled Chicken & Quinoa Harvest Bowl Style 2084,Lunch,1,33,654.6,75.4,31.1,24.8,5.02,Gluten-Free;High-Protein;Halal
2085,Fiesta Peanut Butter Banana Oatmeal Style 2085,Breakfast,0,19,498.4,18.7,81.4,13.0,1.32,Vegan;Vegetarian;Dairy-Free;Halal
2086,Rustic Lean Ground Beef Stir-Fry with Brown Rice & Peppers Style 2086,Dinner,2,24,335.6,15.4,62.3,4.0,2.1,Gluten-Free;Dairy-Free;High-Protein;Halal
2087,Rustic Berry Chia Yogurt Parfait Style 2087,Breakfast,0,6,462.0,27.5,36.4,25.7,3.98,Vegetarian;Gluten-Free;Halal
2088,Herb-Crusted Berry Chia Yogurt Parfait Style 2088,Breakfast,0,15,420.5,18.8,28.8,27.5,2.7,Vegetarian;Gluten-Free;Halal
2089,Hearty Strawberries & Dark Chocolate Walnut Cup Style 2089,Snack,3,2,289.7,6.0,20.4,23.1,2.25,Vegan;Vegetarian;Gluten-Free;Halal
2090,Golden Avocado & Egg Whole Wheat Toast Style 2090,Breakfast,0,9,600.5,19.0,37.3,44.2,2.52,Vegetarian;Halal
2091,Golden Pan-Seared Salmon with Garlic Butter Broccoli & Sweet Potato Style 2091,Dinner,2,31,863.6,49.6,57.8,47.8,8.05,Gluten-Free;High-Protein;Halal
2092,Golden Mediterranean Chickpea & Avocado Salad Style 2092,Lunch,1,9,287.3,10.9,35.1,13.0,2.26,Vegan;Vegetarian;Gluten-Free;Dairy-Free;Halal
2093,Crispy Tuna Salad Whole Wheat Wrap Style 2093,Lunch,1,12,417.5,39.3,48.2,7.6,2.7,High-Protein;Halal
2094,Zesty High-Protein Tofu Breakfast Scramble Style 2094,Breakfast,0,23,340.1,19.6,12.7,25.7,3.03,Vegan;Vegetarian;Gluten-Free;Dairy-Free;High-Protein;Halal
2095,Herb-Crusted Turkey Avocado BLT Wrap Style 2095,Lunch,1,14,792.4,56.3,61.6,39.2,5.08,High-Protein;Halal
2096,Zesty Black Bean Burrito Bowl with Brown Rice Style 2096,Lunch,1,17,354.9,13.0,51.5,11.6,2.16,Vegan;Vegetarian;Gluten-Free;Dairy-Free;Halal
2097,Fiesta Black Bean Burrito Bowl with Brown Rice Style 2097,Lunch,1,18,452.6,19.4,66.8,13.0,2.89,Vegan;Vegetarian;Gluten-Free;Dairy-Free;Halal
2098,Fiesta Pan-Seared Salmon with Garlic Butter Broccoli & Sweet Potato Style 2098,Dinner,2,31,703.4,41.6,45.8,39.2,6.85,Gluten-Free;High-Protein;Halal
2099,Fresh Pan-Seared Salmon with Garlic Butter Broccoli & Sweet Potato Style 2099,Dinner,2,32,581.7,60.7,58.3,13.6,7.73,Gluten-Free;High-Protein;Halal
2100,Roasted Avocado & Egg Whole Wheat Toast Style 2100,Breakfast,0,6,640.5,24.0,43.3,43.7,2.67,Vegetarian;Halal
2101,Roasted Berry Chia Yogurt Parfait Style 2101,Breakfast,0,5,453.0,25.0,39.6,24.4,3.84,Vegetarian;Gluten-Free;Halal
2102,Fiesta Banana Almond Protein Smoothie Style 2102,Snack,3,13,433.2,18.0,51.7,19.9,1.91,Vegetarian;Gluten-Free;Halal
2103,Hearty Avocado & Egg Whole Wheat Toast Style 2103,Breakfast,0,9,639.6,24.0,43.1,43.7,2.64,Vegetarian;Halal
2104,Fiesta High-Protein Tofu Breakfast Scramble Style 2104,Breakfast,0,18,321.0,20.9,15.4,22.6,3.01,Vegan;Vegetarian;Gluten-Free;Dairy-Free;High-Protein;Halal
2105,Zesty Creamy Garlic Parmesan Chicken Fettuccine Style 2105,Dinner,2,31,994.0,92.9,43.8,48.0,5.06,High-Protein;Halal
2106,Smoky Strawberries & Dark Chocolate Walnut Cup Style 2106,Snack,3,5,229.1,4.6,20.1,16.6,2.27,Vegan;Vegetarian;Gluten-Free;Halal
2107,Spicy Banana Almond Protein Smoothie Style 2107,Snack,3,4,413.6,17.2,49.9,18.9,1.83,Vegetarian;Gluten-Free;Halal
2108,Crispy Strawberries & Dark Chocolate Walnut Cup Style 2108,Snack,3,-1,260.2,5.3,20.4,19.9,2.29,Vegan;Vegetarian;Gluten-Free;Halal
2109,Crispy Peanut Butter Banana Oatmeal Style 2109,Breakfast,0,9,663.1,25.7,89.9,25.5,1.35,Vegan;Vegetarian;Dairy-Free;Halal
2110,Roasted Strawberries & Dark Chocolate Walnut Cup Style 2110,Snack,3,10,318.8,8.1,14.7,28.1,2.38,Vegan;Vegetarian;Gluten-Free;Halal
2111,Savory Classic Spinach & Mushroom Omelette Style 2111,Breakfast,0,15,469.9,30.0,5.5,36.8,2.7,Vegetarian;Keto;Gluten-Free;High-Protein;Halal
2112,Crispy Berry Chia Yogurt Parfait Style 2112,Breakfast,0,14,444.7,23.6,33.9,26.6,3.42,Vegetarian;Gluten-Free;Halal
2113,Crispy Cheddar Cheese & Boiled Egg Power Snack Style 2113,Snack,3,17,244.8,16.6,3.3,18.1,1.38,Vegetarian;Keto;Gluten-Free;High-Protein;Halal
2114,Fresh Black Bean Burrito Bowl with Brown Rice Style 2114,Lunch,1,19,424.0,16.5,64.4,12.0,2.35,Vegan;Vegetarian;Gluten-Free;Dairy-Free;Halal
2115,Golden Lean Ground Beef Stir-Fry with Brown Rice & Peppers Style 2115,Dinner,2,20,737.4,64.9,35.1,39.6,5.44,Gluten-Free;Dairy-Free;High-Protein;Halal
2116,Zesty Creamy Tomato & Mozzarella Penne Style 2116,Lunch,1,27,552.0,26.7,51.6,27.6,2.52,Vegetarian;Halal
2117,Spicy Creamy Tomato & Mozzarella Penne Style 2117,Lunch,1,27,423.0,18.8,41.9,21.0,2.08,Vegetarian;Halal
2118,Smoky Turkey Avocado BLT Wrap Style 2118,Lunch,1,11,733.9,42.7,69.1,35.7,4.4,High-Protein;Halal
2119,Garden-Fresh Classic Spinach & Mushroom Omelette Style 2119,Breakfast,0,25,468.8,29.9,5.4,36.8,2.64,Vegetarian;Keto;Gluten-Free;High-Protein;Halal
2120,Fiesta Turkey Avocado BLT Wrap Style 2120,Lunch,1,20,800.3,51.7,61.9,42.4,4.58,High-Protein;Halal
2121,Zesty Cheddar Cheese & Boiled Egg Power Snack Style 2121,Snack,3,3,121.3,10.8,4.4,6.9,0.97,Vegetarian;Keto;Gluten-Free;High-Protein;Halal
2122,Fiesta Pan-Seared Salmon with Garlic Butter Broccoli & Sweet Potato Style 2122,Dinner,2,25,555.1,60.2,52.5,13.8,7.78,Gluten-Free;High-Protein;Halal
2123,Herb-Crusted Pan-Seared Salmon with Garlic Butter Broccoli & Sweet Potato Style 2123,Dinner,2,38,739.0,54.1,20.2,48.3,8.81,Gluten-Free;High-Protein;Halal
2124,Rustic High-Protein Tofu Breakfast Scramble Style 2124,Breakfast,0,10,330.4,18.7,12.8,25.0,2.92,Vegan;Vegetarian;Gluten-Free;Dairy-Free;High-Protein;Halal
2125,Spicy Creamy Tomato & Mozzarella Penne Style 2125,Lunch,1,26,528.7,25.7,49.5,26.5,2.57,Vegetarian;Halal
2126,Fiesta Lean Ground Beef Stir-Fry with Brown Rice & Peppers Style 2126,Dinner,2,29,670.0,59.2,31.7,36.0,4.94,Gluten-Free;Dairy-Free;High-Protein;Halal
2127,Golden Tuna Salad Whole Wheat Wrap Style 2127,Lunch,1,18,409.3,37.9,47.7,7.5,2.54,High-Protein;Halal
2128,Roasted Turkey Avocado BLT Wrap Style 2128,Lunch,1,15,580.8,41.4,52.1,24.2,4.34,High-Protein;Halal
2129,Spicy Lean Ground Beef Stir-Fry with Brown Rice & Peppers Style 2129,Dinner,2,34,574.8,46.4,38.3,27.7,4.33,Gluten-Free;Dairy-Free;High-Protein;Halal
2130,Golden Hearty Lentil & Vegetable Stew Style 2130,Dinner,2,36,449.8,16.0,63.9,16.0,2.04,Vegan;Vegetarian;Gluten-Free;Dairy-Free;Halal
2131,Fiesta Strawberries & Dark Chocolate Walnut Cup Style 2131,Snack,3,9,222.7,4.5,18.6,16.6,1.97,Vegan;Vegetarian;Gluten-Free;Halal
2132,Zesty Savory Tofu & Mushroom Teriyaki Bowl Style 2132,Dinner,2,34,461.5,22.0,55.4,19.7,3.38,Vegan;Vegetarian;Dairy-Free;Halal
2133,Garden-Fresh Berry Chia Yogurt Parfait Style 2133,Breakfast,0,6,504.9,27.7,34.3,31.6,3.5,Vegetarian;Gluten-Free;Halal
2134,Zesty Apple Slices with Natural Peanut Butter Style 2134,Snack,3,13,299.4,9.3,31.8,17.9,1.03,Vegan;Vegetarian;Gluten-Free;Dairy-Free;Halal
2135,Fresh High-Protein Tofu Breakfast Scramble Style 2135,Breakfast,0,12,303.0,17.1,10.9,23.6,3.18,Vegan;Vegetarian;Gluten-Free;Dairy-Free;High-Protein;Halal
2136,Herb-Crusted Lean Ground Beef Stir-Fry with Brown Rice & Peppers Style 2136,Dinner,2,25,579.3,49.7,33.6,29.4,4.35,Gluten-Free;Dairy-Free;High-Protein;Halal
2137,Savory Savory Tofu & Mushroom Teriyaki Bowl Style 2137,Dinner,2,27,429.7,23.7,46.4,19.6,3.9,Vegan;Vegetarian;Dairy-Free;Halal
2138,Smoky Mediterranean Chickpea & Avocado Salad Style 2138,Lunch,1,18,601.7,17.6,51.8,40.6,4.5,Vegan;Vegetarian;Gluten-Free;Dairy-Free;Halal
2139,Zesty Apple Slices with Natural Peanut Butter Style 2139,Snack,3,3,328.8,10.5,32.8,20.4,1.07,Vegan;Vegetarian;Gluten-Free;Dairy-Free;Halal
2140,Rustic Creamy Garlic Parmesan Chicken Fettuccine Style 2140,Dinner,2,36,905.1,69.5,34.6,53.4,4.1,High-Protein;Halal
2141,Hearty Hearty Lentil & Vegetable Stew Style 2141,Dinner,2,31,455.1,16.0,65.1,16.0,2.11,Vegan;Vegetarian;Gluten-Free;Dairy-Free;Halal
2142,Fiesta Banana Almond Protein Smoothie Style 2142,Snack,3,14,419.6,16.9,47.8,20.3,1.6,Vegetarian;Gluten-Free;Halal
2143,Smoky Greek Yogurt Berry Nut Bowl Style 2143,Breakfast,0,3,402.6,24.4,37.8,19.8,3.55,Vegetarian;Gluten-Free;High-Protein;Halal
2144,Savory High-Protein Tofu Breakfast Scramble Style 2144,Breakfast,0,15,328.8,18.6,13.1,24.8,2.98,Vegan;Vegetarian;Gluten-Free;Dairy-Free;High-Protein;Halal
2145,Rustic Lean Ground Beef Stir-Fry with Brown Rice & Peppers Style 2145,Dinner,2,34,682.4,61.2,29.3,37.6,5.15,Gluten-Free;Dairy-Free;High-Protein;Halal
2146,Herb-Crusted Pan-Seared Salmon with Garlic Butter Broccoli & Sweet Potato Style 2146,Dinner,2,27,660.9,37.6,44.3,36.4,6.01,Gluten-Free;High-Protein;Halal
2147,Garden-Fresh Lean Ground Beef Stir-Fry with Brown Rice & Peppers Style 2147,Dinner,2,24,591.4,52.1,28.6,31.6,4.51,Gluten-Free;Dairy-Free;High-Protein;Halal
2148,Garden-Fresh Strawberries & Dark Chocolate Walnut Cup Style 2148,Snack,3,7,260.7,5.7,19.0,19.9,1.6,Vegan;Vegetarian;Gluten-Free;Halal
2149,Smoky Mediterranean Chickpea & Avocado Salad Style 2149,Lunch,1,11,594.6,15.3,51.9,40.4,3.83,Vegan;Vegetarian;Gluten-Free;Dairy-Free;Halal
2150,Herb-Crusted Greek Yogurt Berry Nut Bowl Style 2150,Breakfast,0,3,431.6,26.4,38.8,22.1,3.82,Vegetarian;Gluten-Free;High-Protein;Halal
2151,Rustic Mediterranean Chickpea & Avocado Salad Style 2151,Lunch,1,7,597.6,13.7,54.6,39.7,3.28,Vegan;Vegetarian;Gluten-Free;Dairy-Free;Halal
2152,Fiesta Black Bean Burrito Bowl with Brown Rice Style 2152,Lunch,1,26,408.8,15.0,62.3,11.9,2.35,Vegan;Vegetarian;Gluten-Free;Dairy-Free;Halal
2153,Smoky Mediterranean Chickpea & Avocado Salad Style 2153,Lunch,1,17,585.5,12.6,42.3,44.7,2.96,Vegan;Vegetarian;Gluten-Free;Dairy-Free;Halal
2154,Crispy Classic Spinach & Mushroom Omelette Style 2154,Breakfast,0,20,436.0,24.1,5.5,36.1,2.56,Vegetarian;Keto;Gluten-Free;High-Protein;Halal
2155,Spicy Avocado & Egg Whole Wheat Toast Style 2155,Breakfast,0,9,600.5,19.0,37.3,44.2,2.52,Vegetarian;Halal
2156,Savory Berry Chia Yogurt Parfait Style 2156,Breakfast,0,15,414.4,25.2,22.1,27.4,3.26,Vegetarian;Gluten-Free;Halal
2157,Smoky Peanut Butter Banana Oatmeal Style 2157,Breakfast,0,16,583.1,22.1,73.4,25.7,1.26,Vegan;Vegetarian;Dairy-Free;Halal
2158,Garden-Fresh Banana Almond Protein Smoothie Style 2158,Snack,3,0,313.5,17.2,24.1,17.8,1.6,Vegetarian;Gluten-Free;Halal
2159,Smoky High-Protein Tofu Breakfast Scramble Style 2159,Breakfast,0,21,362.4,17.8,21.5,24.6,2.5,Vegan;Vegetarian;Gluten-Free;Dairy-Free;High-Protein;Halal
2160,Herb-Crusted Greek Yogurt Berry Nut Bowl Style 2160,Breakfast,0,8,444.2,27.1,37.9,23.3,4.14,Vegetarian;Gluten-Free;High-Protein;Halal
2161,Fresh Classic Spinach & Mushroom Omelette Style 2161,Breakfast,0,14,263.1,11.0,4.3,23.5,1.75,Vegetarian;Keto;Gluten-Free;High-Protein;Halal
2162,Smoky Mediterranean Chickpea & Avocado Salad Style 2162,Lunch,1,9,581.4,14.6,49.4,40.3,3.56,Vegan;Vegetarian;Gluten-Free;Dairy-Free;Halal
2163,Smoky Greek Yogurt Berry Nut Bowl Style 2163,Breakfast,0,7,329.3,10.7,40.2,16.2,2.71,Vegetarian;Gluten-Free;High-Protein;Halal
2164,Fiesta Savory Tofu & Mushroom Teriyaki Bowl Style 2164,Dinner,2,32,441.5,24.7,45.7,20.7,3.76,Vegan;Vegetarian;Dairy-Free;Halal
2165,Savory Garlic Butter Shrimp with Zucchini Noodles & Tomatoes Style 2165,Dinner,2,17,507.8,66.6,16.7,20.9,7.65,Keto;Gluten-Free;High-Protein;Low-Carb;Halal
2166,Garden-Fresh Cheddar Cheese & Boiled Egg Power Snack Style 2166,Snack,3,12,244.0,15.4,8.8,16.5,1.71,Vegetarian;Keto;Gluten-Free;High-Protein;Halal
2167,Spicy Cheddar Cheese & Boiled Egg Power Snack Style 2167,Snack,3,5,219.4,15.4,2.5,16.4,0.94,Vegetarian;Keto;Gluten-Free;High-Protein;Halal
2168,Garden-Fresh Tuna Salad Whole Wheat Wrap Style 2168,Lunch,1,13,455.6,47.2,48.9,7.9,3.19,High-Protein;Halal
2169,Golden Savory Tofu & Mushroom Teriyaki Bowl Style 2169,Dinner,2,23,451.5,27.6,42.9,22.4,3.83,Vegan;Vegetarian;Dairy-Free;Halal
2170,Smoky Apple Slices with Natural Peanut Butter Style 2170,Snack,3,9,270.0,8.0,30.8,15.4,0.99,Vegan;Vegetarian;Gluten-Free;Dairy-Free;Halal
2171,Golden Tuna Salad Whole Wheat Wrap Style 2171,Lunch,1,20,348.2,43.8,32.0,4.7,2.69,High-Protein;Halal
2172,Hearty Avocado & Egg Whole Wheat Toast Style 2172,Breakfast,0,9,640.5,24.0,43.3,43.7,2.67,Vegetarian;Halal
2173,Hearty Lean Ground Beef Stir-Fry with Brown Rice & Peppers Style 2173,Dinner,2,27,628.5,55.2,30.8,33.4,4.69,Gluten-Free;Dairy-Free;High-Protein;Halal
2174,Golden Classic Spinach & Mushroom Omelette Style 2174,Breakfast,0,19,485.6,30.6,4.9,38.4,2.52,Vegetarian;Keto;Gluten-Free;High-Protein;Halal
2175,Herb-Crusted Greek Yogurt Berry Nut Bowl Style 2175,Breakfast,0,2,514.0,29.7,46.7,26.5,4.37,Vegetarian;Gluten-Free;High-Protein;Halal
2176,Rustic Black Bean Burrito Bowl with Brown Rice Style 2176,Lunch,1,18,455.1,18.3,70.4,12.1,2.48,Vegan;Vegetarian;Gluten-Free;Dairy-Free;Halal
2177,Smoky Avocado & Egg Whole Wheat Toast Style 2177,Breakfast,0,14,640.5,24.0,43.3,43.7,2.67,Vegetarian;Halal
2178,Hearty Garlic Butter Shrimp with Zucchini Noodles & Tomatoes Style 2178,Dinner,2,23,511.1,51.8,14.7,28.7,6.21,Keto;Gluten-Free;High-Protein;Low-Carb;Halal
2179,Golden Pan-Seared Salmon with Garlic Butter Broccoli & Sweet Potato Style 2179,Dinner,2,32,805.6,46.3,60.2,41.8,7.56,Gluten-Free;High-Protein;Halal
2180,Zesty Classic Spinach & Mushroom Omelette Style 2180,Breakfast,0,12,484.6,28.6,5.3,39.2,2.63,Vegetarian;Keto;Gluten-Free;High-Protein;Halal
2181,Fresh Turkey Avocado BLT Wrap Style 2181,Lunch,1,15,905.4,60.5,61.4,50.3,5.55,High-Protein;Halal
2182,Zesty Hearty Lentil & Vegetable Stew Style 2182,Dinner,2,44,541.0,36.0,37.9,28.6,3.35,Vegan;Vegetarian;Gluten-Free;Dairy-Free;Halal
2183,Herb-Crusted Berry Chia Yogurt Parfait Style 2183,Breakfast,0,12,364.1,22.7,34.8,16.9,3.07,Vegetarian;Gluten-Free;Halal
2184,Zesty Cheddar Cheese & Boiled Egg Power Snack Style 2184,Snack,3,11,242.6,16.8,3.3,18.1,1.1,Vegetarian;Keto;Gluten-Free;High-Protein;Halal
2185,Spicy Apple Slices with Natural Peanut Butter Style 2185,Snack,3,-1,299.4,9.3,31.8,17.9,1.03,Vegan;Vegetarian;Gluten-Free;Dairy-Free;Halal
2186,Herb-Crusted Creamy Tomato & Mozzarella Penne Style 2186,Lunch,1,18,480.9,22.5,45.0,24.3,2.22,Vegetarian;Halal
2187,Fresh Savory Tofu & Mushroom Teriyaki Bowl Style 2187,Dinner,2,30,452.0,26.8,47.2,21.0,4.44,Vegan;Vegetarian;Dairy-Free;Halal
2188,Hearty Lean Ground Beef Stir-Fry with Brown Rice & Peppers Style 2188,Dinner,2,34,520.7,43.4,31.9,25.8,4.06,Gluten-Free;Dairy-Free;High-Protein;Halal
2189,Garden-Fresh Berry Chia Yogurt Parfait Style 2189,Breakfast,0,2,481.9,27.6,34.9,28.6,3.67,Vegetarian;Gluten-Free;Halal
2190,Fresh Avocado & Egg Whole Wheat Toast Style 2190,Breakfast,0,6,640.5,24.0,43.3,43.7,2.67,Vegetarian;Halal
2191,Roasted Pan-Seared Salmon with Garlic Butter Broccoli & Sweet Potato Style 2191,Dinner,2,31,816.1,62.6,44.1,41.5,8.78,Gluten-Free;High-Protein;Halal
2192,Garden-Fresh Strawberries & Dark Chocolate Walnut Cup Style 2192,Snack,3,12,253.8,5.2,18.9,19.8,2.0,Vegan;Vegetarian;Gluten-Free;Halal
2193,Smoky Peanut Butter Banana Oatmeal Style 2193,Breakfast,0,6,515.6,18.4,65.0,23.0,1.39,Vegan;Vegetarian;Dairy-Free;Halal
2194,Spicy Mediterranean Chickpea & Avocado Salad Style 2194,Lunch,1,10,371.8,13.3,42.0,18.7,2.63,Vegan;Vegetarian;Gluten-Free;Dairy-Free;Halal
2195,Spicy High-Protein Tofu Breakfast Scramble Style 2195,Breakfast,0,24,341.9,19.8,14.3,25.5,2.94,Vegan;Vegetarian;Gluten-Free;Dairy-Free;High-Protein;Halal
2196,Savory Tuna Salad Whole Wheat Wrap Style 2196,Lunch,1,13,462.2,48.7,48.2,8.1,3.12,High-Protein;Halal
2197,Crispy Hearty Lentil & Vegetable Stew Style 2197,Dinner,2,37,471.0,17.9,67.6,16.1,2.11,Vegan;Vegetarian;Gluten-Free;Dairy-Free;Halal
2198,Fresh Apple Slices with Natural Peanut Butter Style 2198,Snack,3,6,270.0,8.0,30.8,15.4,0.99,Vegan;Vegetarian;Gluten-Free;Dairy-Free;Halal
2199,Hearty Creamy Tomato & Mozzarella Penne Style 2199,Lunch,1,27,466.2,23.2,37.3,26.1,2.31,Vegetarian;Halal
2200,Fiesta Garlic Butter Shrimp with Zucchini Noodles & Tomatoes Style 2200,Dinner,2,29,546.4,67.9,16.1,25.0,7.96,Keto;Gluten-Free;High-Protein;Low-Carb;Halal
2201,Fiesta High-Protein Tofu Breakfast Scramble Style 2201,Breakfast,0,25,364.6,17.2,41.1,16.1,2.04,Vegan;Vegetarian;Gluten-Free;Dairy-Free;High-Protein;Halal
2202,Smoky Cheddar Cheese & Boiled Egg Power Snack Style 2202,Snack,3,16,223.9,15.6,3.6,16.4,1.09,Vegetarian;Keto;Gluten-Free;High-Protein;Halal
2203,Roasted Pan-Seared Salmon with Garlic Butter Broccoli & Sweet Potato Style 2203,Dinner,2,28,709.2,38.5,55.2,37.1,5.95,Gluten-Free;High-Protein;Halal
2204,Fiesta Hearty Lentil & Vegetable Stew Style 2204,Dinner,2,38,417.4,14.3,57.7,15.9,1.96,Vegan;Vegetarian;Gluten-Free;Dairy-Free;Halal
2205,Garden-Fresh Peanut Butter Banana Oatmeal Style 2205,Breakfast,0,12,665.1,26.0,88.3,26.4,1.44,Vegan;Vegetarian;Dairy-Free;Halal
2206,Garden-Fresh Berry Chia Yogurt Parfait Style 2206,Breakfast,0,9,432.8,22.4,30.8,27.2,3.21,Vegetarian;Gluten-Free;Halal
2207,Rustic Black Bean Burrito Bowl with Brown Rice Style 2207,Lunch,1,22,338.9,14.4,68.2,1.9,2.2,Vegan;Vegetarian;Gluten-Free;Dairy-Free;Halal
2208,Zesty Turkey Avocado BLT Wrap Style 2208,Lunch,1,23,870.6,55.0,61.3,48.9,5.21,High-Protein;Halal
2209,Savory Strawberries & Dark Chocolate Walnut Cup Style 2209,Snack,3,8,266.6,5.5,22.0,19.9,2.6,Vegan;Vegetarian;Gluten-Free;Halal
2210,Rustic Peanut Butter Banana Oatmeal Style 2210,Breakfast,0,15,670.9,25.9,84.3,29.2,1.34,Vegan;Vegetarian;Dairy-Free;Halal
2211,Fiesta Black Bean Burrito Bowl with Brown Rice Style 2211,Lunch,1,27,402.1,14.4,61.1,11.9,2.42,Vegan;Vegetarian;Gluten-Free;Dairy-Free;Halal
2212,Fiesta Avocado & Egg Whole Wheat Toast Style 2212,Breakfast,0,10,639.6,24.0,43.1,43.7,2.64,Vegetarian;Halal
2213,Fresh Apple Slices with Natural Peanut Butter Style 2213,Snack,3,5,240.6,6.8,29.8,12.9,0.95,Vegan;Vegetarian;Gluten-Free;Dairy-Free;Halal
2214,Crispy Hearty Lentil & Vegetable Stew Style 2214,Dinner,2,32,485.2,17.8,71.3,16.1,2.23,Vegan;Vegetarian;Gluten-Free;Dairy-Free;Halal
2215,Rustic Apple Slices with Natural Peanut Butter Style 2215,Snack,3,4,240.6,6.8,29.8,12.9,0.95,Vegan;Vegetarian;Gluten-Free;Dairy-Free;Halal
2216,Fiesta Banana Almond Protein Smoothie Style 2216,Snack,3,4,465.7,19.7,52.6,22.6,2.05,Vegetarian;Gluten-Free;Halal
2217,Zesty Black Bean Burrito Bowl with Brown Rice Style 2217,Lunch,1,22,403.5,15.0,60.5,11.9,2.52,Vegan;Vegetarian;Gluten-Free;Dairy-Free;Halal
2218,Hearty Tuna Salad Whole Wheat Wrap Style 2218,Lunch,1,6,436.4,43.3,48.5,7.7,2.95,High-Protein;Halal
2219,Crispy Garlic Butter Shrimp with Zucchini Noodles & Tomatoes Style 2219,Dinner,2,19,521.2,66.6,14.3,23.4,7.68,Keto;Gluten-Free;High-Protein;Low-Carb;Halal
2220,Golden Savory Tofu & Mushroom Teriyaki Bowl Style 2220,Dinner,2,31,458.9,24.0,53.3,19.9,3.92,Vegan;Vegetarian;Dairy-Free;Halal
2221,Rustic Banana Almond Protein Smoothie Style 2221,Snack,3,13,508.3,23.2,55.0,24.8,2.34,Vegetarian;Gluten-Free;Halal
2222,Golden Black Bean Burrito Bowl with Brown Rice Style 2222,Lunch,1,21,412.8,14.2,64.5,11.9,2.94,Vegan;Vegetarian;Gluten-Free;Dairy-Free;Halal
2223,Zesty Classic Spinach & Mushroom Omelette Style 2223,Breakfast,0,18,433.0,29.8,5.4,32.8,2.57,Vegetarian;Keto;Gluten-Free;High-Protein;Halal
2224,Garden-Fresh Black Bean Burrito Bowl with Brown Rice Style 2224,Lunch,1,23,442.0,17.7,67.8,12.1,2.5,Vegan;Vegetarian;Gluten-Free;Dairy-Free;Halal
2225,Zesty Creamy Garlic Parmesan Chicken Fettuccine Style 2225,Dinner,2,26,942.8,74.6,28.4,58.0,4.33,High-Protein;Halal
2226,Rustic Avocado & Egg Whole Wheat Toast Style 2226,Breakfast,0,19,638.7,23.9,42.9,43.7,2.61,Vegetarian;Halal
2227,Golden Peanut Butter Banana Oatmeal Style 2227,Breakfast,0,18,691.2,27.1,81.4,32.4,1.5,Vegan;Vegetarian;Dairy-Free;Halal
2228,Fiesta Classic Spinach & Mushroom Omelette Style 2228,Breakfast,0,21,420.8,23.5,6.4,33.7,2.11,Vegetarian;Keto;Gluten-Free;High-Protein;Halal
2229,Fiesta Banana Almond Protein Smoothie Style 2229,Snack,3,13,361.5,18.8,25.4,22.3,1.73,Vegetarian;Gluten-Free;Halal
2230,Garden-Fresh Lean Ground Beef Stir-Fry with Brown Rice & Peppers Style 2230,Dinner,2,25,643.1,53.9,37.0,32.8,4.73,Gluten-Free;Dairy-Free;High-Protein;Halal
2231,Crispy Savory Tofu & Mushroom Teriyaki Bowl Style 2231,Dinner,2,21,461.6,24.8,54.1,19.0,3.71,Vegan;Vegetarian;Dairy-Free;Halal
2232,Hearty Strawberries & Dark Chocolate Walnut Cup Style 2232,Snack,3,4,291.3,6.0,20.7,23.1,2.32,Vegan;Vegetarian;Gluten-Free;Halal
2233,Rustic Pan-Seared Salmon with Garlic Butter Broccoli & Sweet Potato Style 2233,Dinner,2,38,850.1,48.4,57.2,47.2,7.9,Gluten-Free;High-Protein;Halal
2234,Zesty Savory Tofu & Mushroom Teriyaki Bowl Style 2234,Dinner,2,24,435.6,26.4,41.6,21.3,3.99,Vegan;Vegetarian;Dairy-Free;Halal
2235,Roasted Creamy Garlic Parmesan Chicken Fettuccine Style 2235,Dinner,2,29,871.7,79.8,32.8,45.2,4.42,High-Protein;Halal
2236,Spicy Hearty Lentil & Vegetable Stew Style 2236,Dinner,2,38,390.4,16.8,59.8,11.1,2.66,Vegan;Vegetarian;Gluten-Free;Dairy-Free;Halal
2237,Fiesta Black Bean Burrito Bowl with Brown Rice Style 2237,Lunch,1,22,398.4,15.0,59.9,11.8,2.23,Vegan;Vegetarian;Gluten-Free;Dairy-Free;Halal
2238,Roasted Peanut Butter Banana Oatmeal Style 2238,Breakfast,0,12,498.7,18.4,56.0,25.4,1.71,Vegan;Vegetarian;Dairy-Free;Halal
2239,Spicy Peanut Butter Banana Oatmeal Style 2239,Breakfast,0,9,681.9,26.6,83.4,30.5,1.48,Vegan;Vegetarian;Dairy-Free;Halal
2240,Hearty Pan-Seared Salmon with Garlic Butter Broccoli & Sweet Potato Style 2240,Dinner,2,40,839.4,56.3,49.8,44.8,8.71,Gluten-Free;High-Protein;Halal
2241,Rustic Hearty Lentil & Vegetable Stew Style 2241,Dinner,2,40,545.9,18.3,74.7,21.2,2.49,Vegan;Vegetarian;Gluten-Free;Dairy-Free;Halal
2242,Fresh High-Protein Tofu Breakfast Scramble Style 2242,Breakfast,0,17,306.5,15.8,12.9,23.3,2.64,Vegan;Vegetarian;Gluten-Free;Dairy-Free;High-Protein;Halal
2243,Crispy Hearty Lentil & Vegetable Stew Style 2243,Dinner,2,32,449.0,16.1,63.8,16.0,2.05,Vegan;Vegetarian;Gluten-Free;Dairy-Free;Halal
2244,Fresh Black Bean Burrito Bowl with Brown Rice Style 2244,Lunch,1,16,388.6,15.2,57.5,11.7,2.14,Vegan;Vegetarian;Gluten-Free;Dairy-Free;Halal
2245,Fresh Banana Almond Protein Smoothie Style 2245,Snack,3,12,427.5,19.8,49.6,19.5,1.77,Vegetarian;Gluten-Free;Halal
2246,Garden-Fresh Turkey Avocado BLT Wrap Style 2246,Lunch,1,23,839.1,50.6,60.0,47.7,4.77,High-Protein;Halal
2247,Hearty Turkey Avocado BLT Wrap Style 2247,Lunch,1,10,805.1,49.8,62.6,43.6,4.89,High-Protein;Halal
2248,Rustic Greek Yogurt Berry Nut Bowl Style 2248,Breakfast,0,13,433.5,25.1,43.9,20.0,3.56,Vegetarian;Gluten-Free;High-Protein;Halal
2249,Savory Avocado & Egg Whole Wheat Toast Style 2249,Breakfast,0,15,599.6,19.0,37.1,44.2,2.49,Vegetarian;Halal
2250,Hearty Garlic Butter Shrimp with Zucchini Noodles & Tomatoes Style 2250,Dinner,2,28,528.8,69.5,15.8,22.3,7.89,Keto;Gluten-Free;High-Protein;Low-Carb;Halal
2251,Roasted Avocado & Egg Whole Wheat Toast Style 2251,Breakfast,0,18,638.7,23.9,42.9,43.7,2.61,Vegetarian;Halal
2252,Fiesta Pan-Seared Salmon with Garlic Butter Broccoli & Sweet Potato Style 2252,Dinner,2,29,876.2,51.0,56.2,49.1,8.19,Gluten-Free;High-Protein;Halal
2253,Crispy Turkey Avocado BLT Wrap Style 2253,Lunch,1,15,665.6,46.1,30.7,43.1,4.44,High-Protein;Halal
2254,Garden-Fresh Apple Slices with Natural Peanut Butter Style 2254,Snack,3,-2,299.4,9.3,31.8,17.9,1.03,Vegan;Vegetarian;Gluten-Free;Dairy-Free;Halal
2255,Rustic Creamy Tomato & Mozzarella Penne Style 2255,Lunch,1,17,460.8,20.6,40.4,25.4,2.31,Vegetarian;Halal
2256,Crispy Savory Tofu & Mushroom Teriyaki Bowl Style 2256,Dinner,2,30,436.2,24.3,46.8,20.1,3.9,Vegan;Vegetarian;Dairy-Free;Halal
2257,Rustic Berry Chia Yogurt Parfait Style 2257,Breakfast,0,5,371.2,11.8,33.0,23.7,2.71,Vegetarian;Gluten-Free;Halal
2258,Smoky Mediterranean Chickpea & Avocado Salad Style 2258,Lunch,1,20,594.5,15.3,51.9,40.4,3.82,Vegan;Vegetarian;Gluten-Free;Dairy-Free;Halal
2259,Rustic Lean Ground Beef Stir-Fry with Brown Rice & Peppers Style 2259,Dinner,2,26,723.1,62.9,35.3,38.7,5.33,Gluten-Free;Dairy-Free;High-Protein;Halal
2260,Herb-Crusted Classic Spinach & Mushroom Omelette Style 2260,Breakfast,0,16,298.5,11.4,3.9,27.4,1.71,Vegetarian;Keto;Gluten-Free;High-Protein;Halal
2261,Roasted Banana Almond Protein Smoothie Style 2261,Snack,3,1,409.0,18.1,45.3,19.8,1.81,Vegetarian;Gluten-Free;Halal
2262,Roasted Apple Slices with Natural Peanut Butter Style 2262,Snack,3,0,328.8,10.5,32.8,20.4,1.07,Vegan;Vegetarian;Gluten-Free;Dairy-Free;Halal
2263,Roasted Berry Chia Yogurt Parfait Style 2263,Breakfast,0,5,596.2,34.3,27.6,42.4,3.83,Vegetarian;Gluten-Free;Halal
2264,Roasted Grilled Chicken & Quinoa Harvest Bowl Style 2264,Lunch,1,21,557.5,55.6,32.6,22.7,4.15,Gluten-Free;High-Protein;Halal
2265,Hearty Greek Yogurt Berry Nut Bowl Style 2265,Breakfast,0,5,483.2,30.5,40.7,25.0,4.13,Vegetarian;Gluten-Free;High-Protein;Halal
2266,Herb-Crusted Black Bean Burrito Bowl with Brown Rice Style 2266,Lunch,1,18,383.7,13.9,57.3,11.8,2.23,Vegan;Vegetarian;Gluten-Free;Dairy-Free;Halal
2267,Savory Berry Chia Yogurt Parfait Style 2267,Breakfast,0,6,588.7,25.6,23.3,46.6,3.46,Vegetarian;Gluten-Free;Halal
2268,Savory Mediterranean Chickpea & Avocado Salad Style 2268,Lunch,1,16,611.7,39.0,21.1,43.5,4.64,Vegan;Vegetarian;Gluten-Free;Dairy-Free;Halal
2269,Spicy Classic Spinach & Mushroom Omelette Style 2269,Breakfast,0,23,503.5,29.8,5.2,40.9,2.64,Vegetarian;Keto;Gluten-Free;High-Protein;Halal
2270,Fresh Turkey Avocado BLT Wrap Style 2270,Lunch,1,19,612.0,49.2,48.2,26.1,3.72,High-Protein;Halal
2271,Smoky Peanut Butter Banana Oatmeal Style 2271,Breakfast,0,13,648.6,25.3,85.2,26.2,1.44,Vegan;Vegetarian;Dairy-Free;Halal
2272,Herb-Crusted Creamy Tomato & Mozzarella Penne Style 2272,Lunch,1,18,390.8,17.2,35.8,20.8,1.86,Vegetarian;Halal
2273,Fiesta Pan-Seared Salmon with Garlic Butter Broccoli & Sweet Potato Style 2273,Dinner,2,29,810.2,45.4,53.2,45.7,7.34,Gluten-Free;High-Protein;Halal
2274,Fiesta Berry Chia Yogurt Parfait Style 2274,Breakfast,0,4,409.0,21.4,32.0,24.4,3.37,Vegetarian;Gluten-Free;Halal
2275,Fiesta High-Protein Tofu Breakfast Scramble Style 2275,Breakfast,0,22,286.9,14.5,11.2,22.4,2.55,Vegan;Vegetarian;Gluten-Free;Dairy-Free;High-Protein;Halal
2276,Zesty High-Protein Tofu Breakfast Scramble Style 2276,Breakfast,0,10,321.6,17.7,13.0,24.3,2.89,Vegan;Vegetarian;Gluten-Free;Dairy-Free;High-Protein;Halal
2277,Fresh Turkey Avocado BLT Wrap Style 2277,Lunch,1,16,651.9,43.6,31.4,42.4,4.42,High-Protein;Halal
2278,Herb-Crusted Berry Chia Yogurt Parfait Style 2278,Breakfast,0,4,502.3,23.3,24.5,38.0,3.66,Vegetarian;Gluten-Free;Halal
2279,Smoky Tuna Salad Whole Wheat Wrap Style 2279,Lunch,1,5,410.6,17.1,69.9,8.6,1.79,High-Protein;Halal
2280,Fiesta High-Protein Tofu Breakfast Scramble Style 2280,Breakfast,0,23,530.2,21.6,24.2,42.8,3.76,Vegan;Vegetarian;Gluten-Free;Dairy-Free;High-Protein;Halal
2281,Rustic Turkey Avocado BLT Wrap Style 2281,Lunch,1,18,898.4,60.4,60.8,50.0,5.67,High-Protein;Halal
2282,Fiesta Avocado & Egg Whole Wheat Toast Style 2282,Breakfast,0,15,721.4,22.1,59.5,46.8,2.8,Vegetarian;Halal
2283,Golden Cheddar Cheese & Boiled Egg Power Snack Style 2283,Snack,3,17,221.7,15.5,3.0,16.4,1.02,Vegetarian;Keto;Gluten-Free;High-Protein;Halal
2284,Golden Pan-Seared Salmon with Garlic Butter Broccoli & Sweet Potato Style 2284,Dinner,2,26,827.8,48.2,62.5,42.6,7.94,Gluten-Free;High-Protein;Halal
2285,Fiesta Lean Ground Beef Stir-Fry with Brown Rice & Peppers Style 2285,Dinner,2,26,538.2,43.5,35.8,26.0,4.08,Gluten-Free;Dairy-Free;High-Protein;Halal
2286,Crispy Savory Tofu & Mushroom Teriyaki Bowl Style 2286,Dinner,2,20,421.6,21.8,49.5,18.2,3.81,Vegan;Vegetarian;Dairy-Free;Halal
2287,Roasted Grilled Chicken & Quinoa Harvest Bowl Style 2287,Lunch,1,30,558.2,49.2,31.0,26.7,3.92,Gluten-Free;High-Protein;Halal
2288,Roasted Mediterranean Chickpea & Avocado Salad Style 2288,Lunch,1,8,560.7,13.3,46.1,39.9,3.57,Vegan;Vegetarian;Gluten-Free;Dairy-Free;Halal
2289,Hearty Turkey Avocado BLT Wrap Style 2289,Lunch,1,11,813.6,46.5,60.0,46.7,4.54,High-Protein;Halal
2290,Golden Apple Slices with Natural Peanut Butter Style 2290,Snack,3,13,270.0,8.0,30.8,15.4,0.99,Vegan;Vegetarian;Gluten-Free;Dairy-Free;Halal
2291,Smoky Classic Spinach & Mushroom Omelette Style 2291,Breakfast,0,23,473.4,30.4,6.1,36.9,2.85,Vegetarian;Keto;Gluten-Free;High-Protein;Halal
2292,Crispy Creamy Tomato & Mozzarella Penne Style 2292,Lunch,1,20,507.6,24.7,45.4,26.3,2.35,Vegetarian;Halal
2293,Herb-Crusted Garlic Butter Shrimp with Zucchini Noodles & Tomatoes Style 2293,Dinner,2,25,470.0,64.0,12.9,19.5,7.84,Keto;Gluten-Free;High-Protein;Low-Carb;Halal
2294,Roasted Lean Ground Beef Stir-Fry with Brown Rice & Peppers Style 2294,Dinner,2,27,1129.3,63.4,55.0,79.3,7.44,Gluten-Free;Dairy-Free;High-Protein;Halal
2295,Rustic Hearty Lentil & Vegetable Stew Style 2295,Dinner,2,41,517.5,18.2,78.5,16.1,2.28,Vegan;Vegetarian;Gluten-Free;Dairy-Free;Halal
2296,Smoky Strawberries & Dark Chocolate Walnut Cup Style 2296,Snack,3,14,261.8,5.4,20.8,19.9,2.37,Vegan;Vegetarian;Gluten-Free;Halal
2297,Roasted Tuna Salad Whole Wheat Wrap Style 2297,Lunch,1,10,673.5,44.2,47.0,34.7,3.13,High-Protein;Halal
2298,Spicy Lean Ground Beef Stir-Fry with Brown Rice & Peppers Style 2298,Dinner,2,33,588.6,50.4,34.4,29.1,4.34,Gluten-Free;Dairy-Free;High-Protein;Halal
2299,Smoky Turkey Avocado BLT Wrap Style 2299,Lunch,1,23,818.0,46.8,60.9,46.7,4.7,High-Protein;Halal
2300,Garden-Fresh Mediterranean Chickpea & Avocado Salad Style 2300,Lunch,1,13,544.5,13.4,45.2,38.0,3.61,Vegan;Vegetarian;Gluten-Free;Dairy-Free;Halal
2301,Savory Greek Yogurt Berry Nut Bowl Style 2301,Breakfast,0,8,442.2,28.6,33.9,24.0,4.0,Vegetarian;Gluten-Free;High-Protein;Halal
2302,Smoky Savory Tofu & Mushroom Teriyaki Bowl Style 2302,Dinner,2,28,456.9,26.9,45.9,21.8,4.16,Vegan;Vegetarian;Dairy-Free;Halal
2303,Fiesta Lean Ground Beef Stir-Fry with Brown Rice & Peppers Style 2303,Dinner,2,26,682.5,57.6,39.4,34.6,5.12,Gluten-Free;Dairy-Free;High-Protein;Halal
2304,Roasted Black Bean Burrito Bowl with Brown Rice Style 2304,Lunch,1,27,380.5,13.3,57.0,11.8,2.17,Vegan;Vegetarian;Gluten-Free;Dairy-Free;Halal
2305,Garden-Fresh Pan-Seared Salmon with Garlic Butter Broccoli & Sweet Potato Style 2305,Dinner,2,37,827.8,48.4,60.5,43.1,7.81,Gluten-Free;High-Protein;Halal
2306,Fresh Greek Yogurt Berry Nut Bowl Style 2306,Breakfast,0,4,531.1,31.2,47.9,27.3,4.51,Vegetarian;Gluten-Free;High-Protein;Halal
2307,Herb-Crusted Hearty Lentil & Vegetable Stew Style 2307,Dinner,2,41,403.6,13.1,55.3,15.9,2.04,Vegan;Vegetarian;Gluten-Free;Dairy-Free;Halal
2308,Spicy Lean Ground Beef Stir-Fry with Brown Rice & Peppers Style 2308,Dinner,2,26,710.9,58.4,44.8,35.1,4.66,Gluten-Free;Dairy-Free;High-Protein;Halal
2309,Hearty Savory Tofu & Mushroom Teriyaki Bowl Style 2309,Dinner,2,31,486.8,27.3,50.5,22.4,4.09,Vegan;Vegetarian;Dairy-Free;Halal
2310,Spicy Pan-Seared Salmon with Garlic Butter Broccoli & Sweet Potato Style 2310,Dinner,2,35,707.0,53.9,48.8,32.0,8.06,Gluten-Free;High-Protein;Halal
2311,Fiesta Avocado & Egg Whole Wheat Toast Style 2311,Breakfast,0,16,639.6,24.0,43.1,43.7,2.64,Vegetarian;Halal
2312,Savory Turkey Avocado BLT Wrap Style 2312,Lunch,1,23,713.7,44.6,60.5,36.0,4.32,High-Protein;Halal
2313,Fresh Tuna Salad Whole Wheat Wrap Style 2313,Lunch,1,13,662.4,41.8,47.1,34.6,3.06,High-Protein;Halal
2314,Spicy Creamy Garlic Parmesan Chicken Fettuccine Style 2314,Dinner,2,34,1130.0,79.1,42.2,72.7,5.49,High-Protein;Halal
2315,Smoky Mediterranean Chickpea & Avocado Salad Style 2315,Lunch,1,7,585.0,14.7,50.1,40.3,3.68,Vegan;Vegetarian;Gluten-Free;Dairy-Free;Halal
2316,Rustic Apple Slices with Natural Peanut Butter Style 2316,Snack,3,10,328.8,10.5,32.8,20.4,1.07,Vegan;Vegetarian;Gluten-Free;Dairy-Free;Halal
2317,Rustic Mediterranean Chickpea & Avocado Salad Style 2317,Lunch,1,15,498.1,18.5,24.1,40.8,4.22,Vegan;Vegetarian;Gluten-Free;Dairy-Free;Halal
2318,Spicy Creamy Garlic Parmesan Chicken Fettuccine Style 2318,Dinner,2,40,984.7,85.2,38.9,52.8,4.79,High-Protein;Halal
2319,Herb-Crusted High-Protein Tofu Breakfast Scramble Style 2319,Breakfast,0,19,303.8,15.6,13.0,23.4,3.1,Vegan;Vegetarian;Gluten-Free;Dairy-Free;High-Protein;Halal
2320,Crispy Peanut Butter Banana Oatmeal Style 2320,Breakfast,0,16,1147.8,24.4,81.2,84.9,2.51,Vegan;Vegetarian;Dairy-Free;Halal
2321,Golden Turkey Avocado BLT Wrap Style 2321,Lunch,1,19,852.9,52.2,61.1,48.1,5.02,High-Protein;Halal
2322,Golden Hearty Lentil & Vegetable Stew Style 2322,Dinner,2,36,458.4,17.4,64.4,16.1,2.17,Vegan;Vegetarian;Gluten-Free;Dairy-Free;Halal
2323,Herb-Crusted Lean Ground Beef Stir-Fry with Brown Rice & Peppers Style 2323,Dinner,2,32,299.5,18.7,40.0,8.8,2.75,Gluten-Free;Dairy-Free;High-Protein;Halal
2324,Spicy Apple Slices with Natural Peanut Butter Style 2324,Snack,3,13,270.0,8.0,30.8,15.4,0.99,Vegan;Vegetarian;Gluten-Free;Dairy-Free;Halal
2325,Fresh Strawberries & Dark Chocolate Walnut Cup Style 2325,Snack,3,10,371.8,0.7,15.9,35.3,2.15,Vegan;Vegetarian;Gluten-Free;Halal
2326,Fresh Creamy Tomato & Mozzarella Penne Style 2326,Lunch,1,18,467.9,22.7,40.2,25.1,2.21,Vegetarian;Halal
2327,Zesty Creamy Garlic Parmesan Chicken Fettuccine Style 2327,Dinner,2,26,842.6,66.5,40.0,45.3,3.84,High-Protein;Halal
2328,Spicy Peanut Butter Banana Oatmeal Style 2328,Breakfast,0,10,708.7,27.0,94.6,28.4,1.5,Vegan;Vegetarian;Dairy-Free;Halal
2329,Golden Garlic Butter Shrimp with Zucchini Noodles & Tomatoes Style 2329,Dinner,2,22,486.0,56.1,12.9,24.7,6.54,Keto;Gluten-Free;High-Protein;Low-Carb;Halal
2330,Roasted Strawberries & Dark Chocolate Walnut Cup Style 2330,Snack,3,6,296.1,6.2,21.9,23.2,2.54,Vegan;Vegetarian;Gluten-Free;Halal
2331,Hearty Turkey Avocado BLT Wrap Style 2331,Lunch,1,11,879.0,56.4,61.2,49.2,5.29,High-Protein;Halal
2332,Zesty Hearty Lentil & Vegetable Stew Style 2332,Dinner,2,36,441.1,15.5,62.3,16.0,1.98,Vegan;Vegetarian;Gluten-Free;Dairy-Free;Halal
2333,Zesty Banana Almond Protein Smoothie Style 2333,Snack,3,9,455.9,20.0,51.3,22.0,2.05,Vegetarian;Gluten-Free;Halal
2334,Hearty Banana Almond Protein Smoothie Style 2334,Snack,3,13,473.2,21.8,53.4,22.0,2.22,Vegetarian;Gluten-Free;Halal
2335,Smoky Creamy Garlic Parmesan Chicken Fettuccine Style 2335,Dinner,2,25,951.4,85.1,28.1,53.9,4.74,High-Protein;Halal
2336,Zesty Strawberries & Dark Chocolate Walnut Cup Style 2336,Snack,3,12,297.7,6.2,22.3,23.2,2.62,Vegan;Vegetarian;Gluten-Free;Halal
2337,Roasted Turkey Avocado BLT Wrap Style 2337,Lunch,1,23,884.5,57.4,60.6,49.5,5.23,High-Protein;Halal
2338,Garden-Fresh Mediterranean Chickpea & Avocado Salad Style 2338,Lunch,1,19,545.8,15.0,50.9,35.4,3.59,Vegan;Vegetarian;Gluten-Free;Dairy-Free;Halal
2339,Fresh Lean Ground Beef Stir-Fry with Brown Rice & Peppers Style 2339,Dinner,2,30,535.1,43.8,34.6,26.0,4.16,Gluten-Free;Dairy-Free;High-Protein;Halal
2340,Smoky Berry Chia Yogurt Parfait Style 2340,Breakfast,0,4,444.6,23.2,34.9,26.4,3.61,Vegetarian;Gluten-Free;Halal
2341,Smoky Creamy Tomato & Mozzarella Penne Style 2341,Lunch,1,27,515.4,25.4,44.4,27.3,2.33,Vegetarian;Halal
2342,Garden-Fresh Turkey Avocado BLT Wrap Style 2342,Lunch,1,20,779.1,47.5,63.1,41.4,4.65,High-Protein;Halal
2343,Hearty Avocado & Egg Whole Wheat Toast Style 2343,Breakfast,0,11,644.4,23.9,43.9,43.8,3.0,Vegetarian;Halal
2344,Garden-Fresh Creamy Garlic Parmesan Chicken Fettuccine Style 2344,Dinner,2,29,851.0,62.5,32.1,51.6,3.85,High-Protein;Halal
2345,Zesty Berry Chia Yogurt Parfait Style 2345,Breakfast,0,3,485.1,28.1,34.7,28.9,3.63,Vegetarian;Gluten-Free;Halal
2346,Herb-Crusted Peanut Butter Banana Oatmeal Style 2346,Breakfast,0,17,630.4,24.3,83.8,25.2,1.35,Vegan;Vegetarian;Dairy-Free;Halal
2347,Spicy Black Bean Burrito Bowl with Brown Rice Style 2347,Lunch,1,29,435.6,18.6,65.7,12.0,2.53,Vegan;Vegetarian;Gluten-Free;Dairy-Free;Halal
2348,Herb-Crusted Pan-Seared Salmon with Garlic Butter Broccoli & Sweet Potato Style 2348,Dinner,2,28,832.8,52.5,49.5,46.3,8.29,Gluten-Free;High-Protein;Halal
2349,Herb-Crusted Hearty Lentil & Vegetable Stew Style 2349,Dinner,2,37,438.6,14.2,62.9,15.9,1.99,Vegan;Vegetarian;Gluten-Free;Dairy-Free;Halal
2350,Hearty Greek Yogurt Berry Nut Bowl Style 2350,Breakfast,0,13,460.8,29.1,42.3,22.3,4.37,Vegetarian;Gluten-Free;High-Protein;Halal
2351,Rustic Creamy Garlic Parmesan Chicken Fettuccine Style 2351,Dinner,2,25,843.0,64.8,38.7,46.8,3.82,High-Protein;Halal
2352,Smoky Pan-Seared Salmon with Garlic Butter Broccoli & Sweet Potato Style 2352,Dinner,2,32,931.6,56.3,56.8,52.4,8.9,Gluten-Free;High-Protein;Halal
2353,Herb-Crusted Black Bean Burrito Bowl with Brown Rice Style 2353,Lunch,1,26,399.9,15.0,60.3,11.8,2.19,Vegan;Vegetarian;Gluten-Free;Dairy-Free;Halal
2354,Fresh Savory Tofu & Mushroom Teriyaki Bowl Style 2354,Dinner,2,22,400.5,20.8,42.9,18.7,3.19,Vegan;Vegetarian;Dairy-Free;Halal
2355,Hearty Banana Almond Protein Smoothie Style 2355,Snack,3,0,448.7,18.6,51.5,21.7,1.95,Vegetarian;Gluten-Free;Halal
2356,Herb-Crusted High-Protein Tofu Breakfast Scramble Style 2356,Breakfast,0,18,249.0,14.4,12.7,17.4,2.52,Vegan;Vegetarian;Gluten-Free;Dairy-Free;High-Protein;Halal
2357,Zesty Garlic Butter Shrimp with Zucchini Noodles & Tomatoes Style 2357,Dinner,2,24,523.7,53.6,16.2,28.9,6.6,Keto;Gluten-Free;High-Protein;Low-Carb;Halal
2358,Fiesta Grilled Chicken & Quinoa Harvest Bowl Style 2358,Lunch,1,35,632.0,71.6,29.5,24.4,4.66,Gluten-Free;High-Protein;Halal
2359,Golden Black Bean Burrito Bowl with Brown Rice Style 2359,Lunch,1,16,448.4,53.4,28.1,12.6,3.76,Vegan;Vegetarian;Gluten-Free;Dairy-Free;Halal
2360,Herb-Crusted Avocado & Egg Whole Wheat Toast Style 2360,Breakfast,0,20,639.6,24.0,43.1,43.7,2.64,Vegetarian;Halal
2361,Fresh Apple Slices with Natural Peanut Butter Style 2361,Snack,3,12,270.0,8.0,30.8,15.4,0.99,Vegan;Vegetarian;Gluten-Free;Dairy-Free;Halal
2362,Spicy Peanut Butter Banana Oatmeal Style 2362,Breakfast,0,19,667.4,25.7,92.1,25.1,1.29,Vegan;Vegetarian;Dairy-Free;Halal
2363,Fresh Greek Yogurt Berry Nut Bowl Style 2363,Breakfast,0,7,414.9,25.1,35.7,21.8,3.62,Vegetarian;Gluten-Free;High-Protein;Halal
2364,Fiesta Cheddar Cheese & Boiled Egg Power Snack Style 2364,Snack,3,11,220.2,15.4,2.7,16.4,0.97,Vegetarian;Keto;Gluten-Free;High-Protein;Halal
2365,Smoky Peanut Butter Banana Oatmeal Style 2365,Breakfast,0,5,668.9,26.0,85.5,28.2,1.44,Vegan;Vegetarian;Dairy-Free;Halal
2366,Rustic Pan-Seared Salmon with Garlic Butter Broccoli & Sweet Potato Style 2366,Dinner,2,32,765.8,42.5,51.8,43.3,7.11,Gluten-Free;High-Protein;Halal
2367,Fiesta Avocado & Egg Whole Wheat Toast Style 2367,Breakfast,0,19,638.7,23.9,42.9,43.7,2.61,Vegetarian;Halal
2368,Smoky Creamy Tomato & Mozzarella Penne Style 2368,Lunch,1,16,496.0,22.3,51.2,23.4,2.3,Vegetarian;Halal
2369,Rustic Apple Slices with Natural Peanut Butter Style 2369,Snack,3,4,358.2,11.8,33.8,22.9,1.11,Vegan;Vegetarian;Gluten-Free;Dairy-Free;Halal
2370,Roasted Peanut Butter Banana Oatmeal Style 2370,Breakfast,0,19,611.7,23.4,77.4,26.5,1.32,Vegan;Vegetarian;Dairy-Free;Halal
2371,Smoky Banana Almond Protein Smoothie Style 2371,Snack,3,13,456.9,20.0,52.9,21.2,2.08,Vegetarian;Gluten-Free;Halal
2372,Savory Peanut Butter Banana Oatmeal Style 2372,Breakfast,0,14,617.8,23.7,77.9,26.8,1.35,Vegan;Vegetarian;Dairy-Free;Halal
2373,Garden-Fresh Strawberries & Dark Chocolate Walnut Cup Style 2373,Snack,3,13,257.0,5.3,19.7,19.8,2.15,Vegan;Vegetarian;Gluten-Free;Halal
2374,Herb-Crusted High-Protein Tofu Breakfast Scramble Style 2374,Breakfast,0,16,309.5,16.3,12.7,23.6,2.69,Vegan;Vegetarian;Gluten-Free;Dairy-Free;High-Protein;Halal
2375,Zesty Apple Slices with Natural Peanut Butter Style 2375,Snack,3,9,270.0,8.0,30.8,15.4,0.99,Vegan;Vegetarian;Gluten-Free;Dairy-Free;Halal
2376,Zesty Lean Ground Beef Stir-Fry with Brown Rice & Peppers Style 2376,Dinner,2,33,688.8,60.8,32.9,36.9,5.24,Gluten-Free;Dairy-Free;High-Protein;Halal
2377,Hearty Avocado & Egg Whole Wheat Toast Style 2377,Breakfast,0,19,639.6,24.0,43.1,43.7,2.64,Vegetarian;Halal
2378,Spicy Creamy Garlic Parmesan Chicken Fettuccine Style 2378,Dinner,2,39,918.7,77.3,27.3,54.7,4.97,High-Protein;Halal
2379,Herb-Crusted Apple Slices with Natural Peanut Butter Style 2379,Snack,3,0,328.8,10.5,32.8,20.4,1.07,Vegan;Vegetarian;Gluten-Free;Dairy-Free;Halal
2380,Smoky Strawberries & Dark Chocolate Walnut Cup Style 2380,Snack,3,2,284.9,5.9,19.2,23.1,2.02,Vegan;Vegetarian;Gluten-Free;Halal
2381,Roasted High-Protein Tofu Breakfast Scramble Style 2381,Breakfast,0,15,277.4,17.6,12.4,19.5,2.73,Vegan;Vegetarian;Gluten-Free;Dairy-Free;High-Protein;Halal
2382,Hearty Black Bean Burrito Bowl with Brown Rice Style 2382,Lunch,1,22,377.0,14.1,55.7,11.7,2.34,Vegan;Vegetarian;Gluten-Free;Dairy-Free;Halal
2383,Rustic Tuna Salad Whole Wheat Wrap Style 2383,Lunch,1,17,430.7,41.3,48.9,7.9,2.89,High-Protein;Halal
2384,Rustic Apple Slices with Natural Peanut Butter Style 2384,Snack,3,9,328.8,10.5,32.8,20.4,1.07,Vegan;Vegetarian;Gluten-Free;Dairy-Free;Halal
2385,Herb-Crusted Cheddar Cheese & Boiled Egg Power Snack Style 2385,Snack,3,12,174.7,10.5,3.1,13.6,0.84,Vegetarian;Keto;Gluten-Free;High-Protein;Halal
2386,Herb-Crusted Avocado & Egg Whole Wheat Toast Style 2386,Breakfast,0,13,640.5,24.0,43.3,43.7,2.67,Vegetarian;Halal
2387,Roasted Tuna Salad Whole Wheat Wrap Style 2387,Lunch,1,5,441.7,47.6,48.5,7.4,5.05,High-Protein;Halal
2388,Herb-Crusted Tuna Salad Whole Wheat Wrap Style 2388,Lunch,1,9,624.5,42.4,101.1,8.0,3.19,High-Protein;Halal
2389,Golden Turkey Avocado BLT Wrap Style 2389,Lunch,1,22,885.7,57.6,60.8,49.5,5.31,High-Protein;Halal
2390,Fiesta Classic Spinach & Mushroom Omelette Style 2390,Breakfast,0,25,412.9,28.6,5.3,31.1,2.53,Vegetarian;Keto;Gluten-Free;High-Protein;Halal
2391,Savory Greek Yogurt Berry Nut Bowl Style 2391,Breakfast,0,4,497.1,30.4,34.3,29.4,4.29,Vegetarian;Gluten-Free;High-Protein;Halal
2392,Smoky Savory Tofu & Mushroom Teriyaki Bowl Style 2392,Dinner,2,29,428.3,28.1,52.2,15.5,4.06,Vegan;Vegetarian;Dairy-Free;Halal
2393,Golden Apple Slices with Natural Peanut Butter Style 2393,Snack,3,13,270.0,8.0,30.8,15.4,0.99,Vegan;Vegetarian;Gluten-Free;Dairy-Free;Halal
2394,Fresh Strawberries & Dark Chocolate Walnut Cup Style 2394,Snack,3,14,205.9,4.1,14.1,16.4,1.22,Vegan;Vegetarian;Gluten-Free;Halal
2395,Zesty Classic Spinach & Mushroom Omelette Style 2395,Breakfast,0,15,254.7,11.1,4.1,22.6,1.68,Vegetarian;Keto;Gluten-Free;High-Protein;Halal
2396,Smoky Cheddar Cheese & Boiled Egg Power Snack Style 2396,Snack,3,15,108.5,8.2,4.7,6.3,0.73,Vegetarian;Keto;Gluten-Free;High-Protein;Halal
2397,Roasted Tuna Salad Whole Wheat Wrap Style 2397,Lunch,1,19,491.1,45.8,59.8,8.1,2.97,High-Protein;Halal
2398,Fiesta Creamy Tomato & Mozzarella Penne Style 2398,Lunch,1,27,431.5,18.7,39.8,23.3,2.31,Vegetarian;Halal
2399,Spicy Greek Yogurt Berry Nut Bowl Style 2399,Breakfast,0,11,972.0,11.9,45.1,86.6,4.53,Vegetarian;Gluten-Free;High-Protein;Halal
2400,Spicy Garlic Butter Shrimp with Zucchini Noodles & Tomatoes Style 2400,Dinner,2,25,484.1,53.4,13.7,24.0,4.11,Keto;Gluten-Free;High-Protein;Low-Carb;Halal
2401,Fresh Creamy Garlic Parmesan Chicken Fettuccine Style 2401,Dinner,2,39,829.2,65.0,31.0,48.6,3.81,High-Protein;Halal
2402,Savory Classic Spinach & Mushroom Omelette Style 2402,Breakfast,0,14,490.1,31.2,5.6,38.5,2.74,Vegetarian;Keto;Gluten-Free;High-Protein;Halal
2403,Fresh Classic Spinach & Mushroom Omelette Style 2403,Breakfast,0,21,356.5,22.9,4.3,27.9,2.06,Vegetarian;Keto;Gluten-Free;High-Protein;Halal
2404,Hearty High-Protein Tofu Breakfast Scramble Style 2404,Breakfast,0,16,339.6,14.8,11.9,27.8,2.58,Vegan;Vegetarian;Gluten-Free;Dairy-Free;High-Protein;Halal
2405,Fresh Hearty Lentil & Vegetable Stew Style 2405,Dinner,2,43,520.2,35.6,44.9,23.3,3.46,Vegan;Vegetarian;Gluten-Free;Dairy-Free;Halal
2406,Smoky Grilled Chicken & Quinoa Harvest Bowl Style 2406,Lunch,1,23,569.9,66.1,32.7,18.6,4.3,Gluten-Free;High-Protein;Halal
2407,Herb-Crusted Black Bean Burrito Bowl with Brown Rice Style 2407,Lunch,1,22,407.4,15.2,61.7,11.9,2.32,Vegan;Vegetarian;Gluten-Free;Dairy-Free;Halal
2408,Herb-Crusted Avocado & Egg Whole Wheat Toast Style 2408,Breakfast,0,18,639.6,24.0,43.1,43.7,2.64,Vegetarian;Halal
2409,Spicy Creamy Garlic Parmesan Chicken Fettuccine Style 2409,Dinner,2,39,909.1,68.3,38.8,52.5,4.02,High-Protein;Halal
2410,Spicy Garlic Butter Shrimp with Zucchini Noodles & Tomatoes Style 2410,Dinner,2,24,488.6,53.6,16.2,24.8,6.58,Keto;Gluten-Free;High-Protein;Low-Carb;Halal
2411,Roasted Mediterranean Chickpea & Avocado Salad Style 2411,Lunch,1,7,590.0,19.3,59.0,35.7,4.02,Vegan;Vegetarian;Gluten-Free;Dairy-Free;Halal
2412,Rustic Cheddar Cheese & Boiled Egg Power Snack Style 2412,Snack,3,3,243.3,16.8,3.4,18.1,1.13,Vegetarian;Keto;Gluten-Free;High-Protein;Halal
2413,Fresh Greek Yogurt Berry Nut Bowl Style 2413,Breakfast,0,9,418.0,24.2,37.5,21.8,3.99,Vegetarian;Gluten-Free;High-Protein;Halal
2414,Crispy Berry Chia Yogurt Parfait Style 2414,Breakfast,0,1,427.8,23.2,30.3,26.4,3.47,Vegetarian;Gluten-Free;Halal
2415,Crispy Mediterranean Chickpea & Avocado Salad Style 2415,Lunch,1,8,658.6,16.5,55.0,45.8,3.86,Vegan;Vegetarian;Gluten-Free;Dairy-Free;Halal
2416,Fiesta Peanut Butter Banana Oatmeal Style 2416,Breakfast,0,14,1650.6,22.4,75.2,146.2,2.46,Vegan;Vegetarian;Dairy-Free;Halal
2417,Rustic Avocado & Egg Whole Wheat Toast Style 2417,Breakfast,0,12,597.8,18.9,36.7,44.2,2.43,Vegetarian;Halal
2418,Golden Grilled Chicken & Quinoa Harvest Bowl Style 2418,Lunch,1,30,578.1,66.4,34.1,19.0,4.57,Gluten-Free;High-Protein;Halal
2419,Crispy Banana Almond Protein Smoothie Style 2419,Snack,3,7,461.8,20.5,53.1,21.4,2.12,Vegetarian;Gluten-Free;Halal
2420,Zesty Banana Almond Protein Smoothie Style 2420,Snack,3,7,402.9,18.3,49.3,17.3,1.91,Vegetarian;Gluten-Free;Halal
2421,Golden Pan-Seared Salmon with Garlic Butter Broccoli & Sweet Potato Style 2421,Dinner,2,38,695.8,37.4,54.2,36.5,6.32,Gluten-Free;High-Protein;Halal
2422,Spicy Black Bean Burrito Bowl with Brown Rice Style 2422,Lunch,1,25,422.6,16.0,64.5,12.0,2.4,Vegan;Vegetarian;Gluten-Free;Dairy-Free;Halal
2423,Rustic Creamy Tomato & Mozzarella Penne Style 2423,Lunch,1,19,510.6,25.3,43.4,27.3,2.31,Vegetarian;Halal
2424,Garden-Fresh Greek Yogurt Berry Nut Bowl Style 2424,Breakfast,0,9,427.7,24.7,43.3,20.1,4.41,Vegetarian;Gluten-Free;High-Protein;Halal
2425,Fiesta Mediterranean Chickpea & Avocado Salad Style 2425,Lunch,1,18,596.0,15.4,51.9,40.5,3.7,Vegan;Vegetarian;Gluten-Free;Dairy-Free;Halal
2426,Roasted Berry Chia Yogurt Parfait Style 2426,Breakfast,0,3,480.6,24.5,35.3,29.9,3.67,Vegetarian;Gluten-Free;Halal
2427,Hearty Mediterranean Chickpea & Avocado Salad Style 2427,Lunch,1,10,793.0,14.6,95.6,45.3,3.84,Vegan;Vegetarian;Gluten-Free;Dairy-Free;Halal
2428,Herb-Crusted Berry Chia Yogurt Parfait Style 2428,Breakfast,0,1,392.4,23.3,21.7,26.0,3.24,Vegetarian;Gluten-Free;Halal
2429,Hearty Mediterranean Chickpea & Avocado Salad Style 2429,Lunch,1,9,569.9,17.0,48.4,37.9,3.4,Vegan;Vegetarian;Gluten-Free;Dairy-Free;Halal
2430,Golden Turkey Avocado BLT Wrap Style 2430,Lunch,1,18,818.9,46.8,61.1,46.8,4.73,High-Protein;Halal
2431,Herb-Crusted High-Protein Tofu Breakfast Scramble Style 2431,Breakfast,0,21,385.8,20.2,12.3,30.9,3.48,Vegan;Vegetarian;Gluten-Free;Dairy-Free;High-Protein;Halal
2432,Savory Turkey Avocado BLT Wrap Style 2432,Lunch,1,17,789.2,42.5,60.2,45.6,4.34,High-Protein;Halal
2433,Zesty Turkey Avocado BLT Wrap Style 2433,Lunch,1,25,826.6,48.1,61.0,47.1,4.77,High-Protein;Halal
2434,Golden Peanut Butter Banana Oatmeal Style 2434,Breakfast,0,18,691.4,27.1,89.1,28.7,1.47,Vegan;Vegetarian;Dairy-Free;Halal
2435,Herb-Crusted Mediterranean Chickpea & Avocado Salad Style 2435,Lunch,1,20,631.0,17.4,57.7,41.1,3.82,Vegan;Vegetarian;Gluten-Free;Dairy-Free;Halal
2436,Savory High-Protein Tofu Breakfast Scramble Style 2436,Breakfast,0,10,372.6,17.3,13.9,29.7,2.85,Vegan;Vegetarian;Gluten-Free;Dairy-Free;High-Protein;Halal
2437,Crispy Creamy Garlic Parmesan Chicken Fettuccine Style 2437,Dinner,2,36,914.1,85.0,32.2,47.9,4.67,High-Protein;Halal
2438,Fiesta Strawberries & Dark Chocolate Walnut Cup Style 2438,Snack,3,12,231.9,6.0,11.9,19.9,2.1,Vegan;Vegetarian;Gluten-Free;Halal
2439,Roasted Classic Spinach & Mushroom Omelette Style 2439,Breakfast,0,23,378.9,24.4,4.7,29.6,2.21,Vegetarian;Keto;Gluten-Free;High-Protein;Halal
2440,Zesty Peanut Butter Banana Oatmeal Style 2440,Breakfast,0,6,635.9,25.6,84.4,25.0,1.33,Vegan;Vegetarian;Dairy-Free;Halal
2441,Smoky Tuna Salad Whole Wheat Wrap Style 2441,Lunch,1,16,656.0,48.0,47.2,30.8,3.29,High-Protein;Halal
2442,Roasted Avocado & Egg Whole Wheat Toast Style 2442,Breakfast,0,17,641.4,24.1,43.5,43.8,2.7,Vegetarian;Halal
2443,Crispy Creamy Tomato & Mozzarella Penne Style 2443,Lunch,1,30,456.2,20.2,46.0,22.2,2.08,Vegetarian;Halal
2444,Zesty Berry Chia Yogurt Parfait Style 2444,Breakfast,0,6,483.7,26.2,34.9,29.7,3.94,Vegetarian;Gluten-Free;Halal
2445,Hearty Creamy Garlic Parmesan Chicken Fettuccine Style 2445,Dinner,2,32,861.8,70.0,32.5,49.2,4.04,High-Protein;Halal
2446,Smoky Greek Yogurt Berry Nut Bowl Style 2446,Breakfast,0,11,472.2,26.3,43.1,24.8,4.28,Vegetarian;Gluten-Free;High-Protein;Halal
2447,Fiesta Peanut Butter Banana Oatmeal Style 2447,Breakfast,0,13,492.2,18.6,78.9,13.5,1.35,Vegan;Vegetarian;Dairy-Free;Halal
2448,Zesty Apple Slices with Natural Peanut Butter Style 2448,Snack,3,11,299.4,9.3,31.8,17.9,1.03,Vegan;Vegetarian;Gluten-Free;Dairy-Free;Halal
2449,Golden Creamy Garlic Parmesan Chicken Fettuccine Style 2449,Dinner,2,36,913.9,66.8,36.2,54.9,4.0,High-Protein;Halal
2450,Fresh Strawberries & Dark Chocolate Walnut Cup Style 2450,Snack,3,0,324.8,6.2,29.7,23.2,2.89,Vegan;Vegetarian;Gluten-Free;Halal
2451,Fiesta Cheddar Cheese & Boiled Egg Power Snack Style 2451,Snack,3,7,240.3,16.7,2.7,18.1,1.03,Vegetarian;Keto;Gluten-Free;High-Protein;Halal
2452,Roasted Turkey Avocado BLT Wrap Style 2452,Lunch,1,17,883.1,57.5,60.3,49.5,5.21,High-Protein;Halal
2453,Fiesta Classic Spinach & Mushroom Omelette Style 2453,Breakfast,0,21,370.4,30.2,6.1,25.2,2.53,Vegetarian;Keto;Gluten-Free;High-Protein;Halal
2454,Roasted Black Bean Burrito Bowl with Brown Rice Style 2454,Lunch,1,24,395.5,15.7,58.6,11.8,2.36,Vegan;Vegetarian;Gluten-Free;Dairy-Free;Halal
2455,Golden Creamy Tomato & Mozzarella Penne Style 2455,Lunch,1,21,417.4,19.8,35.5,22.9,2.09,Vegetarian;Halal
2456,Spicy Apple Slices with Natural Peanut Butter Style 2456,Snack,3,13,299.4,9.3,31.8,17.9,1.03,Vegan;Vegetarian;Gluten-Free;Dairy-Free;Halal
2457,Rustic High-Protein Tofu Breakfast Scramble Style 2457,Breakfast,0,10,310.9,16.0,13.4,23.5,2.42,Vegan;Vegetarian;Gluten-Free;Dairy-Free;High-Protein;Halal
2458,Fresh Classic Spinach & Mushroom Omelette Style 2458,Breakfast,0,25,413.6,24.3,4.5,33.6,2.22,Vegetarian;Keto;Gluten-Free;High-Protein;Halal
2459,Savory Tuna Salad Whole Wheat Wrap Style 2459,Lunch,1,17,435.4,42.5,48.7,7.9,2.93,High-Protein;Halal
2460,Roasted High-Protein Tofu Breakfast Scramble Style 2460,Breakfast,0,24,327.9,18.1,14.3,24.5,2.67,Vegan;Vegetarian;Gluten-Free;Dairy-Free;High-Protein;Halal
2461,Fiesta Creamy Tomato & Mozzarella Penne Style 2461,Lunch,1,18,597.4,19.9,86.0,22.6,3.49,Vegetarian;Halal
2462,Golden Berry Chia Yogurt Parfait Style 2462,Breakfast,0,5,393.9,20.1,28.1,24.9,3.01,Vegetarian;Gluten-Free;Halal
2463,Zesty Garlic Butter Shrimp with Zucchini Noodles & Tomatoes Style 2463,Dinner,2,24,582.0,58.9,22.6,30.2,8.41,Keto;Gluten-Free;High-Protein;Low-Carb;Halal
2464,Spicy Tuna Salad Whole Wheat Wrap Style 2464,Lunch,1,15,445.8,45.6,48.2,7.8,2.97,High-Protein;Halal
2465,Smoky Savory Tofu & Mushroom Teriyaki Bowl Style 2465,Dinner,2,28,487.2,27.2,52.2,22.0,4.05,Vegan;Vegetarian;Dairy-Free;Halal
2466,Roasted Savory Tofu & Mushroom Teriyaki Bowl Style 2466,Dinner,2,21,675.0,72.3,38.9,27.5,5.79,Vegan;Vegetarian;Dairy-Free;Halal
2467,Crispy High-Protein Tofu Breakfast Scramble Style 2467,Breakfast,0,17,376.5,18.6,13.8,29.8,3.12,Vegan;Vegetarian;Gluten-Free;Dairy-Free;High-Protein;Halal
2468,Fresh Strawberries & Dark Chocolate Walnut Cup Style 2468,Snack,3,1,257.0,5.3,19.7,19.8,2.15,Vegan;Vegetarian;Gluten-Free;Halal
2469,Fresh Garlic Butter Shrimp with Zucchini Noodles & Tomatoes Style 2469,Dinner,2,24,540.5,66.7,9.7,27.3,7.59,Keto;Gluten-Free;High-Protein;Low-Carb;Halal
2470,Crispy Hearty Lentil & Vegetable Stew Style 2470,Dinner,2,33,423.2,34.9,37.8,15.9,4.5,Vegan;Vegetarian;Gluten-Free;Dairy-Free;Halal
2471,Roasted Peanut Butter Banana Oatmeal Style 2471,Breakfast,0,10,667.0,25.8,87.1,27.4,1.35,Vegan;Vegetarian;Dairy-Free;Halal
2472,Fiesta Creamy Tomato & Mozzarella Penne Style 2472,Lunch,1,23,469.0,22.7,40.6,25.2,2.34,Vegetarian;Halal
2473,Smoky Greek Yogurt Berry Nut Bowl Style 2473,Breakfast,0,2,492.2,31.0,41.9,25.3,4.28,Vegetarian;Gluten-Free;High-Protein;Halal
2474,Hearty Classic Spinach & Mushroom Omelette Style 2474,Breakfast,0,14,413.8,22.5,5.1,34.5,2.36,Vegetarian;Keto;Gluten-Free;High-Protein;Halal
2475,Golden Creamy Garlic Parmesan Chicken Fettuccine Style 2475,Dinner,2,33,845.5,74.5,34.6,44.1,4.1,High-Protein;Halal
2476,Fiesta Banana Almond Protein Smoothie Style 2476,Snack,3,12,329.3,18.3,25.0,18.7,1.7,Vegetarian;Gluten-Free;Halal
2477,Rustic Banana Almond Protein Smoothie Style 2477,Snack,3,7,453.8,19.8,52.7,21.0,2.06,Vegetarian;Gluten-Free;Halal
2478,Crispy Berry Chia Yogurt Parfait Style 2478,Breakfast,0,7,432.1,26.7,23.4,28.2,3.53,Vegetarian;Gluten-Free;Halal
2479,Fiesta Avocado & Egg Whole Wheat Toast Style 2479,Breakfast,0,12,720.5,22.0,59.3,46.7,2.77,Vegetarian;Halal
2480,Zesty Pan-Seared Salmon with Garlic Butter Broccoli & Sweet Potato Style 2480,Dinner,2,37,750.3,45.0,47.5,41.7,7.2,Gluten-Free;High-Protein;Halal
2481,Fiesta Cheddar Cheese & Boiled Egg Power Snack Style 2481,Snack,3,3,176.2,10.4,2.5,14.1,0.77,Vegetarian;Keto;Gluten-Free;High-Protein;Halal
2482,Hearty Cheddar Cheese & Boiled Egg Power Snack Style 2482,Snack,3,17,203.8,14.3,3.5,14.8,1.03,Vegetarian;Keto;Gluten-Free;High-Protein;Halal
2483,Zesty Creamy Garlic Parmesan Chicken Fettuccine Style 2483,Dinner,2,34,1037.8,87.2,36.5,59.0,4.98,High-Protein;Halal
2484,Hearty Banana Almond Protein Smoothie Style 2484,Snack,3,2,473.2,21.8,53.4,22.0,2.22,Vegetarian;Gluten-Free;Halal
2485,Savory Creamy Garlic Parmesan Chicken Fettuccine Style 2485,Dinner,2,33,989.3,83.3,39.6,54.0,4.74,High-Protein;Halal
2486,Rustic Black Bean Burrito Bowl with Brown Rice Style 2486,Lunch,1,24,373.9,15.5,61.7,8.4,2.29,Vegan;Vegetarian;Gluten-Free;Dairy-Free;Halal
2487,Fresh Strawberries & Dark Chocolate Walnut Cup Style 2487,Snack,3,4,294.5,6.1,21.5,23.1,2.47,Vegan;Vegetarian;Gluten-Free;Halal
2488,Fresh Mediterranean Chickpea & Avocado Salad Style 2488,Lunch,1,8,633.9,17.6,58.3,41.1,3.91,Vegan;Vegetarian;Gluten-Free;Dairy-Free;Halal
2489,Fresh Black Bean Burrito Bowl with Brown Rice Style 2489,Lunch,1,18,436.4,17.4,66.9,12.0,2.46,Vegan;Vegetarian;Gluten-Free;Dairy-Free;Halal
2490,Spicy Banana Almond Protein Smoothie Style 2490,Snack,3,13,422.8,17.7,50.7,19.4,1.88,Vegetarian;Gluten-Free;Halal
2491,Rustic High-Protein Tofu Breakfast Scramble Style 2491,Breakfast,0,21,359.0,17.2,12.3,29.1,2.84,Vegan;Vegetarian;Gluten-Free;Dairy-Free;High-Protein;Halal
2492,Crispy Garlic Butter Shrimp with Zucchini Noodles & Tomatoes Style 2492,Dinner,2,29,592.0,70.4,16.0,29.1,8.25,Keto;Gluten-Free;High-Protein;Low-Carb;Halal
2493,Savory Strawberries & Dark Chocolate Walnut Cup Style 2493,Snack,3,2,197.6,5.2,10.8,16.6,1.93,Vegan;Vegetarian;Gluten-Free;Halal
2494,Fresh Hearty Lentil & Vegetable Stew Style 2494,Dinner,2,44,489.0,15.5,63.2,21.0,2.21,Vegan;Vegetarian;Gluten-Free;Dairy-Free;Halal
2495,Herb-Crusted Banana Almond Protein Smoothie Style 2495,Snack,3,6,447.8,19.5,52.2,20.7,2.03,Vegetarian;Gluten-Free;Halal
2496,Smoky Turkey Avocado BLT Wrap Style 2496,Lunch,1,21,569.5,42.4,48.2,24.3,3.34,High-Protein;Halal
2497,Zesty Hearty Lentil & Vegetable Stew Style 2497,Dinner,2,42,527.9,18.1,70.3,21.1,2.22,Vegan;Vegetarian;Gluten-Free;Dairy-Free;Halal
2498,Garden-Fresh Pan-Seared Salmon with Garlic Butter Broccoli & Sweet Potato Style 2498,Dinner,2,26,681.9,47.9,21.7,44.3,7.94,Gluten-Free;High-Protein;Halal
2499,Zesty Classic Spinach & Mushroom Omelette Style 2499,Breakfast,0,23,547.8,30.7,31.0,34.6,2.32,Vegetarian;Keto;Gluten-Free;High-Protein;Halal
2500,Fresh Avocado & Egg Whole Wheat Toast Style 2500,Breakfast,0,7,640.5,24.0,43.3,43.7,2.67,Vegetarian;Halal
