2500
1 0 15 468.9 29.8 5.4 36.8 2.63 5 0 3 2 4 5 5 7 3.00 0 50.00 1 60.00 14 15.00 11 30.00
2 0 5 449.8 26.1 41.6 22.8 4.12 4 0 2 4 5 5 5 200.00 30 60.00 4 50.00 27 25.00 25 20.00
3 0 10 639.6 24.0 43.1 43.7 2.64 2 0 5 5 13 2.00 6 1.00 7 2.00 23 10.00 9 40.00
4 0 10 656.7 25.4 84.5 27.5 1.38 4 1 0 6 5 5 21 60.00 3 150.00 31 1.00 24 30.00 28 10.00
5 0 15 314.7 17.1 12.3 24.1 2.79 6 1 0 2 6 4 5 5 32 180.00 0 60.00 8 50.00 23 15.00 17 40.00
6 0 5 449.5 24.1 34.1 26.9 3.46 3 0 2 5 5 5 180.00 4 80.00 28 15.00 25 15.00 33 20.00
7 1 25 587.1 62.9 30.6 23.4 4.39 3 2 4 5 6 2 180.00 34 70.00 10 100.00 16 60.00 23 15.00 18 10.00
8 1 12 591.0 15.1 51.1 40.4 3.71 5 1 0 2 6 5 6 26 150.00 35 80.00 9 80.00 6 1.00 23 15.00 36 1.00
9 1 10 434.9 43.2 48.2 7.7 2.88 2 4 5 5 37 130.00 38 2.00 39 40.00 9 50.00 5 30.00
10 1 20 412.1 16.0 62.2 11.9 2.34 5 1 0 2 6 5 6 40 160.00 20 80.00 8 70.00 17 50.00 9 60.00 23 10.00
11 1 20 470.7 22.1 43.5 24.2 2.25 2 0 5 6 22 90.00 41 120.00 12 60.00 18 10.00 23 10.00 0 40.00
12 1 15 841.7 50.7 60.5 47.8 4.86 2 4 5 6 42 150.00 38 2.00 6 1.00 39 50.00 9 60.00 23 10.00
13 2 30 789.3 47.7 51.5 43.1 7.68 3 2 4 5 6 43 200.00 44 180.00 10 120.00 14 20.00 18 15.00 36 1.00
14 2 25 613.1 52.6 33.1 31.8 4.62 4 2 6 4 5 6 15 180.00 20 80.00 8 80.00 17 60.00 29 20.00 18 10.00
15 2 30 924.0 77.1 35.8 51.3 4.39 2 4 5 6 2 180.00 22 90.00 45 60.00 46 35.00 18 15.00 14 15.00
16 2 35 457.8 16.3 65.7 16.1 2.17 5 1 0 2 6 5 7 47 120.00 16 80.00 48 120.00 17 60.00 9 80.00 18 15.00 23 15.00
17 2 20 516.5 61.5 15.1 24.8 7.18 5 3 2 4 7 5 6 49 200.00 50 180.00 9 80.00 18 15.00 14 20.00 46 25.00
18 2 25 454.9 25.5 49.0 20.6 4.03 4 1 0 6 5 7 32 200.00 19 80.00 1 80.00 10 100.00 29 25.00 25 15.00 23 10.00
19 3 3 299.4 9.3 31.8 17.9 1.03 5 1 0 2 6 5 2 51 1.00 24 35.00
20 3 5 440.4 19.4 51.4 20.3 2.01 3 0 2 5 5 31 1.00 3 180.00 5 80.00 27 20.00 25 10.00
21 3 8 241.8 16.7 3.1 18.1 1.08 5 0 3 2 4 5 3 7 1.00 11 40.00 35 60.00
22 3 4 258.6 5.3 20.0 19.9 2.22 4 1 0 2 5 3 4 100.00 33 30.00 25 10.00
23 2 32 933.8 87.1 32.7 48.9 4.80 2 4 5 6 2 220.00 22 80.00 45 65.00 46 30.00 18 15.00 14 10.00
24 3 0 439.3 18.3 52.2 20.3 1.94 3 0 2 5 5 31 1.00 3 210.00 5 60.00 27 20.00 25 10.00
25 1 15 480.5 22.5 45.4 24.2 2.21 2 0 5 6 22 100.00 41 105.00 12 60.00 18 10.00 23 10.00 0 40.00
26 2 25 788.7 60.8 51.1 36.3 8.71 3 2 4 5 6 43 240.00 44 180.00 10 105.00 46 15.00 18 15.00 36 1.00
27 0 17 608.2 26.4 44.7 38.7 2.51 2 0 5 5 13 2.00 6 1.00 7 2.00 24 10.00 9 30.00
28 2 15 441.2 51.8 15.1 20.6 6.17 5 3 2 4 7 5 6 49 160.00 50 165.00 9 95.00 18 15.00 14 15.00 46 25.00
29 0 11 499.4 31.1 39.3 27.3 4.38 4 0 2 4 5 5 5 240.00 30 55.00 4 50.00 27 30.00 25 15.00
30 3 11 282.0 19.2 3.2 21.4 1.20 5 0 3 2 4 5 3 7 1.00 11 50.00 35 60.00
31 2 32 912.3 56.9 58.5 48.9 8.90 3 2 4 5 6 43 245.00 44 220.00 10 105.00 14 20.00 18 15.00 36 1.00
32 2 26 619.0 53.7 31.8 32.6 4.62 4 2 6 4 5 6 15 185.00 20 75.00 8 70.00 17 65.00 29 20.00 18 10.00
33 0 15 335.5 18.8 14.5 24.9 3.12 6 1 0 2 6 4 5 5 32 195.00 0 70.00 8 60.00 23 15.00 17 50.00
34 1 28 461.8 20.8 47.0 22.3 2.33 2 0 5 6 22 95.00 41 145.00 12 50.00 18 10.00 23 10.00 0 45.00
35 2 28 646.0 52.1 43.6 30.6 4.66 4 2 6 4 5 6 15 175.00 19 95.00 8 95.00 17 75.00 29 20.00 18 10.00
36 3 4 407.8 17.6 50.5 17.6 1.87 3 0 2 5 5 31 1.00 3 190.00 5 70.00 27 15.00 25 10.00
37 2 23 470.9 57.9 10.3 23.4 6.99 5 3 2 4 7 5 6 49 195.00 50 195.00 9 65.00 0 15.00 14 20.00 46 20.00
38 2 35 685.0 58.6 37.1 35.4 5.13 4 2 6 4 5 6 15 200.00 20 100.00 8 90.00 17 45.00 29 25.00 18 10.00
39 1 16 521.5 25.3 48.1 26.4 2.45 2 0 5 6 22 105.00 41 115.00 12 70.00 18 10.00 23 10.00 0 45.00
40 2 27 520.5 60.8 16.9 24.9 7.16 5 3 2 4 7 5 6 49 195.00 50 210.00 9 60.00 18 20.00 14 20.00 46 25.00
41 2 28 544.3 66.5 13.7 26.2 7.34 5 3 2 4 7 5 6 49 215.00 50 140.00 9 70.00 18 15.00 14 20.00 46 30.00
42 1 20 468.6 19.1 72.8 12.2 2.71 5 1 0 2 6 5 6 40 195.00 20 90.00 8 85.00 17 50.00 9 65.00 23 10.00
43 3 -2 299.4 9.3 31.8 17.9 1.03 5 1 0 2 6 5 2 51 1.00 24 35.00
44 0 5 462.4 25.2 35.2 27.4 3.69 3 0 2 5 5 5 190.00 4 90.00 28 15.00 25 15.00 33 20.00
45 0 10 614.8 23.6 77.7 26.7 1.33 4 1 0 6 5 5 21 50.00 3 145.00 31 1.00 24 30.00 28 10.00
46 2 30 798.5 46.8 58.2 41.9 7.70 3 2 4 5 6 43 190.00 44 205.00 10 145.00 14 20.00 18 15.00 36 1.00
47 0 6 392.2 23.2 37.2 19.4 4.05 4 0 2 4 5 5 5 180.00 30 65.00 4 60.00 27 20.00 25 15.00
48 0 25 486.6 30.8 5.1 38.4 2.59 5 0 3 2 4 5 5 7 3.00 0 40.00 1 60.00 14 15.00 11 35.00
49 1 13 596.1 15.4 52.0 40.5 3.70 5 1 0 2 6 5 6 26 155.00 35 80.00 9 75.00 6 1.00 23 15.00 36 1.00
50 0 9 444.4 23.7 41.4 23.5 3.87 4 0 2 4 5 5 5 165.00 30 65.00 4 40.00 27 30.00 25 20.00
51 1 20 410.2 18.8 36.9 21.9 2.08 2 0 5 6 22 70.00 41 115.00 12 50.00 18 10.00 23 10.00 0 45.00
52 2 27 862.9 72.8 41.0 44.2 4.08 2 4 5 6 2 185.00 22 110.00 45 50.00 12 30.00 18 15.00 14 15.00
53 1 18 385.9 13.9 57.8 11.8 2.15 5 1 0 2 6 5 6 40 130.00 20 90.00 8 60.00 17 50.00 9 60.00 23 10.00
54 3 7 299.4 9.3 31.8 17.9 1.03 5 1 0 2 6 5 2 51 1.00 24 35.00
55 2 35 683.2 60.6 31.8 36.9 5.21 4 2 6 4 5 6 15 210.00 20 70.00 8 85.00 17 65.00 29 25.00 18 10.00
56 2 43 398.7 18.2 66.7 8.4 1.93 5 1 0 2 6 5 7 47 100.00 16 85.00 48 135.00 17 75.00 9 60.00 18 10.00 24 15.00
57 2 29 568.5 48.2 31.7 29.2 4.30 4 2 6 4 5 6 15 165.00 20 80.00 8 85.00 17 45.00 29 15.00 18 10.00
58 1 20 421.4 16.4 64.0 12.0 2.24 5 1 0 2 6 5 6 40 165.00 20 90.00 8 55.00 17 45.00 9 55.00 23 10.00
59 1 34 609.8 72.9 32.8 19.9 5.84 3 2 4 5 6 2 210.00 34 85.00 10 100.00 36 2.00 23 10.00 18 10.00
60 2 30 516.7 42.3 33.8 25.0 3.96 4 2 6 4 5 6 15 140.00 20 80.00 8 85.00 17 65.00 29 20.00 18 10.00
61 1 22 903.6 60.4 61.0 50.2 5.49 2 4 5 6 42 185.00 38 2.00 6 1.00 39 60.00 9 65.00 23 10.00
62 0 7 1332.9 7.5 32.6 135.4 3.68 3 0 2 5 5 14 145.00 4 90.00 28 15.00 25 20.00 33 20.00
63 1 10 787.3 25.8 95.1 37.9 3.21 2 4 5 6 47 175.00 38 2.00 6 1.00 39 40.00 9 55.00 23 10.00
64 2 36 526.4 18.3 82.2 16.2 2.18 5 1 0 2 6 5 7 47 100.00 16 75.00 48 120.00 17 70.00 18 70.00 18 15.00 23 15.00
65 0 2 427.4 25.1 37.8 22.3 4.01 4 0 2 4 5 5 5 190.00 30 70.00 4 40.00 27 25.00 25 15.00
66 1 21 521.5 25.2 48.1 26.4 2.37 2 0 5 6 22 110.00 41 95.00 12 70.00 18 10.00 23 10.00 0 45.00
67 1 21 404.8 17.5 35.2 22.5 1.94 2 0 5 6 19 75.00 41 105.00 12 55.00 18 10.00 23 10.00 0 35.00
68 2 34 455.1 26.7 48.0 21.0 4.38 4 1 0 6 5 7 32 205.00 19 70.00 1 100.00 10 115.00 29 25.00 25 15.00 23 10.00
69 0 14 393.4 21.6 36.6 20.6 3.73 4 0 2 4 5 5 5 155.00 30 70.00 4 40.00 27 25.00 25 15.00
70 3 14 468.4 21.3 53.2 21.8 2.18 3 0 2 5 5 31 1.00 3 210.00 5 90.00 27 20.00 25 10.00
71 3 1 328.8 10.5 32.8 20.4 1.07 5 1 0 2 6 5 2 51 1.00 24 40.00
72 2 36 978.8 80.5 38.7 54.5 4.59 2 4 5 6 2 195.00 22 100.00 45 60.00 46 30.00 18 15.00 14 20.00
73 2 36 884.8 52.4 55.5 49.8 8.42 3 2 4 5 6 43 220.00 44 195.00 10 135.00 14 25.00 18 15.00 36 1.00
74 2 39 487.5 17.8 71.6 16.1 2.02 5 1 0 2 6 5 7 47 140.00 16 70.00 48 110.00 17 60.00 16 80.00 18 15.00 23 15.00
75 2 33 444.5 25.1 47.8 20.2 4.04 4 1 0 6 5 7 32 190.00 19 75.00 1 85.00 10 100.00 29 30.00 25 15.00 23 10.00
76 2 35 671.9 58.6 32.7 36.0 4.97 4 2 6 4 5 6 15 205.00 20 80.00 8 70.00 17 65.00 29 15.00 18 10.00
77 0 8 667.0 25.8 87.1 27.4 1.35 4 1 0 6 5 5 21 65.00 3 135.00 31 1.00 24 30.00 28 10.00
78 3 1 263.4 5.4 21.2 19.9 2.44 4 1 0 2 5 3 4 115.00 33 30.00 25 10.00
79 1 32 614.2 74.4 32.7 19.9 4.92 3 2 4 5 6 2 215.00 34 85.00 10 105.00 16 45.00 23 10.00 18 10.00
80 3 13 439.7 20.1 50.8 20.2 2.06 3 0 2 5 5 31 1.00 3 155.00 5 95.00 27 20.00 25 10.00
81 1 11 853.5 52.3 61.2 48.2 5.06 2 4 5 6 42 155.00 38 2.00 6 1.00 39 60.00 9 70.00 23 10.00
82 0 22 448.9 28.6 5.3 35.2 2.55 5 0 3 2 4 5 5 7 3.00 0 60.00 1 50.00 14 15.00 11 25.00
83 3 7 177.0 10.4 2.7 14.1 0.79 5 0 3 2 4 5 3 14 1.00 11 40.00 35 60.00
84 1 24 642.3 54.0 33.8 34.1 4.70 3 2 4 5 6 42 170.00 34 85.00 10 115.00 16 50.00 23 20.00 18 10.00
85 2 43 442.0 15.5 62.7 16.0 2.14 5 1 0 2 6 5 7 47 115.00 16 100.00 48 95.00 17 65.00 9 75.00 18 15.00 23 15.00
86 3 0 451.9 20.7 51.7 20.9 2.12 3 0 2 5 5 31 1.00 3 175.00 5 95.00 27 20.00 25 10.00
87 3 11 270.0 8.0 30.8 15.4 0.99 5 1 0 2 6 5 2 51 1.00 24 30.00
88 2 28 512.6 28.0 45.8 27.5 4.15 4 1 0 6 5 7 32 185.00 19 100.00 1 85.00 10 110.00 29 20.00 27 15.00 23 10.00
89 2 34 816.0 66.0 42.3 41.5 3.85 2 4 5 6 2 140.00 22 110.00 45 50.00 46 35.00 18 15.00 45 20.00
90 3 10 424.1 17.5 51.0 19.4 1.87 3 0 2 5 5 31 1.00 3 185.00 5 60.00 27 20.00 25 10.00
91 2 28 717.8 63.4 33.6 38.7 5.29 4 2 6 4 5 6 15 220.00 20 90.00 8 70.00 17 45.00 29 25.00 18 10.00
92 0 9 480.1 26.6 44.4 25.0 3.90 4 0 2 4 5 5 5 195.00 30 50.00 4 40.00 27 30.00 25 25.00
93 2 35 438.9 14.6 62.6 16.0 2.08 5 1 0 2 6 5 7 47 100.00 16 65.00 48 135.00 17 55.00 9 85.00 18 15.00 23 15.00
94 3 6 299.4 9.3 31.8 17.9 1.03 5 1 0 2 6 5 2 51 1.00 24 35.00
95 1 22 601.6 13.2 45.4 44.9 3.53 5 1 0 2 6 5 6 26 125.00 35 80.00 9 60.00 6 1.00 23 20.00 36 1.00
96 2 21 601.8 50.0 37.1 30.1 4.15 4 2 6 4 5 6 15 170.00 20 85.00 16 90.00 17 50.00 29 20.00 18 10.00
97 0 12 436.6 23.1 32.9 26.4 3.23 3 0 2 5 5 5 170.00 4 70.00 28 15.00 25 15.00 33 20.00
98 2 31 467.8 14.2 59.5 21.0 2.17 5 1 0 2 6 5 7 47 100.00 16 95.00 48 90.00 17 75.00 9 80.00 18 15.00 23 20.00
99 0 13 620.5 27.3 63.3 31.2 1.19 4 1 0 6 5 5 21 65.00 3 185.00 16 1.00 24 35.00 28 10.00
100 3 9 262.6 18.0 3.3 19.7 1.17 5 0 3 2 4 5 3 7 1.00 11 45.00 35 65.00
101 2 18 478.2 64.5 14.5 19.5 7.71 5 3 2 4 7 5 6 49 220.00 50 225.00 9 75.00 18 10.00 14 15.00 46 20.00
102 3 0 347.7 6.0 12.1 33.1 2.27 4 1 0 2 5 3 4 95.00 33 35.00 23 10.00
103 3 12 375.9 18.8 41.6 17.3 1.85 3 0 2 5 5 31 1.00 3 155.00 5 85.00 27 15.00 29 10.00
104 3 4 265.0 5.4 21.6 19.9 2.52 4 1 0 2 5 3 4 120.00 33 30.00 25 10.00
105 1 15 432.6 42.8 48.5 7.5 2.94 2 4 5 5 37 130.00 38 2.00 39 45.00 9 60.00 5 25.00
106 1 19 500.8 50.1 56.9 8.2 3.09 2 4 5 5 37 150.00 38 2.00 18 30.00 9 45.00 5 35.00
107 0 18 637.8 23.9 42.7 43.7 2.58 2 0 5 5 13 2.00 6 1.00 7 2.00 23 10.00 9 30.00
108 1 35 575.9 69.4 30.5 19.3 5.00 3 2 4 5 6 2 195.00 34 85.00 10 110.00 0 50.00 23 10.00 18 10.00
109 0 10 333.1 18.8 13.9 24.9 3.11 6 1 0 2 6 4 5 5 32 195.00 0 75.00 8 55.00 23 15.00 17 45.00
110 2 15 625.0 74.5 16.9 30.5 8.42 5 3 2 4 7 5 6 49 245.00 50 180.00 9 75.00 18 20.00 14 25.00 46 30.00
111 2 27 889.3 53.9 51.8 51.0 8.54 3 2 4 5 6 43 230.00 44 180.00 10 125.00 14 25.00 18 15.00 36 1.00
112 1 22 884.0 57.5 60.5 49.5 5.24 2 4 5 6 42 175.00 38 2.00 6 1.00 39 55.00 9 55.00 23 10.00
113 3 14 255.4 5.2 19.3 19.8 2.07 4 1 0 2 5 3 4 90.00 33 30.00 25 10.00
114 0 14 558.3 24.9 44.0 33.8 2.63 2 0 5 5 13 2.00 6 1.00 7 2.00 29 10.00 9 50.00
115 2 36 512.9 19.4 76.2 16.2 2.34 5 1 0 2 6 5 7 47 150.00 16 90.00 48 150.00 17 45.00 9 75.00 18 15.00 23 15.00
116 3 10 283.5 19.3 3.6 21.4 1.25 5 0 3 2 4 5 3 7 1.00 11 50.00 35 70.00
117 0 10 399.8 21.0 30.4 21.7 1.40 2 0 5 5 13 2.00 0 1.00 7 2.00 23 10.00 9 40.00
118 3 5 260.4 17.9 2.8 19.7 1.09 5 0 3 2 4 5 3 7 1.00 11 45.00 35 50.00
119 0 17 698.3 27.3 86.5 30.7 1.48 4 1 0 6 5 5 21 60.00 3 170.00 31 1.00 24 35.00 28 10.00
120 1 25 477.5 21.3 50.0 22.3 2.29 2 0 5 6 22 110.00 41 125.00 12 50.00 18 10.00 23 10.00 0 45.00
121 0 9 644.3 24.6 43.9 43.8 2.65 2 0 5 5 13 2.00 6 1.00 7 2.00 23 10.00 10 35.00
122 0 14 729.9 37.0 88.7 28.8 2.20 4 1 0 6 5 5 21 70.00 5 160.00 31 1.00 24 25.00 28 10.00
123 2 25 698.3 60.6 35.0 37.0 5.25 4 2 6 4 5 6 15 210.00 20 90.00 8 90.00 17 50.00 29 20.00 18 10.00
124 3 11 451.1 19.5 51.1 21.8 2.01 3 0 2 5 5 31 1.00 3 150.00 5 80.00 27 25.00 25 10.00
125 2 27 626.7 54.0 33.4 32.6 4.87 4 2 6 4 5 6 15 185.00 20 70.00 8 100.00 17 75.00 29 20.00 18 10.00
126 2 40 872.6 76.7 28.9 48.7 4.25 2 4 5 6 2 190.00 22 75.00 45 45.00 46 30.00 18 10.00 14 20.00
127 0 3 544.7 25.4 20.7 42.6 3.33 3 0 2 5 5 5 195.00 4 60.00 28 15.00 23 15.00 33 20.00
128 0 10 412.6 22.2 45.0 18.8 4.03 4 0 2 4 5 5 5 170.00 30 70.00 4 50.00 27 20.00 25 25.00
129 2 26 670.0 57.6 34.7 35.3 4.89 4 2 6 4 5 6 15 200.00 20 95.00 8 70.00 17 50.00 29 15.00 18 10.00
130 2 39 805.1 41.6 77.0 37.2 6.47 3 2 4 5 6 43 155.00 44 190.00 18 95.00 14 20.00 18 15.00 36 1.00
131 1 25 709.6 58.0 71.7 23.2 5.29 3 2 4 5 6 2 165.00 34 60.00 10 90.00 51 2.00 23 15.00 18 10.00
132 1 22 523.2 25.1 48.6 26.5 2.40 2 0 5 6 22 105.00 41 125.00 12 70.00 18 10.00 23 10.00 0 35.00
133 0 12 617.5 25.5 44.7 40.3 2.72 2 0 5 5 13 2.00 6 1.00 7 2.00 33 10.00 9 45.00
134 1 8 630.4 14.8 50.4 45.3 3.79 5 1 0 2 6 5 6 26 145.00 35 70.00 9 95.00 6 1.00 23 20.00 36 1.00
135 0 3 489.2 28.6 46.6 24.1 4.38 4 0 2 4 5 5 5 225.00 30 60.00 4 50.00 27 25.00 25 25.00
136 2 25 767.1 71.6 39.3 34.7 3.94 2 4 5 6 2 155.00 22 95.00 45 45.00 46 40.00 18 20.00 3 10.00
137 2 42 464.1 15.7 67.8 16.0 2.12 5 1 0 2 6 5 7 47 110.00 16 90.00 48 140.00 17 65.00 9 60.00 18 15.00 23 15.00
138 0 10 469.8 27.6 31.6 28.6 3.76 3 0 2 5 5 5 215.00 4 85.00 28 15.00 25 10.00 33 20.00
139 2 25 481.2 55.2 16.0 23.4 6.81 5 3 2 4 7 5 6 49 180.00 50 205.00 9 90.00 18 15.00 14 20.00 46 20.00
140 0 11 470.5 29.7 43.7 22.6 4.63 4 0 2 4 5 5 5 245.00 30 65.00 4 60.00 27 20.00 25 20.00
141 1 25 857.6 53.4 60.3 48.5 4.99 2 4 5 6 42 160.00 38 2.00 6 1.00 39 55.00 9 50.00 23 10.00
142 3 9 328.8 10.5 32.8 20.4 1.07 5 1 0 2 6 5 2 51 1.00 24 40.00
143 1 8 444.1 45.5 47.7 7.8 2.90 2 4 5 5 37 140.00 38 2.00 39 30.00 9 45.00 5 30.00
144 2 32 482.2 16.9 71.2 16.1 2.27 5 1 0 2 6 5 7 47 120.00 16 95.00 48 145.00 17 60.00 9 75.00 18 15.00 23 15.00
145 1 24 504.9 52.4 36.2 16.3 3.41 3 2 4 5 6 2 145.00 22 65.00 10 85.00 16 75.00 23 10.00 18 10.00
146 1 20 679.6 74.5 27.5 29.5 4.88 3 2 4 5 6 2 220.00 34 55.00 10 95.00 16 65.00 23 20.00 18 10.00
147 1 25 350.9 15.5 63.3 4.9 2.21 5 1 0 2 6 5 6 40 125.00 20 95.00 8 60.00 17 60.00 9 65.00 28 10.00
148 2 37 481.6 17.6 70.4 16.1 2.29 5 1 0 2 6 5 7 47 130.00 16 80.00 48 125.00 17 60.00 9 85.00 18 20.00 23 15.00
149 2 39 512.1 18.2 66.3 21.1 2.27 5 1 0 2 6 5 7 47 150.00 16 90.00 48 95.00 17 55.00 9 80.00 18 10.00 23 20.00
150 0 4 367.0 24.2 26.0 20.6 3.52 3 0 2 5 5 5 210.00 4 90.00 41 15.00 25 10.00 33 15.00
151 2 30 893.9 75.4 33.2 50.0 4.32 2 4 5 6 2 170.00 22 75.00 45 65.00 46 40.00 18 20.00 14 10.00
152 2 30 424.7 23.0 48.5 18.8 4.04 4 1 0 6 5 7 32 160.00 19 60.00 1 95.00 10 115.00 29 30.00 25 20.00 23 10.00
153 3 7 284.2 19.3 3.8 21.4 1.27 5 0 3 2 4 5 3 7 1.00 11 50.00 35 75.00
154 3 13 299.4 9.3 31.8 17.9 1.03 5 1 0 2 6 5 2 51 1.00 24 35.00
155 0 10 445.1 28.0 36.0 23.7 3.89 4 0 2 4 5 5 5 220.00 30 50.00 4 40.00 27 25.00 25 15.00
156 0 14 530.9 31.9 35.5 32.2 4.42 4 0 2 4 5 5 5 215.00 30 65.00 4 45.00 27 30.00 28 20.00
157 3 0 299.3 6.2 22.7 23.2 2.70 4 1 0 2 5 3 4 125.00 33 35.00 25 10.00
158 3 -1 289.7 6.0 20.4 23.1 2.25 4 1 0 2 5 3 4 95.00 33 35.00 25 10.00
159 1 29 424.5 15.9 65.0 12.1 2.49 5 1 0 2 6 5 6 40 150.00 20 100.00 8 85.00 17 40.00 9 65.00 23 10.00
160 1 30 510.4 21.6 80.1 12.2 2.48 5 1 0 2 6 5 6 40 185.00 22 100.00 8 65.00 17 60.00 9 50.00 23 10.00
161 2 29 494.6 52.9 15.2 26.3 6.46 5 3 2 4 7 5 6 49 155.00 50 220.00 9 90.00 18 10.00 14 20.00 46 30.00
162 3 7 270.0 8.0 30.8 15.4 0.99 5 1 0 2 6 5 2 51 1.00 24 30.00
163 2 35 492.3 21.4 65.2 18.3 2.97 4 1 0 6 5 7 32 155.00 19 95.00 48 95.00 10 90.00 29 25.00 25 15.00 23 10.00
164 0 7 589.9 25.7 60.9 29.5 1.06 4 1 0 6 5 5 21 65.00 3 135.00 4 1.00 24 35.00 28 10.00
165 3 3 435.6 18.9 51.3 20.0 1.97 3 0 2 5 5 31 1.00 3 180.00 5 75.00 27 20.00 25 10.00
166 1 21 865.4 54.7 60.2 48.8 5.02 2 4 5 6 42 165.00 38 2.00 6 1.00 39 50.00 9 50.00 23 10.00
167 0 2 452.8 22.9 35.1 27.4 3.31 3 0 2 5 5 5 160.00 4 75.00 28 20.00 25 15.00 33 20.00
168 2 24 555.0 68.9 13.9 26.2 7.61 5 3 2 4 7 5 6 49 225.00 50 150.00 9 65.00 18 15.00 14 20.00 46 30.00
169 1 20 474.9 46.5 54.7 7.5 2.87 2 4 5 5 37 145.00 38 2.00 44 40.00 9 45.00 5 25.00
170 2 23 696.0 62.9 29.3 38.5 5.24 4 2 6 4 5 6 15 220.00 20 65.00 8 70.00 17 60.00 29 25.00 18 10.00
171 2 30 680.9 60.8 29.7 37.6 5.70 4 2 6 4 5 6 15 215.00 20 65.00 8 65.00 30 45.00 29 20.00 18 10.00
172 0 9 393.8 21.3 27.9 24.4 3.31 3 0 2 5 5 5 160.00 4 90.00 28 10.00 25 10.00 33 20.00
173 0 23 282.2 13.8 10.5 22.3 2.36 6 1 0 2 6 4 5 5 32 145.00 0 45.00 8 55.00 23 15.00 17 30.00
174 0 3 289.3 11.4 31.1 15.1 2.85 4 0 2 4 5 5 7 1.00 30 70.00 4 50.00 27 20.00 25 15.00
175 0 13 636.1 24.7 79.4 27.8 1.44 4 1 0 6 5 5 21 50.00 3 180.00 31 1.00 24 30.00 28 10.00
176 3 5 328.8 10.5 32.8 20.4 1.07 5 1 0 2 6 5 2 51 1.00 24 40.00
177 2 18 369.2 53.5 17.5 10.7 6.30 5 3 2 4 7 5 6 49 155.00 50 210.00 9 90.00 18 15.00 3 20.00 46 30.00
178 1 32 635.9 72.4 30.3 24.5 4.84 3 2 4 5 6 2 210.00 34 70.00 10 110.00 16 50.00 23 15.00 18 10.00
179 2 31 608.6 52.5 32.1 31.8 4.67 4 2 6 4 5 6 15 180.00 20 75.00 8 90.00 17 55.00 29 20.00 18 10.00
180 1 29 416.2 17.1 62.4 11.9 2.37 5 1 0 2 6 5 6 40 180.00 20 65.00 8 70.00 17 45.00 9 60.00 23 10.00
181 1 18 631.3 14.8 50.7 45.3 3.82 5 1 0 2 6 5 6 26 145.00 35 100.00 9 75.00 6 1.00 23 20.00 36 1.00
182 0 12 455.3 28.4 29.7 27.5 3.10 3 0 2 5 5 5 225.00 39 80.00 28 10.00 25 15.00 33 20.00
183 3 9 328.8 10.5 32.8 20.4 1.07 5 1 0 2 6 5 2 51 1.00 24 40.00
184 1 28 552.0 55.3 31.4 22.6 4.06 3 2 4 5 6 2 155.00 34 80.00 10 95.00 16 50.00 23 15.00 18 10.00
185 3 11 264.1 18.1 3.7 19.7 1.22 5 0 3 2 4 5 3 7 1.00 11 45.00 35 75.00
186 0 25 477.1 49.8 9.4 27.7 3.90 6 1 0 2 6 4 5 5 42 175.00 0 50.00 8 50.00 23 15.00 17 50.00
187 3 2 294.1 7.6 15.9 24.9 2.66 4 1 0 2 5 3 4 125.00 33 30.00 27 10.00
188 0 13 640.5 24.0 43.3 43.7 2.67 2 0 5 5 13 2.00 6 1.00 7 2.00 23 10.00 9 45.00
189 2 32 496.2 28.1 54.3 22.1 4.24 4 1 0 6 5 7 32 230.00 19 80.00 1 60.00 10 115.00 29 30.00 25 20.00 23 10.00
190 2 34 844.4 66.1 33.2 48.9 3.90 2 4 5 6 2 140.00 22 75.00 45 65.00 46 40.00 18 20.00 14 10.00
191 2 30 845.6 52.8 52.5 46.3 8.35 3 2 4 5 6 43 225.00 44 185.00 10 120.00 14 20.00 18 15.00 36 1.00
192 2 19 657.1 74.5 15.7 32.6 5.26 5 3 2 4 7 5 6 2 190.00 50 180.00 9 100.00 18 15.00 14 20.00 46 30.00
193 1 23 884.0 57.5 60.5 49.5 5.24 2 4 5 6 42 175.00 38 2.00 6 1.00 39 55.00 9 55.00 23 10.00
194 1 10 622.0 50.6 48.5 26.4 3.83 2 4 5 6 42 160.00 38 2.00 18 1.00 39 50.00 9 70.00 23 10.00
195 2 32 405.6 20.1 45.5 18.3 3.04 4 1 0 6 5 7 32 155.00 19 85.00 35 75.00 10 100.00 29 25.00 25 10.00 23 10.00
196 1 20 454.2 22.2 37.6 25.1 2.27 2 0 5 6 22 70.00 41 120.00 12 65.00 18 10.00 23 10.00 0 45.00
197 3 6 466.3 20.3 52.3 22.6 2.08 3 0 2 5 5 31 1.00 3 175.00 5 80.00 27 25.00 25 10.00
198 1 18 391.8 13.8 59.1 11.9 2.22 5 1 0 2 6 5 6 40 125.00 20 100.00 8 65.00 17 45.00 9 65.00 23 10.00
199 3 11 299.4 9.3 31.8 17.9 1.03 5 1 0 2 6 5 2 51 1.00 24 35.00
200 1 25 1086.3 76.0 50.7 68.3 6.98 3 2 4 5 6 2 205.00 34 75.00 10 90.00 6 2.00 23 15.00 18 10.00
201 0 24 491.2 31.4 5.8 38.5 2.79 5 0 3 2 4 5 5 7 3.00 0 60.00 1 60.00 14 15.00 11 35.00
202 1 11 435.7 43.2 48.3 7.7 2.92 2 4 5 5 37 130.00 38 2.00 39 45.00 9 50.00 5 30.00
203 1 12 798.4 43.9 60.4 46.0 4.45 2 4 5 6 42 125.00 38 2.00 6 1.00 39 45.00 9 60.00 23 10.00
204 3 15 224.8 16.8 2.7 16.5 1.38 5 0 3 2 4 5 3 7 1.00 11 35.00 1 55.00
205 1 8 559.8 13.3 45.8 39.9 3.54 5 1 0 2 6 5 6 26 125.00 35 60.00 9 90.00 6 1.00 23 15.00 36 1.00
206 1 20 527.5 55.8 25.4 22.4 4.14 3 2 4 5 6 2 160.00 34 55.00 10 115.00 16 55.00 23 15.00 4 10.00
207 0 2 468.4 25.1 44.6 24.3 3.87 4 0 2 4 5 5 5 180.00 30 55.00 4 40.00 27 30.00 25 25.00
208 2 33 834.9 54.1 45.1 47.6 8.48 3 2 4 5 6 43 235.00 44 155.00 10 125.00 14 20.00 18 10.00 36 1.00
209 2 34 438.6 16.3 61.1 16.1 2.61 5 1 0 2 6 5 7 47 105.00 16 65.00 48 140.00 1 55.00 9 85.00 18 15.00 23 15.00
210 0 8 638.1 24.5 78.2 28.8 1.34 4 1 0 6 5 5 21 50.00 3 135.00 31 1.00 24 35.00 28 10.00
211 1 24 507.6 25.2 42.9 27.4 2.40 2 0 5 6 22 85.00 41 130.00 12 75.00 18 10.00 23 10.00 0 35.00
212 0 17 564.3 37.8 6.4 43.3 3.16 5 0 3 2 4 5 5 7 4.00 0 55.00 1 70.00 14 15.00 11 35.00
213 1 12 436.5 42.5 48.9 8.0 2.96 2 4 5 5 37 125.00 38 2.00 39 45.00 9 60.00 5 35.00
214 2 34 989.7 66.7 42.6 60.7 4.12 2 4 5 6 2 135.00 22 110.00 45 75.00 46 40.00 18 15.00 14 20.00
215 1 35 661.8 74.6 33.9 24.8 5.11 3 2 4 5 6 2 215.00 34 75.00 10 120.00 16 70.00 23 15.00 18 10.00
216 2 41 476.4 16.5 70.2 16.1 2.37 5 1 0 2 6 5 7 47 115.00 16 95.00 48 135.00 17 70.00 9 95.00 18 15.00 23 15.00
217 2 20 737.0 61.6 49.0 35.5 5.32 4 2 6 4 5 6 15 200.00 20 80.00 8 75.00 18 65.00 29 25.00 18 10.00
218 2 29 763.3 49.7 46.8 40.8 7.79 3 2 4 5 6 43 215.00 44 165.00 10 95.00 14 15.00 18 15.00 36 1.00
219 3 10 512.0 23.3 50.4 27.2 2.26 3 0 2 5 5 31 1.00 3 220.00 5 80.00 27 25.00 28 10.00
220 1 22 346.1 33.7 28.3 11.4 4.53 5 1 0 2 6 5 6 49 125.00 20 75.00 8 65.00 17 45.00 9 70.00 23 10.00
221 0 8 599.6 19.0 37.1 44.2 2.49 2 0 5 5 38 1.00 6 1.00 7 2.00 23 10.00 9 40.00
222 0 18 472.8 30.6 5.9 36.8 2.97 5 0 3 2 4 5 5 7 3.00 1 55.00 1 75.00 14 15.00 11 30.00
223 1 28 403.2 15.9 60.4 11.8 2.47 5 1 0 2 6 5 6 40 160.00 20 65.00 8 80.00 17 55.00 9 75.00 23 10.00
224 0 14 476.7 28.5 37.1 26.6 3.40 3 0 2 5 5 5 205.00 4 60.00 28 20.00 25 15.00 27 20.00
225 0 18 638.7 23.9 42.9 43.7 2.61 2 0 5 5 13 2.00 6 1.00 7 2.00 23 10.00 9 35.00
226 3 1 453.0 18.6 52.0 21.9 1.96 3 0 2 5 5 31 1.00 3 185.00 5 60.00 27 25.00 25 10.00
227 0 11 450.9 28.9 5.6 35.2 2.70 5 0 3 2 4 5 5 7 3.00 0 45.00 1 75.00 14 15.00 11 25.00
228 3 12 299.4 9.3 31.8 17.9 1.03 5 1 0 2 6 5 2 51 1.00 24 35.00
229 0 23 245.6 15.8 9.2 18.3 2.44 6 1 0 2 6 4 5 5 32 165.00 0 60.00 39 40.00 23 10.00 17 30.00
230 1 19 431.3 17.0 65.9 12.0 2.40 5 1 0 2 6 5 6 40 170.00 20 90.00 8 60.00 17 45.00 9 70.00 23 10.00
231 2 23 454.6 25.4 47.4 21.2 3.85 4 1 0 6 5 7 32 215.00 19 80.00 1 70.00 10 80.00 29 20.00 25 15.00 23 10.00
232 2 35 453.1 17.1 74.3 10.9 1.98 5 1 0 2 6 5 7 47 115.00 48 100.00 48 125.00 17 60.00 9 65.00 18 15.00 23 10.00
233 0 5 470.6 24.9 35.4 28.4 3.39 3 0 2 5 5 5 180.00 4 70.00 28 20.00 25 15.00 33 20.00
234 2 30 550.5 45.8 34.0 27.4 3.77 4 2 6 4 5 6 15 155.00 20 80.00 16 65.00 17 55.00 29 20.00 18 10.00
235 0 10 292.1 14.3 13.1 22.2 2.64 6 1 0 2 6 4 5 5 32 140.00 0 70.00 8 55.00 23 15.00 17 50.00
236 1 21 476.9 22.0 47.3 23.4 2.44 2 0 5 6 22 95.00 41 145.00 12 55.00 18 10.00 23 10.00 0 50.00
237 0 12 444.5 26.5 43.7 21.0 3.97 4 0 2 4 5 5 5 215.00 30 55.00 4 40.00 27 20.00 25 25.00
238 1 17 410.8 38.7 47.6 7.3 2.60 2 4 5 5 37 115.00 38 2.00 39 40.00 9 40.00 5 25.00
239 1 19 405.3 19.7 68.7 7.0 2.37 5 1 0 2 6 5 6 40 180.00 20 85.00 8 55.00 17 50.00 9 60.00 27 10.00
240 1 12 789.8 42.6 60.3 45.7 4.38 2 4 5 6 42 120.00 38 2.00 6 1.00 39 50.00 9 55.00 23 10.00
241 2 24 569.0 49.5 29.0 30.0 4.39 4 2 6 4 5 6 15 170.00 20 65.00 8 85.00 17 50.00 29 20.00 18 10.00
242 2 43 358.6 18.2 51.4 11.3 3.12 5 1 0 2 6 5 7 47 130.00 16 80.00 1 105.00 17 60.00 9 95.00 18 15.00 23 10.00
243 1 23 346.9 12.7 49.8 11.5 1.95 5 1 0 2 6 5 6 40 125.00 20 65.00 8 55.00 17 40.00 9 60.00 23 10.00
244 1 11 850.9 52.2 60.7 48.1 4.97 2 4 5 6 42 155.00 38 2.00 6 1.00 39 55.00 9 60.00 23 10.00
245 0 13 640.5 24.0 43.3 43.7 2.67 2 0 5 5 13 2.00 6 1.00 7 2.00 23 10.00 9 45.00
246 1 15 450.7 21.8 37.0 25.0 2.04 2 0 5 6 22 75.00 41 100.00 12 65.00 18 10.00 23 10.00 0 30.00
247 2 34 698.2 37.9 54.5 36.6 6.44 3 2 4 5 6 43 150.00 44 195.00 10 120.00 14 20.00 18 15.00 36 1.00
248 3 3 352.8 19.5 25.2 20.9 1.79 3 0 2 5 5 8 1.00 3 195.00 5 90.00 27 20.00 25 10.00
249 0 16 541.0 36.1 5.8 41.6 2.91 5 0 3 2 4 5 5 7 4.00 0 60.00 1 50.00 14 15.00 11 30.00
250 0 19 641.4 24.1 43.5 43.8 2.70 2 0 5 5 13 2.00 6 1.00 7 2.00 23 10.00 9 50.00
251 2 43 377.6 15.6 59.4 10.7 2.15 5 1 0 2 6 5 7 47 90.00 16 80.00 48 105.00 17 55.00 9 95.00 18 15.00 33 15.00
252 2 35 666.6 57.9 33.8 35.2 4.98 4 2 6 4 5 6 15 200.00 20 85.00 8 80.00 17 55.00 29 20.00 18 10.00
253 1 10 546.9 12.5 43.6 39.7 3.46 5 1 0 2 6 5 6 26 115.00 35 60.00 9 85.00 6 1.00 23 15.00 36 1.00
254 2 44 518.4 18.9 78.1 16.0 2.17 5 1 0 2 6 5 7 47 145.00 44 75.00 48 130.00 17 45.00 9 70.00 18 15.00 23 15.00
255 0 25 375.0 18.6 13.0 30.0 2.99 6 1 0 2 6 4 5 5 32 200.00 0 55.00 8 50.00 23 20.00 17 45.00
256 0 13 458.5 20.1 18.8 35.9 3.27 3 0 2 5 5 5 155.00 4 90.00 28 10.00 23 15.00 33 15.00
257 2 31 459.7 15.4 67.0 16.0 2.12 5 1 0 2 6 5 7 47 105.00 16 80.00 48 150.00 17 55.00 9 70.00 18 15.00 23 15.00
258 0 6 500.3 11.8 42.2 34.5 2.03 2 0 5 5 13 2.00 6 1.00 12 2.00 23 10.00 9 35.00
259 2 23 491.9 29.3 50.4 22.6 4.51 4 1 0 6 5 7 32 240.00 19 95.00 1 95.00 10 105.00 29 20.00 25 10.00 23 10.00
260 0 16 537.1 18.9 61.7 27.1 1.56 4 1 0 6 5 5 20 65.00 3 170.00 31 1.00 24 35.00 28 10.00
261 0 10 397.4 21.4 32.7 22.6 3.20 3 0 2 5 5 5 160.00 4 80.00 28 15.00 25 15.00 33 15.00
262 0 20 335.5 19.4 12.4 25.5 3.01 6 1 0 2 6 4 5 5 32 210.00 0 60.00 8 50.00 23 15.00 17 35.00
263 1 28 376.5 14.0 55.6 11.7 2.29 5 1 0 2 6 5 6 40 135.00 20 70.00 8 80.00 17 50.00 9 65.00 23 10.00
264 1 7 663.5 16.8 55.8 45.9 3.85 5 1 0 2 6 5 6 26 175.00 35 75.00 9 75.00 6 1.00 23 20.00 36 1.00
265 2 38 937.9 81.6 38.5 49.4 4.58 2 4 5 6 2 205.00 22 100.00 45 60.00 46 25.00 18 15.00 14 15.00
266 0 9 492.2 29.7 40.6 26.6 4.51 4 0 2 4 5 5 5 225.00 30 65.00 4 55.00 27 30.00 25 15.00
267 2 24 718.4 62.1 36.7 37.9 5.42 4 2 6 4 5 6 15 215.00 20 90.00 8 95.00 17 65.00 29 20.00 18 10.00
268 2 37 852.4 51.4 58.9 45.1 8.25 3 2 4 5 6 43 215.00 44 215.00 10 125.00 14 20.00 18 15.00 36 1.00
269 1 26 573.9 51.9 30.7 27.1 3.96 3 2 4 5 6 2 145.00 34 70.00 10 95.00 16 65.00 23 20.00 18 10.00
270 0 13 637.8 23.9 42.7 43.7 2.58 2 0 5 5 13 2.00 6 1.00 7 2.00 23 10.00 9 30.00
271 1 10 616.5 14.0 48.0 45.1 3.68 5 1 0 2 6 5 6 26 135.00 35 75.00 9 80.00 6 1.00 23 20.00 36 1.00
272 0 7 485.9 28.6 41.4 26.0 4.08 4 0 2 4 5 5 5 215.00 30 50.00 4 45.00 27 30.00 25 20.00
273 1 16 578.4 43.8 48.3 24.7 3.47 2 4 5 6 42 135.00 38 2.00 30 1.00 39 55.00 9 65.00 23 10.00
274 1 24 786.5 42.4 59.7 45.6 4.25 2 4 5 6 42 120.00 38 2.00 6 1.00 39 40.00 9 45.00 23 10.00
275 0 18 640.5 24.0 43.3 43.7 2.67 2 0 5 5 13 2.00 6 1.00 7 2.00 23 10.00 9 45.00
276 2 29 1019.2 91.5 34.8 55.5 5.09 2 4 5 6 2 220.00 22 90.00 45 75.00 46 40.00 18 10.00 14 10.00
277 2 28 508.5 51.7 14.3 28.7 6.12 5 3 2 4 7 5 6 49 160.00 50 155.00 9 80.00 18 15.00 14 25.00 46 25.00
278 0 14 598.7 22.8 79.5 24.2 1.28 4 1 0 6 5 5 21 55.00 3 135.00 31 1.00 24 25.00 28 10.00
279 2 45 477.0 17.9 69.0 16.1 2.27 5 1 0 2 6 5 7 47 135.00 16 65.00 48 125.00 17 45.00 9 95.00 18 20.00 23 15.00
280 0 20 443.1 27.8 4.5 35.1 2.29 5 0 3 2 4 5 5 7 3.00 0 40.00 1 45.00 14 15.00 11 25.00
281 2 29 845.3 54.6 56.2 43.5 8.52 3 2 4 5 6 43 235.00 44 210.00 10 100.00 14 15.00 18 15.00 36 1.00
282 1 29 484.4 22.1 48.8 23.4 2.31 2 0 5 6 22 105.00 41 130.00 12 55.00 18 10.00 23 10.00 0 40.00
283 1 7 392.3 35.6 48.5 7.2 3.84 2 4 5 5 49 105.00 38 2.00 39 30.00 9 55.00 5 35.00
284 1 20 613.0 65.2 33.5 23.9 5.25 3 2 4 5 6 2 185.00 34 80.00 10 125.00 16 60.00 23 15.00 36 1.00
285 1 15 407.6 37.6 48.2 7.3 2.64 2 4 5 5 37 110.00 38 2.00 39 45.00 9 50.00 5 25.00
286 2 28 722.0 36.7 59.2 36.9 6.17 3 2 4 5 6 43 155.00 44 215.00 16 90.00 14 20.00 18 15.00 36 1.00
287 0 10 573.1 21.7 75.7 23.5 1.23 4 1 0 6 5 5 21 50.00 3 125.00 31 1.00 24 25.00 28 10.00
288 0 12 436.9 29.8 34.5 22.5 3.73 4 0 2 4 5 5 5 245.00 30 50.00 50 55.00 27 20.00 25 15.00
289 0 8 630.0 24.4 78.9 27.5 1.41 4 1 0 6 5 5 21 50.00 3 170.00 31 1.00 24 30.00 28 10.00
290 1 5 420.0 40.4 47.5 7.6 2.63 2 4 5 5 37 120.00 38 2.00 39 30.00 9 40.00 5 30.00
291 1 11 558.4 51.3 71.1 8.5 3.70 2 4 5 5 37 160.00 38 2.00 39 35.00 51 1.00 5 35.00
292 0 11 362.9 17.2 12.7 29.3 2.79 6 1 0 2 6 4 5 5 32 185.00 0 50.00 8 45.00 23 20.00 17 50.00
293 0 18 523.0 35.2 6.1 40.0 2.98 5 0 3 2 4 5 5 7 4.00 0 55.00 1 65.00 14 15.00 11 25.00
294 3 1 429.4 18.5 50.8 19.7 1.94 3 0 2 5 5 31 1.00 3 170.00 5 75.00 27 20.00 25 10.00
295 0 8 458.0 24.4 31.7 28.8 3.30 3 0 2 5 5 5 185.00 4 65.00 28 10.00 25 15.00 33 25.00
296 2 34 660.8 55.7 37.8 33.7 4.86 4 2 6 4 5 6 15 190.00 20 100.00 8 75.00 17 65.00 29 20.00 18 10.00
297 1 9 442.7 45.2 48.3 7.6 2.98 2 4 5 5 37 140.00 38 2.00 39 35.00 9 60.00 5 25.00
298 3 15 207.0 14.1 4.3 14.8 1.33 5 0 3 2 4 5 3 7 1.00 11 30.00 4 45.00
299 2 32 475.0 27.3 49.1 22.0 3.97 4 1 0 6 5 7 32 230.00 19 85.00 1 65.00 10 75.00 29 30.00 25 15.00 23 10.00
300 3 6 497.3 22.4 54.3 24.3 2.27 3 0 2 5 5 31 1.00 3 210.00 5 90.00 27 25.00 25 10.00
301 2 34 819.8 69.9 29.7 45.8 3.97 2 4 5 6 2 155.00 22 70.00 45 55.00 46 40.00 18 15.00 14 10.00
302 1 10 620.5 17.2 55.7 41.0 3.27 5 1 0 2 6 5 6 26 185.00 35 100.00 9 60.00 6 1.00 23 15.00 39 1.00
303 1 10 439.9 43.6 48.4 8.0 2.92 2 4 5 5 37 130.00 38 2.00 39 35.00 9 55.00 5 35.00
304 0 13 638.7 23.9 42.9 43.7 2.61 2 0 5 5 13 2.00 6 1.00 7 2.00 23 10.00 9 35.00
305 1 30 521.3 49.9 31.2 22.1 4.12 3 2 4 5 6 2 135.00 34 85.00 10 110.00 9 65.00 23 15.00 18 10.00
306 2 30 758.1 49.7 83.9 28.9 4.37 4 2 6 4 5 6 15 160.00 20 85.00 31 2.00 17 55.00 29 25.00 18 10.00
307 0 23 450.8 30.8 5.1 34.4 2.54 5 0 3 2 4 5 5 7 3.00 0 40.00 1 60.00 14 10.00 11 35.00
308 0 5 637.8 23.9 42.7 43.7 2.58 2 0 5 5 13 2.00 6 1.00 7 2.00 23 10.00 9 30.00
309 3 1 270.0 8.0 30.8 15.4 0.99 5 1 0 2 6 5 2 51 1.00 24 30.00
310 2 33 504.9 19.1 74.5 16.2 2.30 5 1 0 2 6 5 7 47 150.00 16 95.00 48 140.00 17 60.00 9 70.00 18 10.00 23 15.00
311 3 5 162.8 13.2 2.7 11.1 0.85 5 0 3 2 4 5 3 7 1.00 12 30.00 35 45.00
312 0 11 339.6 20.1 11.8 26.0 3.03 6 1 0 2 6 4 5 5 32 220.00 0 60.00 8 45.00 23 15.00 17 30.00
313 1 29 410.5 15.6 62.4 11.9 2.36 5 1 0 2 6 5 6 40 150.00 20 85.00 8 65.00 17 60.00 9 70.00 23 10.00
314 2 22 481.2 64.9 34.0 8.1 4.21 4 2 6 4 5 6 2 190.00 20 75.00 8 100.00 17 70.00 29 20.00 18 10.00
315 3 6 328.8 10.5 32.8 20.4 1.07 5 1 0 2 6 5 2 51 1.00 24 40.00
316 1 21 837.5 50.5 59.7 47.7 4.70 2 4 5 6 42 150.00 38 2.00 6 1.00 39 40.00 9 45.00 23 10.00
317 1 16 523.5 21.4 85.4 12.3 2.52 5 1 0 2 6 5 6 40 190.00 20 90.00 8 60.00 17 45.00 18 55.00 23 10.00
318 1 13 584.6 18.4 23.7 50.8 4.31 5 1 0 2 6 5 6 32 175.00 35 80.00 9 60.00 6 1.00 23 20.00 36 1.00
319 3 9 322.0 8.2 15.4 28.1 2.53 4 1 0 2 5 3 4 110.00 33 35.00 27 10.00
320 3 7 344.5 18.2 23.8 21.4 1.67 3 0 2 5 5 1 1.00 3 150.00 5 80.00 27 25.00 25 10.00
321 2 25 938.2 71.5 36.3 55.4 4.23 2 4 5 6 2 155.00 22 90.00 45 70.00 46 40.00 18 15.00 14 15.00
322 1 11 788.1 42.5 60.0 45.6 4.32 2 4 5 6 42 120.00 38 2.00 6 1.00 39 45.00 9 50.00 23 10.00
323 0 15 468.8 29.9 5.4 36.8 2.65 5 0 3 2 4 5 5 7 3.00 0 40.00 1 70.00 14 15.00 11 30.00
324 1 30 478.7 52.7 28.1 17.1 3.71 3 2 4 5 6 2 150.00 34 60.00 10 80.00 16 70.00 23 10.00 18 10.00
325 1 33 567.0 60.9 28.2 23.1 4.21 3 2 4 5 6 2 175.00 34 65.00 10 95.00 16 50.00 23 15.00 18 10.00
326 0 18 639.6 24.0 43.1 43.7 2.64 2 0 5 5 13 2.00 6 1.00 7 2.00 23 10.00 9 40.00
327 3 12 262.6 18.0 3.3 19.7 1.17 5 0 3 2 4 5 3 7 1.00 11 45.00 35 65.00
328 0 25 251.1 15.2 11.7 17.9 2.52 6 1 0 2 6 4 5 5 32 155.00 0 65.00 8 45.00 23 10.00 17 40.00
329 1 31 518.3 50.6 29.8 21.9 3.85 3 2 4 5 6 2 140.00 34 70.00 10 110.00 16 45.00 23 15.00 18 10.00
330 2 31 451.8 16.2 64.4 16.1 2.19 5 1 0 2 6 5 7 47 120.00 16 75.00 48 110.00 17 65.00 9 90.00 18 15.00 23 15.00
331 1 24 846.8 73.8 35.8 46.3 5.40 3 2 4 5 6 2 215.00 34 70.00 6 1.00 16 50.00 23 15.00 18 10.00
332 0 19 639.6 24.0 43.1 43.7 2.64 2 0 5 5 13 2.00 6 1.00 7 2.00 23 10.00 9 40.00
333 2 22 283.2 19.1 34.3 9.3 2.62 4 2 6 4 5 6 32 170.00 20 80.00 8 70.00 17 45.00 29 20.00 18 10.00
334 1 11 399.3 36.0 47.6 7.3 2.41 2 4 5 5 37 105.00 38 2.00 50 30.00 9 45.00 5 25.00
335 3 12 659.0 33.0 52.8 38.5 2.53 3 0 2 5 5 31 1.00 3 205.00 12 90.00 27 25.00 25 10.00
336 2 40 837.7 52.3 42.4 50.3 7.72 3 2 4 5 6 43 225.00 44 135.00 10 130.00 14 25.00 18 20.00 8 1.00
337 1 20 597.0 15.4 52.1 40.5 3.73 5 1 0 2 6 5 6 26 155.00 35 80.00 9 80.00 6 1.00 23 15.00 36 1.00
338 2 35 609.7 51.8 34.6 31.0 4.44 4 2 6 4 5 6 15 175.00 20 95.00 8 60.00 17 50.00 29 25.00 18 10.00
339 3 8 255.4 5.2 19.3 19.8 2.07 4 1 0 2 5 3 4 90.00 33 30.00 25 10.00
340 1 27 485.9 24.4 38.6 27.2 2.36 2 0 5 6 22 70.00 41 135.00 12 75.00 18 10.00 23 10.00 0 35.00
341 2 34 846.9 55.9 43.1 48.8 8.65 3 2 4 5 6 43 245.00 44 140.00 10 115.00 14 20.00 18 15.00 36 1.00
342 0 11 719.6 22.0 59.1 46.7 2.74 2 0 5 5 38 2.00 6 1.00 7 2.00 23 10.00 9 40.00
343 1 12 597.1 15.5 51.8 40.6 3.56 5 1 0 2 6 5 6 26 160.00 35 65.00 9 60.00 6 1.00 23 15.00 36 1.00
344 0 20 738.6 34.5 79.1 34.7 1.57 4 1 0 6 5 5 21 60.00 7 2.00 31 1.00 24 35.00 28 10.00
345 0 12 535.5 25.4 55.4 27.3 2.65 3 0 2 5 5 5 185.00 31 1.00 28 15.00 25 15.00 33 20.00
346 3 11 809.3 24.1 49.0 63.8 4.16 3 0 2 5 5 6 2.00 3 165.00 5 85.00 27 20.00 25 10.00
347 1 20 431.3 17.0 65.9 12.0 2.40 5 1 0 2 6 5 6 40 170.00 20 90.00 8 60.00 17 45.00 9 70.00 23 10.00
348 3 3 358.2 11.8 33.8 22.9 1.11 5 1 0 2 6 5 2 51 1.00 24 45.00
349 1 18 439.1 43.6 48.3 8.0 2.88 2 4 5 5 37 130.00 38 2.00 39 30.00 9 55.00 5 35.00
350 2 34 475.1 29.0 46.3 23.0 4.31 4 1 0 6 5 7 32 250.00 19 65.00 1 65.00 10 115.00 29 25.00 25 15.00 23 10.00
351 0 18 255.8 11.2 4.5 22.5 1.79 5 0 3 2 4 5 5 3 3.00 0 55.00 1 60.00 14 15.00 11 30.00
352 0 12 705.9 27.5 93.8 28.1 1.38 4 1 0 6 5 5 21 75.00 3 135.00 31 1.00 24 30.00 28 10.00
353 2 27 851.9 82.7 33.1 41.5 4.44 2 4 5 6 2 175.00 22 80.00 45 50.00 46 40.00 18 15.00 7 1.00
354 3 5 275.9 4.3 9.2 26.5 1.77 4 1 0 2 5 3 4 75.00 33 25.00 23 10.00
355 2 39 851.5 66.8 37.6 47.3 3.90 2 4 5 6 2 140.00 22 95.00 45 60.00 46 40.00 18 15.00 14 10.00
356 0 13 383.5 12.1 44.5 20.3 3.32 4 0 2 4 5 5 3 150.00 30 70.00 4 55.00 27 30.00 25 20.00
357 0 15 487.8 31.0 5.3 38.5 2.65 5 0 3 2 4 5 5 7 3.00 0 40.00 1 65.00 14 15.00 11 35.00
358 0 13 349.8 20.0 42.2 13.3 2.94 3 0 2 5 5 5 170.00 4 65.00 28 15.00 25 15.00 25 15.00
359 0 19 611.7 23.4 77.4 26.5 1.32 4 1 0 6 5 5 21 50.00 3 140.00 31 1.00 24 30.00 28 10.00
360 1 22 646.6 15.8 53.0 45.6 3.81 5 1 0 2 6 5 6 26 160.00 35 70.00 9 85.00 6 1.00 23 20.00 36 1.00
361 0 17 648.6 25.3 85.2 26.2 1.44 4 1 0 6 5 5 21 60.00 3 185.00 31 1.00 24 25.00 28 10.00
362 3 9 229.1 4.6 20.1 16.6 2.27 4 1 0 2 5 3 4 110.00 33 25.00 25 10.00
363 3 6 219.5 4.4 17.8 16.5 1.82 4 1 0 2 5 3 4 80.00 33 25.00 25 10.00
364 2 22 467.7 63.7 12.8 19.2 7.12 5 3 2 4 7 5 6 49 220.00 50 135.00 9 60.00 18 15.00 14 15.00 46 20.00
365 3 10 369.2 17.1 42.1 17.0 1.74 3 0 2 5 5 31 1.00 3 170.00 5 70.00 27 15.00 41 10.00
366 0 10 302.5 16.1 11.8 23.4 2.69 6 1 0 2 6 4 5 5 32 165.00 0 70.00 8 40.00 23 15.00 17 40.00
367 1 14 571.5 14.0 47.8 40.1 3.58 5 1 0 2 6 5 6 26 135.00 35 70.00 9 80.00 6 1.00 23 15.00 36 1.00
368 3 1 398.0 17.8 49.1 17.0 1.87 3 0 2 5 5 31 1.00 3 150.00 5 85.00 27 15.00 25 10.00
369 3 9 220.2 15.4 2.7 16.4 0.97 5 0 3 2 4 5 3 7 1.00 11 35.00 35 50.00
370 1 15 635.7 12.9 67.2 40.0 3.88 5 1 0 2 6 5 6 26 120.00 35 90.00 51 1.00 6 1.00 23 15.00 36 1.00
371 2 30 353.4 18.6 70.4 1.2 2.05 5 1 0 2 6 5 7 47 145.00 16 75.00 48 115.00 17 60.00 9 75.00 18 15.00 41 15.00
372 2 39 821.7 60.3 56.7 38.1 8.87 3 2 4 5 6 43 235.00 44 205.00 10 145.00 11 20.00 18 10.00 36 1.00
373 1 30 414.9 16.6 62.5 11.9 2.33 5 1 0 2 6 5 6 40 165.00 20 80.00 8 65.00 17 55.00 39 50.00 23 10.00
374 2 26 914.0 57.0 58.9 48.9 8.94 3 2 4 5 6 43 245.00 44 220.00 10 110.00 14 20.00 18 15.00 36 1.00
375 0 16 729.2 28.4 94.3 30.2 1.39 4 1 0 6 5 5 21 75.00 3 125.00 31 1.00 24 35.00 28 10.00
376 2 15 532.2 31.7 19.6 39.4 4.28 5 3 2 4 7 5 6 32 200.00 50 195.00 9 90.00 18 15.00 14 25.00 46 30.00
377 3 -1 345.8 9.7 38.8 20.0 1.36 4 1 0 2 5 3 18 80.00 33 30.00 25 10.00
378 0 10 1738.7 21.7 71.9 158.0 2.59 4 1 0 6 5 5 21 50.00 14 165.00 31 1.00 24 35.00 28 10.00
379 2 22 654.6 56.6 34.0 34.3 4.92 4 2 6 4 5 6 15 195.00 20 80.00 8 80.00 17 70.00 29 20.00 18 10.00
380 0 14 639.5 24.8 84.5 25.7 1.40 4 1 0 6 5 5 21 60.00 3 170.00 31 1.00 24 25.00 28 10.00
381 0 23 463.2 29.1 4.5 36.7 2.35 5 0 3 2 4 5 5 7 3.00 0 40.00 1 45.00 14 15.00 11 30.00
382 0 6 475.7 24.0 35.1 29.7 3.63 3 0 2 5 5 5 170.00 4 90.00 28 15.00 25 15.00 33 25.00
383 0 3 438.6 20.8 32.1 28.1 3.02 3 0 2 5 5 5 140.00 4 65.00 28 15.00 25 15.00 33 25.00
384 3 10 131.5 7.9 2.2 10.3 0.62 5 0 3 2 4 5 3 45 1.00 11 30.00 35 50.00
385 2 42 491.6 17.7 62.0 21.1 2.29 5 1 0 2 6 5 7 47 130.00 16 65.00 48 95.00 17 70.00 0 60.00 18 15.00 23 20.00
386 3 11 470.2 21.6 53.2 21.9 2.21 3 0 2 5 5 31 1.00 3 205.00 5 95.00 27 20.00 25 10.00
387 3 11 299.3 6.2 22.7 23.2 2.70 4 1 0 2 5 3 4 125.00 33 35.00 25 10.00
388 3 4 442.5 20.4 52.4 19.4 2.10 3 0 2 5 5 31 1.00 3 215.00 5 90.00 27 15.00 25 10.00
389 0 25 380.1 22.8 5.4 30.4 2.45 5 0 3 2 4 5 5 7 2.00 0 50.00 1 75.00 14 15.00 11 25.00
390 2 25 532.1 64.9 15.6 24.8 7.34 5 3 2 4 7 5 6 49 215.00 50 135.00 9 85.00 18 20.00 14 20.00 46 25.00
391 3 10 253.8 5.2 18.9 19.8 2.00 4 1 0 2 5 3 4 85.00 33 30.00 25 10.00
392 2 21 854.1 67.5 41.2 49.5 5.83 4 2 6 4 5 6 15 225.00 20 95.00 8 95.00 17 65.00 27 20.00 18 10.00
393 0 25 211.4 20.2 14.1 10.4 2.89 6 1 0 2 6 4 5 5 32 205.00 0 55.00 8 55.00 29 15.00 17 45.00
394 3 1 221.1 4.4 18.2 16.6 1.90 4 1 0 2 5 3 4 85.00 33 25.00 25 10.00
395 0 8 557.8 24.3 64.5 24.5 0.95 4 1 0 6 5 5 21 75.00 3 115.00 4 1.00 24 25.00 28 10.00
396 3 9 265.0 5.4 21.6 19.9 2.52 4 1 0 2 5 3 4 120.00 33 30.00 25 10.00
397 1 20 616.6 16.6 55.5 40.8 3.86 5 1 0 2 6 5 6 26 170.00 35 85.00 9 85.00 6 1.00 23 15.00 36 1.00
398 1 18 562.8 13.5 46.2 40.0 3.47 5 1 0 2 6 5 6 26 130.00 35 70.00 9 65.00 6 1.00 23 15.00 36 1.00
399 0 23 297.8 20.2 12.5 21.0 2.95 6 1 0 2 6 4 5 5 32 220.00 0 60.00 8 40.00 23 10.00 17 40.00
400 1 29 493.6 24.1 42.8 26.3 2.34 2 0 5 6 22 85.00 41 130.00 12 70.00 18 10.00 23 10.00 0 35.00
401 1 16 461.2 20.5 46.9 22.2 2.10 2 0 5 6 22 105.00 41 110.00 12 50.00 18 10.00 23 10.00 0 35.00
402 3 6 482.2 20.4 54.1 23.5 2.11 3 0 2 5 5 31 1.00 3 225.00 5 65.00 27 25.00 25 10.00
403 2 31 491.1 17.8 72.5 16.1 2.35 5 1 0 2 6 5 7 47 130.00 16 75.00 48 150.00 17 55.00 9 95.00 18 15.00 23 15.00
404 0 13 505.0 30.2 25.0 34.6 3.35 3 0 2 5 5 5 200.00 4 70.00 28 15.00 24 20.00 33 15.00
405 3 8 299.3 6.2 22.7 23.2 2.70 4 1 0 2 5 3 4 125.00 33 35.00 25 10.00
406 1 16 458.2 18.8 70.5 12.1 2.50 5 1 0 2 6 5 6 40 195.00 20 90.00 8 70.00 17 40.00 9 55.00 23 10.00
407 1 21 430.9 17.0 65.8 12.0 2.47 5 1 0 2 6 5 6 40 170.00 20 85.00 8 70.00 17 50.00 9 70.00 23 10.00
408 3 7 260.4 17.9 2.8 19.7 1.09 5 0 3 2 4 5 3 7 1.00 11 45.00 35 50.00
409 2 38 787.2 49.8 41.9 45.5 7.84 3 2 4 5 6 43 220.00 44 150.00 10 95.00 14 20.00 44 15.00 36 1.00
410 0 15 322.5 18.2 11.3 25.0 2.75 6 1 0 2 6 4 5 5 32 200.00 0 50.00 8 40.00 23 15.00 17 35.00
411 3 17 263.4 18.0 3.5 19.7 1.19 5 0 3 2 4 5 3 7 1.00 11 45.00 35 70.00
412 3 18 189.8 11.7 2.6 14.9 0.82 5 0 3 2 4 5 3 3 1.00 11 45.00 35 55.00
413 3 18 222.4 15.5 3.2 16.4 1.04 5 0 3 2 4 5 3 7 1.00 11 35.00 35 65.00
414 1 9 451.6 46.9 48.0 7.8 3.03 2 4 5 5 37 145.00 38 2.00 39 35.00 9 50.00 5 30.00
415 0 20 604.1 22.5 72.2 28.4 1.42 4 1 0 6 5 5 21 45.00 3 180.00 31 1.00 24 25.00 33 10.00
416 0 5 600.5 19.0 37.3 44.2 2.52 2 0 5 5 38 1.00 6 1.00 7 2.00 23 10.00 9 45.00
417 2 29 500.0 63.0 39.8 11.5 7.58 4 1 0 6 5 7 49 230.00 19 65.00 1 65.00 10 85.00 29 20.00 25 15.00 23 10.00
418 1 19 795.8 43.8 59.8 46.0 4.36 2 4 5 6 42 125.00 38 2.00 6 1.00 39 45.00 9 45.00 23 10.00
419 3 10 257.0 5.3 19.7 19.8 2.15 4 1 0 2 5 3 4 95.00 33 30.00 25 10.00
420 3 6 1090.4 61.8 44.4 76.4 3.76 3 0 2 5 5 31 1.00 11 195.00 5 85.00 27 15.00 25 10.00
421 3 6 328.8 10.5 32.8 20.4 1.07 5 1 0 2 6 5 2 51 1.00 24 40.00
422 1 9 453.1 46.3 48.8 8.1 3.10 2 4 5 5 37 140.00 38 2.00 39 40.00 9 60.00 5 35.00
423 2 25 438.8 22.7 52.0 18.6 3.97 4 1 0 6 5 7 32 155.00 19 90.00 1 100.00 10 110.00 29 20.00 25 15.00 23 10.00
424 2 33 588.5 48.7 36.2 29.3 4.35 4 2 6 4 5 6 15 165.00 20 90.00 8 75.00 17 75.00 29 15.00 18 10.00
425 0 12 720.5 22.0 59.3 46.7 2.77 2 0 5 5 38 2.00 6 1.00 7 2.00 23 10.00 9 45.00
426 2 33 909.1 52.2 56.9 50.6 7.89 3 2 4 5 6 43 230.00 44 145.00 48 120.00 14 25.00 18 15.00 36 1.00
427 3 12 441.5 20.4 50.7 20.3 2.08 3 0 2 5 5 31 1.00 3 150.00 5 100.00 27 20.00 25 10.00
428 2 37 399.5 13.3 53.8 15.8 1.87 5 1 0 2 6 5 7 47 100.00 16 60.00 48 120.00 17 50.00 9 65.00 39 15.00 23 15.00
429 3 13 257.0 5.3 19.7 19.8 2.15 4 1 0 2 5 3 4 95.00 33 30.00 25 10.00
430 2 24 542.8 57.2 17.4 28.9 6.88 5 3 2 4 7 5 6 49 180.00 50 175.00 9 100.00 18 20.00 14 25.00 46 25.00
431 2 35 551.8 48.2 27.8 29.1 4.17 4 2 6 4 5 6 15 165.00 20 65.00 8 65.00 17 65.00 29 25.00 48 10.00
432 0 13 489.1 31.1 5.5 38.5 2.67 5 0 3 2 4 5 5 7 3.00 0 60.00 1 50.00 14 15.00 11 35.00
433 2 26 833.7 50.4 57.2 44.3 7.60 3 2 4 5 6 43 210.00 44 215.00 10 135.00 14 20.00 18 15.00 4 1.00
434 3 11 1008.1 20.6 48.6 85.3 3.35 3 0 2 5 5 31 1.00 45 195.00 5 95.00 27 20.00 25 10.00
435 0 3 447.2 26.1 41.0 22.8 4.09 4 0 2 4 5 5 5 200.00 30 50.00 4 60.00 27 25.00 25 20.00
436 1 16 397.5 15.6 59.3 11.8 2.17 5 1 0 2 6 5 6 40 160.00 20 70.00 8 55.00 17 55.00 9 55.00 23 10.00
437 2 37 793.0 85.7 29.6 35.1 4.52 2 4 5 6 2 210.00 22 70.00 45 45.00 46 35.00 18 15.00 5 10.00
438 1 14 788.9 42.6 60.2 45.6 4.35 2 4 5 6 42 120.00 38 2.00 6 1.00 39 50.00 9 50.00 23 10.00
439 3 4 253.8 5.2 18.9 19.8 2.00 4 1 0 2 5 3 4 85.00 33 30.00 25 10.00
440 2 26 458.6 23.6 53.7 19.5 3.88 4 1 0 6 5 7 32 175.00 19 100.00 1 85.00 10 95.00 29 20.00 25 15.00 23 10.00
441 0 20 592.6 22.5 79.0 23.9 1.25 4 1 0 6 5 5 21 55.00 3 125.00 31 1.00 24 25.00 28 10.00
442 3 3 252.2 5.1 18.5 19.8 1.92 4 1 0 2 5 3 4 80.00 33 30.00 25 10.00
443 1 19 468.5 20.0 45.7 23.8 2.31 2 0 5 6 19 100.00 41 145.00 12 60.00 18 10.00 23 10.00 0 40.00
444 0 10 313.4 17.3 11.9 24.1 2.83 6 1 0 2 6 4 5 5 32 180.00 0 70.00 8 45.00 23 15.00 17 35.00
445 2 27 281.2 18.2 35.5 8.9 2.67 4 2 6 4 5 6 32 160.00 20 80.00 8 90.00 17 50.00 29 15.00 18 10.00
446 3 4 286.5 5.9 19.6 23.1 2.10 4 1 0 2 5 3 4 85.00 33 35.00 25 10.00
447 1 22 489.6 54.5 26.6 18.1 3.91 3 2 4 5 6 37 190.00 34 60.00 10 80.00 16 55.00 23 15.00 18 10.00
448 0 13 409.8 24.1 39.9 19.8 3.93 4 0 2 4 5 5 5 190.00 30 55.00 4 55.00 27 20.00 25 20.00
449 3 16 220.9 15.4 2.8 16.4 0.99 5 0 3 2 4 5 3 7 1.00 11 35.00 35 55.00
450 1 20 496.5 18.1 56.6 26.0 3.56 5 1 0 2 6 5 6 26 180.00 35 65.00 9 60.00 6 1.00 29 15.00 36 1.00
451 0 4 438.8 27.3 30.3 25.6 3.54 3 0 2 5 5 5 220.00 4 75.00 28 15.00 25 10.00 33 15.00
452 1 18 500.1 24.5 43.5 26.4 2.39 2 0 5 6 22 100.00 41 110.00 12 70.00 10 10.00 23 10.00 0 45.00
453 0 12 207.6 20.0 13.8 10.1 2.79 6 1 0 2 6 4 5 5 32 200.00 0 50.00 8 50.00 29 20.00 17 45.00
454 2 28 443.2 25.1 47.3 20.0 4.06 4 1 0 6 5 7 32 185.00 19 90.00 1 100.00 10 85.00 29 30.00 25 10.00 23 10.00
455 2 20 491.6 29.2 51.2 22.6 4.57 4 1 0 6 5 7 32 240.00 19 80.00 1 90.00 10 120.00 29 20.00 25 15.00 23 10.00
456 0 6 419.0 21.5 38.3 22.7 3.56 3 0 2 5 5 5 160.00 4 100.00 28 15.00 25 20.00 33 15.00
457 2 37 835.4 53.0 60.5 41.8 8.50 3 2 4 5 6 43 220.00 44 215.00 10 150.00 14 15.00 18 15.00 36 1.00
458 3 14 417.8 18.4 49.5 19.0 1.92 3 0 2 5 5 31 1.00 3 135.00 5 85.00 27 20.00 25 10.00
459 2 24 390.1 66.1 15.6 8.2 7.49 5 3 2 4 7 5 6 49 220.00 50 160.00 9 95.00 18 15.00 5 20.00 46 20.00
460 0 7 410.9 21.7 45.6 18.6 4.14 4 0 2 4 5 5 5 165.00 30 70.00 4 60.00 27 20.00 25 25.00
461 1 28 543.2 52.5 33.4 22.3 4.04 3 2 4 5 6 2 145.00 34 75.00 10 105.00 16 75.00 23 15.00 18 10.00
462 0 18 339.2 19.7 12.5 25.8 3.06 6 1 0 2 6 4 5 5 32 215.00 0 55.00 8 60.00 23 15.00 17 30.00
463 0 8 597.8 31.9 28.0 43.5 4.08 3 0 2 5 5 5 220.00 4 80.00 28 20.00 33 15.00 33 25.00
464 3 15 153.1 9.2 2.6 12.0 0.73 5 0 3 2 4 5 3 45 1.00 11 35.00 35 60.00
465 0 16 340.7 13.8 12.3 27.8 2.51 6 1 0 2 6 4 5 5 32 155.00 8 65.00 8 45.00 23 20.00 17 30.00
466 3 7 270.0 8.0 30.8 15.4 0.99 5 1 0 2 6 5 2 51 1.00 24 30.00
467 0 12 465.0 27.1 31.4 28.4 3.72 3 0 2 5 5 5 210.00 4 85.00 28 15.00 25 10.00 33 20.00
468 0 9 510.5 17.4 62.3 24.1 1.42 4 1 0 6 5 5 19 60.00 3 165.00 31 1.00 24 30.00 28 10.00
469 1 9 586.6 12.6 42.6 44.7 2.99 5 1 0 2 6 5 6 26 120.00 35 65.00 9 85.00 6 1.00 23 20.00 48 1.00
470 1 20 806.4 65.0 38.7 45.3 5.49 3 2 4 5 6 2 180.00 34 70.00 10 95.00 16 50.00 23 15.00 6 1.00
471 0 12 415.9 26.6 31.6 23.0 3.42 4 0 2 4 5 5 5 205.00 35 50.00 4 60.00 27 25.00 25 15.00
472 0 13 330.9 18.2 13.8 24.8 2.92 6 1 0 2 6 4 5 5 32 195.00 0 50.00 8 60.00 23 15.00 17 50.00
473 2 32 503.0 19.2 74.0 16.1 2.22 5 1 0 2 6 5 7 47 150.00 16 70.00 48 145.00 17 55.00 9 65.00 18 15.00 23 15.00
474 0 9 385.2 21.5 38.9 18.5 3.67 4 0 2 4 5 5 5 165.00 30 60.00 4 45.00 27 20.00 25 20.00
475 3 2 433.6 19.7 50.3 19.9 2.02 3 0 2 5 5 31 1.00 3 145.00 5 95.00 27 20.00 25 10.00
476 0 12 484.4 30.5 4.8 38.4 2.47 5 0 3 2 4 5 5 7 3.00 0 40.00 1 50.00 14 15.00 11 35.00
477 0 16 636.4 24.6 84.3 25.5 1.38 4 1 0 6 5 5 21 60.00 3 165.00 31 1.00 24 25.00 28 10.00
478 1 22 453.9 21.1 42.8 23.2 2.27 2 0 5 6 22 85.00 41 130.00 12 55.00 18 10.00 23 10.00 0 45.00
479 2 32 804.0 48.8 52.5 43.7 7.83 3 2 4 5 6 43 205.00 44 185.00 10 120.00 14 20.00 18 15.00 36 1.00
480 0 16 719.6 22.0 59.1 46.7 2.74 2 0 5 5 38 2.00 6 1.00 7 2.00 23 10.00 9 40.00
481 0 14 365.1 16.9 14.7 28.9 2.71 6 1 0 2 6 4 5 5 32 175.00 10 70.00 8 50.00 23 20.00 17 40.00
482 0 7 699.5 27.2 88.4 30.0 1.41 4 1 0 6 5 5 21 65.00 3 140.00 31 1.00 24 35.00 28 10.00
483 2 34 450.9 17.3 63.0 16.1 2.66 5 1 0 2 6 5 7 47 140.00 4 60.00 48 110.00 17 45.00 9 65.00 18 15.00 23 15.00
484 2 20 702.2 87.6 14.7 31.6 5.74 5 3 2 4 7 5 6 2 245.00 50 175.00 9 90.00 18 15.00 14 20.00 46 20.00
485 2 24 502.0 52.1 18.0 26.2 6.33 5 3 2 4 7 5 6 49 150.00 50 210.00 9 85.00 18 20.00 14 20.00 46 30.00
486 1 8 667.0 17.0 56.2 46.0 3.79 5 1 0 2 6 5 6 26 180.00 35 70.00 9 65.00 6 1.00 23 20.00 36 1.00
487 1 19 550.6 13.1 44.1 39.8 3.04 5 1 0 2 6 5 6 26 125.00 35 90.00 9 80.00 6 1.00 23 15.00 39 1.00
488 0 10 427.4 25.9 30.5 24.9 3.58 3 0 2 5 5 5 205.00 4 85.00 28 15.00 25 10.00 33 15.00
489 0 11 378.9 25.4 5.8 28.6 2.37 5 0 3 2 4 5 5 7 3.00 0 50.00 1 45.00 14 15.00 5 35.00
490 1 18 555.1 14.0 44.4 39.9 3.70 5 1 0 2 6 5 6 26 120.00 35 85.00 0 60.00 6 1.00 23 15.00 36 1.00
491 1 18 370.7 17.8 62.1 6.8 2.24 5 1 0 2 6 5 6 40 160.00 20 75.00 8 65.00 17 45.00 9 50.00 27 10.00
492 2 17 540.5 65.1 13.5 26.4 7.54 5 3 2 4 7 5 6 49 230.00 50 135.00 9 90.00 18 15.00 14 25.00 7 1.00
493 1 17 667.8 17.0 56.7 45.9 3.99 5 1 0 2 6 5 6 26 175.00 35 85.00 9 90.00 6 1.00 23 20.00 36 1.00
494 2 32 903.0 69.3 31.6 54.6 4.07 2 4 5 6 2 145.00 22 80.00 45 65.00 46 45.00 18 10.00 14 15.00
495 1 29 585.2 66.9 35.5 19.1 4.69 3 2 4 5 6 2 190.00 34 85.00 10 105.00 16 75.00 23 10.00 18 10.00
496 2 22 438.9 27.1 40.4 22.0 3.96 4 1 0 6 5 7 32 230.00 19 65.00 1 65.00 10 90.00 29 30.00 25 10.00 23 10.00
497 0 9 640.5 24.0 43.3 43.7 2.67 2 0 5 5 13 2.00 6 1.00 7 2.00 23 10.00 9 45.00
498 0 19 650.6 25.1 84.1 27.2 1.35 4 1 0 6 5 5 21 60.00 3 140.00 31 1.00 24 30.00 28 10.00
499 1 11 884.9 57.6 60.7 49.5 5.27 2 4 5 6 42 175.00 38 2.00 6 1.00 39 55.00 9 60.00 23 10.00
500 3 12 360.1 18.5 49.7 11.7 1.96 3 0 2 5 5 31 1.00 3 205.00 5 90.00 29 20.00 25 10.00
501 0 19 640.5 24.0 43.3 43.7 2.67 2 0 5 5 13 2.00 6 1.00 7 2.00 23 10.00 9 45.00
502 0 7 599.5 22.8 76.5 25.8 1.26 4 1 0 6 5 5 21 50.00 3 120.00 31 1.00 24 30.00 28 10.00
503 1 21 503.1 23.6 47.0 25.4 2.23 2 0 5 6 22 110.00 41 120.00 12 65.00 17 10.00 23 10.00 0 30.00
504 1 16 427.1 20.0 37.6 23.0 2.14 2 0 5 6 22 70.00 41 125.00 12 55.00 18 10.00 23 10.00 0 40.00
505 1 29 613.6 75.2 31.5 19.9 4.88 3 2 4 5 6 2 220.00 34 75.00 10 90.00 16 65.00 23 10.00 18 10.00
506 2 31 839.0 83.1 37.9 38.0 4.44 2 4 5 6 2 180.00 22 100.00 5 55.00 46 40.00 18 10.00 14 20.00
507 1 10 843.2 50.9 60.8 47.8 4.93 2 4 5 6 42 150.00 38 2.00 6 1.00 39 60.00 9 60.00 23 10.00
508 2 30 473.5 28.5 47.4 22.5 4.43 4 1 0 6 5 7 32 240.00 19 70.00 1 90.00 10 105.00 29 20.00 25 15.00 23 10.00
509 0 18 563.2 37.7 6.2 43.3 3.09 5 0 3 2 4 5 5 7 4.00 0 60.00 1 60.00 14 15.00 11 35.00
510 2 28 507.4 50.8 19.1 26.1 6.45 5 3 2 4 7 5 6 49 150.00 8 175.00 9 95.00 18 10.00 14 20.00 46 30.00
511 2 20 431.8 23.5 48.7 19.0 3.89 4 1 0 6 5 7 32 165.00 19 75.00 1 75.00 10 125.00 29 30.00 25 15.00 23 10.00
512 1 28 432.3 16.5 66.4 12.1 2.46 5 1 0 2 6 5 6 40 160.00 20 95.00 8 75.00 17 55.00 9 60.00 23 10.00
513 2 24 486.9 56.5 16.1 23.4 6.96 5 3 2 4 7 5 6 49 185.00 50 220.00 9 80.00 18 15.00 14 20.00 46 20.00
514 3 2 261.8 5.4 20.8 19.9 2.37 4 1 0 2 5 3 4 110.00 33 30.00 25 10.00
515 0 8 637.8 23.9 42.7 43.7 2.58 2 0 5 5 13 2.00 6 1.00 7 2.00 23 10.00 9 30.00
516 3 9 262.6 18.0 3.3 19.7 1.17 5 0 3 2 4 5 3 7 1.00 11 45.00 35 65.00
517 1 20 538.2 14.6 49.6 35.3 3.52 5 1 0 2 6 5 6 26 145.00 35 75.00 9 70.00 6 1.00 23 10.00 36 1.00
518 3 12 244.1 16.8 3.6 18.1 1.16 5 0 3 2 4 5 3 7 1.00 11 40.00 35 75.00
519 1 18 413.4 38.9 48.2 7.4 2.70 2 4 5 5 37 115.00 38 2.00 39 45.00 9 50.00 5 25.00
520 0 7 385.6 21.8 34.6 20.5 3.18 4 0 2 4 5 5 5 155.00 35 70.00 4 60.00 27 25.00 25 20.00
521 2 25 431.7 24.1 47.2 19.3 4.03 4 1 0 6 5 7 32 170.00 19 85.00 1 95.00 10 115.00 29 25.00 25 10.00 23 10.00
522 2 33 812.4 46.9 48.8 47.0 7.54 3 2 4 5 6 43 200.00 44 175.00 10 95.00 14 25.00 18 15.00 36 1.00
523 2 22 471.1 28.2 46.3 22.7 4.15 4 1 0 6 5 7 32 245.00 19 70.00 1 65.00 10 95.00 29 25.00 25 15.00 23 10.00
524 3 9 328.8 10.5 32.8 20.4 1.07 5 1 0 2 6 5 2 51 1.00 24 40.00
525 0 12 476.1 25.6 37.9 27.6 3.49 3 0 2 5 5 5 195.00 4 70.00 28 15.00 25 20.00 33 20.00
526 1 8 402.4 35.9 47.8 7.7 2.46 2 4 5 5 37 100.00 38 2.00 39 35.00 9 40.00 5 35.00
527 2 31 832.3 63.1 29.2 50.6 3.71 2 4 5 6 2 145.00 22 75.00 45 55.00 46 30.00 18 10.00 14 20.00
528 2 35 770.5 46.0 39.1 46.9 7.33 3 2 4 5 6 43 200.00 44 135.00 10 95.00 14 25.00 18 10.00 36 1.00
529 3 6 220.8 15.5 2.6 16.4 0.99 5 0 3 2 4 5 3 7 1.00 11 35.00 9 45.00
530 1 19 449.8 19.7 41.6 23.7 2.29 2 0 5 6 19 90.00 41 125.00 12 60.00 18 10.00 23 10.00 0 50.00
531 1 22 500.4 52.3 23.7 21.9 4.11 3 2 4 5 6 2 145.00 34 60.00 10 90.00 1 50.00 23 15.00 18 10.00
532 1 22 770.2 54.1 44.5 45.1 4.83 2 4 5 6 42 155.00 13 2.00 6 1.00 39 50.00 9 60.00 23 10.00
533 0 19 669.2 26.0 90.4 25.9 1.38 4 1 0 6 5 5 21 70.00 3 155.00 31 1.00 24 25.00 28 10.00
534 2 22 683.3 58.3 37.3 35.3 5.09 4 2 6 4 5 6 15 200.00 20 95.00 8 85.00 17 65.00 29 20.00 18 10.00
535 2 36 1032.2 89.0 41.9 55.0 4.97 2 4 5 6 2 215.00 22 110.00 45 55.00 46 35.00 18 15.00 14 20.00
536 2 29 694.4 40.0 57.2 33.8 6.67 3 2 4 5 6 43 160.00 44 210.00 10 115.00 14 15.00 18 15.00 36 1.00
537 1 24 429.3 21.1 31.3 25.8 2.58 2 0 5 6 34 70.00 41 130.00 12 65.00 18 10.00 23 10.00 0 35.00
538 3 2 409.3 17.2 49.4 18.6 1.83 3 0 2 5 5 31 1.00 3 145.00 5 70.00 27 20.00 25 10.00
539 3 8 328.8 10.5 32.8 20.4 1.07 5 1 0 2 6 5 2 51 1.00 24 40.00
540 1 32 466.4 49.7 28.5 16.8 3.56 3 2 4 5 6 2 140.00 34 70.00 10 75.00 16 55.00 23 10.00 18 10.00
541 1 8 263.8 9.6 31.1 12.7 2.17 5 1 0 2 6 5 6 26 115.00 35 60.00 9 90.00 9 1.00 23 10.00 36 1.00
542 1 30 627.6 30.8 62.1 30.3 2.16 2 0 5 6 21 70.00 41 120.00 12 70.00 18 10.00 23 10.00 0 35.00
543 3 3 675.9 15.3 52.8 48.2 2.24 3 0 2 5 5 31 1.00 3 200.00 45 80.00 27 25.00 25 10.00
544 0 15 412.4 24.2 4.4 33.6 2.17 5 0 3 2 4 5 5 7 2.00 0 40.00 1 50.00 14 15.00 11 35.00
545 0 6 637.8 23.9 42.7 43.7 2.58 2 0 5 5 13 2.00 6 1.00 7 2.00 23 10.00 9 30.00
546 1 17 403.3 35.9 48.0 7.7 2.50 2 4 5 5 37 100.00 38 2.00 39 35.00 9 45.00 5 35.00
547 1 18 414.8 38.5 48.0 7.8 2.62 2 4 5 5 37 110.00 38 2.00 39 40.00 9 40.00 5 35.00
548 3 18 240.3 16.7 2.7 18.1 1.03 5 0 3 2 4 5 3 7 1.00 11 40.00 35 50.00
549 1 12 462.3 48.7 48.3 8.1 3.12 2 4 5 5 37 150.00 38 2.00 39 30.00 9 55.00 5 35.00
550 3 0 229.1 4.6 20.1 16.6 2.27 4 1 0 2 5 3 4 110.00 33 25.00 25 10.00
551 1 30 610.1 67.4 30.2 23.9 4.57 3 2 4 5 6 2 195.00 34 70.00 10 95.00 16 60.00 23 15.00 18 10.00
552 1 21 392.0 15.3 58.3 11.7 2.23 5 1 0 2 6 5 6 40 155.00 20 65.00 8 70.00 17 60.00 9 50.00 23 10.00
553 2 28 730.7 38.9 51.1 41.3 6.61 3 2 4 5 6 43 155.00 44 175.00 10 130.00 14 25.00 18 15.00 36 1.00
554 0 8 595.3 22.7 74.4 26.3 1.32 4 1 0 6 5 5 21 45.00 3 145.00 31 1.00 24 30.00 28 10.00
555 2 29 502.1 22.4 66.5 19.8 3.47 4 1 0 6 5 7 32 185.00 19 70.00 1 75.00 31 1.00 29 25.00 25 15.00 23 10.00
556 1 23 409.6 45.0 28.8 12.9 3.54 3 2 4 5 6 37 150.00 34 60.00 10 105.00 16 60.00 23 10.00 18 10.00
557 0 12 440.0 26.0 43.6 20.8 3.99 4 0 2 4 5 5 5 210.00 30 50.00 4 50.00 27 20.00 25 25.00
558 2 25 794.2 39.5 72.2 37.5 6.31 3 2 4 5 6 43 160.00 44 200.00 48 145.00 14 20.00 18 15.00 36 1.00
559 0 10 530.0 23.3 57.0 25.2 1.04 4 1 0 6 5 5 21 60.00 3 165.00 10 1.00 24 25.00 28 10.00
560 0 5 494.2 25.0 27.8 34.0 3.42 3 0 2 5 5 5 215.00 4 65.00 23 10.00 25 15.00 33 20.00
561 3 14 265.0 5.4 21.6 19.9 2.52 4 1 0 2 5 3 4 120.00 33 30.00 25 10.00
562 1 10 627.0 13.3 51.6 44.9 3.64 5 1 0 2 6 5 6 26 120.00 16 95.00 9 85.00 6 1.00 23 20.00 36 1.00
563 1 15 441.1 17.7 67.6 12.0 2.52 5 1 0 2 6 5 6 40 180.00 20 80.00 8 80.00 17 60.00 9 55.00 23 10.00
564 1 10 840.0 57.1 63.4 43.8 5.24 2 4 5 6 42 165.00 38 2.00 6 1.00 39 60.00 9 70.00 27 10.00
565 0 23 333.5 19.5 12.0 25.5 2.98 6 1 0 2 6 4 5 5 32 210.00 0 65.00 8 40.00 23 15.00 17 35.00
566 1 24 879.1 56.3 61.3 49.2 5.29 2 4 5 6 42 170.00 38 2.00 6 1.00 39 55.00 9 75.00 23 10.00
567 2 25 548.3 31.5 51.0 26.4 3.36 5 3 2 4 7 5 6 47 175.00 50 195.00 9 95.00 18 15.00 14 20.00 46 30.00
568 3 15 485.7 22.3 53.0 23.6 2.25 3 0 2 5 5 31 1.00 3 175.00 5 100.00 27 25.00 25 10.00
569 3 4 225.9 4.5 19.4 16.6 2.12 4 1 0 2 5 3 4 100.00 33 25.00 25 10.00
570 1 28 392.1 15.9 58.1 11.9 2.23 5 1 0 2 6 5 6 40 145.00 20 90.00 0 55.00 17 40.00 9 55.00 23 10.00
571 1 14 887.5 57.7 61.2 49.6 5.37 2 4 5 6 42 175.00 38 2.00 6 1.00 39 60.00 9 70.00 23 10.00
572 0 12 579.8 23.9 51.0 33.7 2.55 2 0 5 5 13 2.00 6 1.00 7 2.00 25 10.00 9 30.00
573 3 8 257.0 5.3 19.7 19.8 2.15 4 1 0 2 5 3 4 95.00 33 30.00 25 10.00
574 3 8 480.8 21.8 52.8 23.4 2.21 3 0 2 5 5 31 1.00 3 175.00 5 95.00 27 25.00 25 10.00
575 0 22 316.2 17.3 12.1 24.3 2.71 6 1 0 2 6 4 5 5 32 185.00 0 55.00 8 40.00 23 15.00 17 45.00
576 2 33 530.0 43.6 34.2 25.8 4.00 4 2 6 4 5 6 15 145.00 20 80.00 8 75.00 17 75.00 29 20.00 18 10.00
577 2 24 547.0 44.0 40.8 24.2 4.01 4 2 6 4 5 6 15 135.00 22 80.00 8 100.00 17 60.00 29 25.00 18 10.00
578 3 14 471.3 19.5 53.5 22.9 2.04 3 0 2 5 5 31 1.00 3 215.00 5 60.00 27 25.00 25 10.00
579 2 30 515.0 69.7 15.4 20.8 7.74 5 3 2 4 7 5 6 49 235.00 50 145.00 9 70.00 18 20.00 14 15.00 46 25.00
580 1 30 449.0 21.3 39.2 24.1 2.21 2 0 5 6 22 75.00 41 125.00 12 60.00 18 10.00 23 10.00 0 40.00
581 0 25 341.4 20.0 13.0 25.7 3.05 6 1 0 2 6 4 5 5 32 215.00 0 65.00 8 40.00 23 15.00 17 45.00
582 3 0 323.9 16.3 22.8 20.3 1.52 3 0 2 5 5 4 1.00 3 140.00 5 65.00 27 25.00 25 10.00
583 2 23 454.2 57.6 15.7 19.4 6.97 5 3 2 4 7 5 6 49 190.00 50 220.00 9 70.00 18 15.00 14 15.00 46 20.00
584 3 6 1071.0 59.8 43.7 75.4 3.60 3 0 2 5 5 31 1.00 11 195.00 5 65.00 27 15.00 25 10.00
585 2 30 549.2 16.3 90.3 16.3 2.42 5 1 0 2 6 5 7 47 105.00 16 85.00 48 150.00 31 1.00 9 85.00 18 15.00 23 15.00
586 1 26 370.8 13.6 54.5 11.7 2.21 5 1 0 2 6 5 6 40 130.00 20 75.00 8 75.00 17 40.00 9 65.00 23 10.00
587 0 16 294.0 19.8 12.4 20.7 2.91 6 1 0 2 6 4 5 5 32 215.00 0 60.00 8 40.00 23 10.00 17 40.00
588 1 14 841.1 50.6 60.4 47.8 4.82 2 4 5 6 42 150.00 38 2.00 6 1.00 39 40.00 9 65.00 23 10.00
589 1 20 454.1 47.1 48.6 7.9 3.12 2 4 5 5 37 145.00 38 2.00 39 40.00 9 60.00 5 30.00
590 3 11 452.6 20.0 52.4 20.9 2.07 3 0 2 5 5 31 1.00 3 200.00 5 80.00 27 20.00 25 10.00
591 3 3 240.6 6.8 29.8 12.9 0.95 5 1 0 2 6 5 2 51 1.00 24 25.00
592 1 14 603.9 15.8 53.3 40.6 3.79 5 1 0 2 6 5 6 26 160.00 35 80.00 9 85.00 6 1.00 23 15.00 36 1.00
593 0 19 531.1 18.0 63.5 25.7 1.41 4 1 0 6 5 5 19 65.00 3 140.00 31 1.00 24 35.00 28 10.00
594 1 16 857.2 53.3 60.2 48.4 4.94 2 4 5 6 42 160.00 38 2.00 6 1.00 39 40.00 9 60.00 23 10.00
595 1 22 590.0 62.7 31.1 23.4 4.35 3 2 4 5 6 2 180.00 34 75.00 10 85.00 16 65.00 23 15.00 18 10.00
596 3 2 328.8 10.5 32.8 20.4 1.07 5 1 0 2 6 5 2 51 1.00 24 40.00
597 0 25 491.1 31.4 5.8 38.5 2.81 5 0 3 2 4 5 5 7 3.00 0 50.00 1 70.00 14 15.00 11 35.00
598 1 22 578.8 64.2 26.8 23.5 4.51 3 2 4 5 6 2 185.00 34 70.00 10 95.00 35 65.00 23 15.00 18 10.00
599 3 13 299.4 9.3 31.8 17.9 1.03 5 1 0 2 6 5 2 51 1.00 24 35.00
600 1 9 644.7 15.7 52.6 45.6 3.74 5 1 0 2 6 5 6 26 160.00 35 75.00 9 70.00 6 1.00 23 20.00 36 1.00
601 0 1 451.8 21.0 39.2 26.4 3.35 3 0 2 5 5 5 140.00 4 85.00 28 20.00 25 20.00 33 20.00
602 2 24 405.2 30.8 49.7 12.8 4.59 4 1 0 6 5 7 32 240.00 19 85.00 1 95.00 10 125.00 29 25.00 25 10.00 29 10.00
603 1 21 595.6 72.5 31.5 19.4 4.84 3 2 4 5 6 2 210.00 34 65.00 10 115.00 16 70.00 23 10.00 18 10.00
604 1 11 1047.7 58.2 60.2 68.7 5.87 2 4 5 6 15 185.00 38 2.00 6 1.00 39 40.00 9 60.00 23 10.00
605 2 36 409.6 18.4 72.2 7.2 2.30 5 1 0 2 6 5 7 47 105.00 16 75.00 48 120.00 17 70.00 9 95.00 18 15.00 28 20.00
606 2 33 489.2 28.5 51.5 22.3 4.44 4 1 0 6 5 7 32 235.00 19 85.00 1 90.00 10 105.00 29 20.00 25 15.00 23 10.00
607 2 27 555.2 59.4 42.5 16.8 4.83 4 1 0 6 5 7 2 160.00 19 65.00 1 85.00 10 120.00 29 25.00 25 15.00 23 10.00
608 2 21 519.4 61.6 34.2 15.6 4.49 4 2 6 4 5 6 42 205.00 20 90.00 8 80.00 17 45.00 29 25.00 18 10.00
609 0 25 276.1 14.0 8.4 22.6 2.41 6 1 0 2 6 4 5 5 32 150.00 0 45.00 8 45.00 23 15.00 35 35.00
610 3 10 264.1 6.1 13.3 23.1 2.35 4 1 0 2 5 3 4 110.00 33 25.00 33 10.00
611 1 10 602.4 16.1 53.0 40.6 3.36 5 1 0 2 6 5 6 26 165.00 35 100.00 9 90.00 6 1.00 23 15.00 30 1.00
612 0 9 411.2 30.3 27.4 22.4 4.40 4 0 2 4 5 5 5 240.00 30 65.00 4 55.00 27 20.00 29 15.00
613 2 20 428.5 21.8 49.5 18.6 3.65 4 1 0 6 5 7 32 160.00 19 90.00 1 90.00 10 75.00 29 20.00 25 15.00 23 10.00
614 2 44 425.8 14.8 59.5 16.0 2.21 5 1 0 2 6 5 7 47 105.00 16 85.00 48 110.00 35 75.00 9 60.00 18 20.00 23 15.00
615 0 11 386.0 22.0 38.0 18.8 3.61 4 0 2 4 5 5 5 170.00 30 50.00 4 50.00 27 20.00 25 20.00
616 0 23 286.1 13.1 4.4 25.1 1.90 5 0 3 2 4 5 5 11 3.00 0 45.00 1 70.00 14 15.00 11 35.00
617 2 34 664.0 57.7 33.2 35.2 4.83 4 2 6 4 5 6 15 200.00 20 90.00 8 60.00 17 50.00 29 20.00 18 10.00
618 2 28 329.1 22.1 40.0 10.9 2.99 4 2 6 4 5 6 32 200.00 20 90.00 8 70.00 17 75.00 29 20.00 18 10.00
619 0 5 500.3 11.8 42.2 34.5 2.03 2 0 5 5 13 2.00 6 1.00 12 2.00 23 10.00 9 35.00
620 0 19 618.1 23.7 82.8 24.5 1.29 4 1 0 6 5 5 21 60.00 3 135.00 31 1.00 24 25.00 28 10.00
621 0 10 508.9 30.3 30.5 32.8 4.34 4 0 2 4 5 5 5 200.00 30 70.00 4 45.00 27 20.00 27 25.00
622 0 9 638.7 23.9 42.9 43.7 2.61 2 0 5 5 13 2.00 6 1.00 7 2.00 23 10.00 9 35.00
623 3 1 399.6 16.2 49.0 18.1 1.75 3 0 2 5 5 31 1.00 3 145.00 5 60.00 27 20.00 25 10.00
624 2 21 487.3 25.0 60.3 19.6 4.33 4 1 0 6 5 7 32 175.00 19 100.00 1 100.00 10 125.00 29 20.00 25 20.00 23 10.00
625 3 13 562.4 27.7 48.4 31.8 2.13 3 0 2 5 5 31 1.00 3 140.00 12 80.00 27 20.00 25 10.00
626 0 16 638.7 23.9 42.9 43.7 2.61 2 0 5 5 13 2.00 6 1.00 7 2.00 23 10.00 9 35.00
627 2 41 439.4 16.1 61.4 16.0 2.15 5 1 0 2 6 5 7 47 125.00 16 65.00 48 95.00 17 75.00 9 95.00 18 10.00 23 15.00
628 1 23 685.0 72.5 32.8 28.7 4.53 3 2 4 5 6 2 210.00 22 55.00 10 110.00 16 55.00 23 20.00 18 10.00
629 2 22 617.7 53.3 45.8 25.8 5.84 5 3 2 4 7 5 6 49 155.00 44 180.00 9 80.00 18 15.00 14 20.00 46 30.00
630 1 21 833.4 49.4 60.6 47.4 4.78 2 4 5 6 42 145.00 38 2.00 6 1.00 39 45.00 9 65.00 23 10.00
631 2 27 415.5 22.1 46.1 18.7 3.63 4 1 0 6 5 7 32 160.00 19 75.00 1 80.00 10 85.00 29 30.00 25 15.00 23 10.00
632 2 24 616.4 54.6 28.6 33.3 4.65 4 2 6 4 5 6 15 190.00 20 65.00 8 70.00 17 55.00 29 20.00 18 10.00
633 3 12 328.8 10.5 32.8 20.4 1.07 5 1 0 2 6 5 2 51 1.00 24 40.00
634 0 23 313.2 12.5 4.1 28.5 1.81 5 0 3 2 4 5 5 12 2.00 0 45.00 1 60.00 14 20.00 11 35.00
635 0 14 466.5 29.6 5.0 36.8 2.53 5 0 3 2 4 5 5 7 3.00 0 40.00 1 60.00 14 15.00 11 30.00
636 2 26 851.7 48.7 55.5 47.7 7.80 3 2 4 5 6 43 205.00 44 200.00 10 95.00 14 25.00 18 20.00 36 1.00
637 0 20 640.5 24.0 43.3 43.7 2.67 2 0 5 5 13 2.00 6 1.00 7 2.00 23 10.00 9 45.00
638 0 21 337.5 15.0 11.8 27.7 2.77 6 1 0 2 6 4 5 5 32 150.00 0 70.00 8 60.00 23 20.00 17 30.00
639 3 7 225.9 4.5 19.4 16.6 2.12 4 1 0 2 5 3 4 100.00 33 25.00 25 10.00
640 0 18 660.6 25.5 81.8 29.3 1.37 4 1 0 6 5 5 21 55.00 3 140.00 31 1.00 24 35.00 28 10.00
641 1 28 415.1 15.7 63.0 12.0 2.51 5 1 0 2 6 5 6 40 150.00 20 90.00 8 85.00 17 40.00 9 75.00 23 10.00
642 2 20 468.0 62.0 14.6 19.4 7.24 5 3 2 4 7 5 6 49 210.00 50 190.00 9 65.00 18 15.00 14 15.00 46 20.00
643 1 20 473.6 19.4 73.7 12.2 2.65 5 1 0 2 6 5 6 40 200.00 20 90.00 8 85.00 17 55.00 9 50.00 23 10.00
644 0 10 523.0 35.2 6.1 40.0 2.97 5 0 3 2 4 5 5 7 4.00 0 60.00 1 60.00 14 15.00 11 25.00
645 1 13 814.4 46.6 60.2 46.7 4.58 2 4 5 6 42 135.00 38 2.00 6 1.00 39 50.00 9 50.00 23 10.00
646 2 32 872.6 73.8 29.2 50.1 4.17 2 4 5 6 2 180.00 22 70.00 45 50.00 46 30.00 18 15.00 14 20.00
647 0 18 497.7 11.5 42.6 34.2 2.08 2 0 5 5 13 2.00 6 1.00 3 2.00 23 10.00 9 45.00
648 0 9 491.9 16.6 60.1 23.5 1.44 4 1 0 6 5 5 20 70.00 3 135.00 31 1.00 24 30.00 28 10.00
649 3 13 270.0 8.0 30.8 15.4 0.99 5 1 0 2 6 5 2 51 1.00 24 30.00
650 0 16 341.1 19.7 13.7 25.5 3.06 6 1 0 2 6 4 5 5 32 210.00 0 65.00 8 45.00 23 15.00 17 50.00
651 0 17 351.8 28.8 5.3 24.2 2.36 5 0 3 2 4 5 5 7 2.00 0 50.00 1 50.00 46 15.00 11 30.00
652 3 18 192.4 11.8 2.4 15.2 0.80 5 0 3 2 4 5 3 11 1.00 11 45.00 35 50.00
653 2 43 523.1 17.5 69.9 21.1 2.28 5 1 0 2 6 5 7 47 130.00 16 85.00 48 125.00 17 55.00 9 70.00 18 20.00 23 20.00
654 2 29 883.9 72.6 34.4 49.6 4.13 2 4 5 6 2 155.00 22 85.00 45 50.00 46 45.00 18 15.00 14 15.00
655 2 40 527.1 18.1 70.1 21.1 2.26 5 1 0 2 6 5 7 47 140.00 16 85.00 48 130.00 17 45.00 9 70.00 18 15.00 23 20.00
656 1 14 267.2 39.1 18.2 3.9 2.47 2 4 5 5 37 120.00 13 1.00 39 40.00 9 45.00 5 35.00
657 2 29 956.3 71.8 39.0 56.0 4.21 2 4 5 6 2 155.00 22 105.00 45 60.00 46 40.00 18 10.00 14 20.00
658 3 2 433.4 19.9 51.7 18.9 2.06 3 0 2 5 5 31 1.00 3 200.00 5 90.00 27 15.00 25 10.00
659 3 10 220.2 15.8 2.3 16.4 1.07 5 0 3 2 4 5 3 7 1.00 11 35.00 39 50.00
660 1 18 374.7 13.9 55.3 11.7 2.10 5 1 0 2 6 5 6 40 135.00 20 75.00 8 65.00 17 50.00 9 50.00 23 10.00
661 2 27 437.6 59.1 12.1 18.3 7.14 5 3 2 4 7 5 6 49 230.00 50 140.00 9 70.00 18 10.00 14 20.00 3 25.00
662 3 16 192.6 11.7 2.6 15.3 0.82 5 0 3 2 4 5 3 45 1.00 11 45.00 35 55.00
663 0 19 436.3 30.3 5.9 32.8 2.76 5 0 3 2 4 5 5 7 3.00 0 50.00 1 75.00 14 10.00 11 30.00
664 1 24 445.9 20.7 41.1 23.0 2.10 2 0 5 6 22 90.00 41 90.00 12 55.00 18 10.00 23 10.00 0 45.00
665 2 35 540.0 45.8 30.9 27.5 4.05 4 2 6 4 5 6 15 155.00 20 75.00 8 70.00 17 55.00 29 20.00 18 10.00
666 2 40 849.4 52.5 53.5 46.3 8.33 3 2 4 5 6 43 225.00 44 200.00 10 115.00 14 20.00 18 10.00 36 1.00
667 3 0 270.0 8.0 30.8 15.4 0.99 5 1 0 2 6 5 2 51 1.00 24 30.00
668 0 20 603.6 23.3 78.1 25.2 1.38 4 1 0 6 5 5 21 50.00 3 175.00 31 1.00 24 25.00 28 10.00
669 2 16 573.4 71.9 15.4 26.4 8.15 5 3 2 4 7 5 6 49 235.00 50 205.00 9 60.00 18 15.00 14 20.00 46 30.00
670 1 25 435.8 19.2 44.5 21.1 2.13 2 0 5 6 22 95.00 41 115.00 12 45.00 18 10.00 23 10.00 0 45.00
671 3 5 261.9 18.0 3.1 19.7 1.14 5 0 3 2 4 5 3 7 1.00 11 45.00 35 60.00
672 0 8 615.1 22.6 91.9 20.2 1.52 4 1 0 6 5 5 21 65.00 3 140.00 31 1.00 28 25.00 28 10.00
673 0 0 438.9 25.1 45.4 20.3 4.18 4 0 2 4 5 5 5 200.00 30 65.00 4 50.00 27 20.00 25 25.00
674 1 20 402.0 15.6 60.3 11.8 2.41 5 1 0 2 6 5 6 40 155.00 20 70.00 8 85.00 17 55.00 9 60.00 23 10.00
675 0 20 269.6 20.6 15.2 16.5 2.62 6 1 0 2 6 4 5 5 32 180.00 0 50.00 8 55.00 24 15.00 17 40.00
676 0 16 383.9 48.7 8.2 16.9 3.51 6 1 0 2 6 4 5 5 37 180.00 0 70.00 8 40.00 23 15.00 17 35.00
677 1 27 524.6 51.5 29.7 22.1 3.79 3 2 4 5 6 2 145.00 34 70.00 10 80.00 16 65.00 23 15.00 18 10.00
678 1 22 783.7 41.4 60.8 45.3 4.41 2 4 5 6 42 115.00 38 2.00 6 1.00 39 60.00 9 60.00 23 10.00
679 1 9 450.1 44.6 49.7 8.0 2.76 2 4 5 5 37 135.00 38 2.00 16 30.00 9 40.00 5 35.00
680 2 30 559.5 67.3 16.9 26.3 7.65 5 3 2 4 7 5 6 49 215.00 50 170.00 9 85.00 18 20.00 14 20.00 46 30.00
681 1 20 501.9 48.2 28.9 21.5 3.63 3 2 4 5 6 2 135.00 34 60.00 10 85.00 16 75.00 23 15.00 18 10.00
682 1 18 491.2 22.8 47.5 24.3 2.15 2 0 5 6 22 110.00 41 95.00 12 60.00 18 10.00 23 10.00 0 35.00
683 1 13 546.9 17.8 58.3 31.4 3.86 5 1 0 2 6 5 6 26 140.00 35 90.00 9 90.00 6 1.00 28 20.00 36 1.00
684 0 3 506.1 28.0 38.0 30.0 3.93 3 0 2 5 5 5 210.00 4 90.00 28 20.00 25 15.00 33 20.00
685 2 26 459.5 27.7 47.2 21.5 4.46 4 1 0 6 5 7 32 215.00 19 65.00 1 95.00 10 120.00 29 30.00 25 15.00 23 10.00
686 2 33 584.4 19.1 87.5 20.4 3.20 3 2 4 5 6 26 170.00 44 200.00 10 90.00 14 20.00 18 15.00 36 1.00
687 2 15 389.4 54.6 13.7 14.2 6.65 5 3 2 4 7 5 6 49 210.00 50 140.00 9 70.00 18 15.00 14 15.00 3 25.00
688 2 35 414.6 16.6 65.5 11.1 2.15 5 1 0 2 6 5 7 47 130.00 16 80.00 48 120.00 17 70.00 9 90.00 17 15.00 23 10.00
689 0 10 534.1 19.4 21.0 45.8 3.90 6 1 0 2 6 4 5 5 32 175.00 0 70.00 8 40.00 23 15.00 6 1.00
690 1 27 506.7 24.2 47.8 25.4 2.42 2 0 5 6 22 105.00 41 110.00 12 65.00 18 10.00 23 10.00 0 50.00
691 2 28 638.6 56.2 30.5 34.2 4.95 4 2 6 4 5 6 15 195.00 20 65.00 8 95.00 17 60.00 29 20.00 18 10.00
692 3 3 496.5 23.1 46.0 27.7 2.07 3 0 2 5 5 31 1.00 3 170.00 5 85.00 27 25.00 24 10.00
693 1 20 480.3 22.3 45.5 24.3 2.22 2 0 5 6 22 95.00 41 130.00 12 60.00 18 10.00 23 10.00 0 30.00
694 1 22 438.6 19.8 42.4 22.0 2.01 2 0 5 6 22 95.00 41 90.00 12 50.00 18 10.00 23 10.00 0 40.00
695 1 20 437.2 17.0 67.2 12.0 2.32 5 1 0 2 6 5 6 40 170.00 20 95.00 8 60.00 17 55.00 9 50.00 23 10.00
696 1 13 435.7 44.0 48.0 7.5 2.91 2 4 5 5 37 135.00 38 2.00 39 45.00 9 45.00 5 25.00
697 2 30 862.8 67.7 34.4 49.6 3.94 2 4 5 6 2 145.00 22 85.00 45 55.00 46 40.00 18 15.00 14 15.00
698 0 9 467.4 26.2 42.0 24.8 4.05 4 0 2 4 5 5 5 190.00 30 60.00 4 45.00 27 30.00 25 20.00
699 1 23 796.4 71.9 38.6 41.1 5.72 3 2 4 5 6 2 200.00 34 70.00 10 115.00 6 1.00 23 10.00 18 10.00
700 2 25 531.4 65.1 15.1 24.9 7.54 5 3 2 4 7 5 6 49 215.00 50 180.00 9 80.00 18 15.00 14 20.00 46 25.00
701 0 10 655.6 25.5 82.7 28.2 1.46 4 1 0 6 5 5 21 55.00 3 180.00 31 1.00 24 30.00 28 10.00
702 1 22 800.1 44.0 60.7 46.0 4.52 2 4 5 6 42 125.00 38 2.00 6 1.00 39 50.00 9 65.00 23 10.00
703 2 33 482.5 15.0 62.3 21.0 2.12 5 1 0 2 6 5 7 47 105.00 16 75.00 48 110.00 17 65.00 9 70.00 18 20.00 23 20.00
704 2 26 690.2 59.4 36.0 36.2 5.06 4 2 6 4 5 6 15 205.00 20 100.00 8 75.00 17 45.00 29 20.00 18 10.00
705 3 -1 328.8 10.5 32.8 20.4 1.07 5 1 0 2 6 5 2 51 1.00 24 40.00
706 0 11 639.6 24.0 43.1 43.7 2.64 2 0 5 5 13 2.00 6 1.00 7 2.00 23 10.00 9 40.00
707 0 11 420.9 23.6 40.1 20.7 3.11 3 0 2 5 5 5 165.00 4 65.00 28 20.00 25 15.00 28 20.00
708 0 22 374.4 22.0 4.6 30.3 2.17 5 0 3 2 4 5 5 7 2.00 0 40.00 1 60.00 14 15.00 11 25.00
709 2 38 850.2 79.3 43.1 39.1 4.12 2 4 5 6 2 155.00 22 110.00 12 55.00 46 30.00 18 20.00 14 15.00
710 3 5 465.0 20.4 52.0 22.5 2.09 3 0 2 5 5 31 1.00 3 165.00 5 85.00 27 25.00 25 10.00
711 1 8 335.7 11.2 35.7 18.1 2.29 5 1 0 2 6 5 6 26 140.00 35 80.00 9 60.00 8 1.00 23 15.00 36 1.00
712 1 21 576.2 61.4 30.2 23.1 4.35 3 2 4 5 6 2 175.00 34 65.00 10 110.00 16 60.00 23 15.00 18 10.00
713 1 5 412.5 18.8 70.4 7.5 1.85 2 4 5 5 40 110.00 38 2.00 39 40.00 9 40.00 5 35.00
714 0 13 400.3 20.6 28.7 25.1 3.12 3 0 2 5 5 5 145.00 4 80.00 28 15.00 25 10.00 33 20.00
715 0 15 483.9 26.2 46.4 24.8 4.13 4 0 2 4 5 5 5 190.00 30 65.00 4 40.00 27 30.00 25 25.00
716 1 23 719.6 33.1 86.6 28.8 2.04 2 0 5 6 21 110.00 41 95.00 12 50.00 18 10.00 23 10.00 0 45.00
717 1 31 642.4 72.5 31.3 24.6 4.84 3 2 4 5 6 2 210.00 34 80.00 10 100.00 16 45.00 23 15.00 18 10.00
718 0 5 450.9 27.0 44.3 21.3 4.08 4 0 2 4 5 5 5 220.00 30 55.00 4 45.00 27 20.00 25 25.00
719 1 27 399.0 15.4 59.6 11.8 2.18 5 1 0 2 6 5 6 40 155.00 20 80.00 8 65.00 17 40.00 9 50.00 23 10.00
720 1 14 554.5 13.0 45.0 39.8 3.54 5 1 0 2 6 5 6 26 120.00 35 65.00 9 90.00 6 1.00 23 15.00 36 1.00
721 2 27 532.2 59.5 12.0 28.7 6.80 5 3 2 4 7 5 6 49 195.00 50 140.00 9 75.00 18 10.00 14 25.00 46 25.00
722 2 17 443.9 43.8 16.4 24.3 6.24 5 3 2 4 7 5 6 49 160.00 50 220.00 9 90.00 18 15.00 14 15.00 45 30.00
723 2 21 689.4 59.5 35.9 36.1 5.26 4 2 6 4 5 6 15 205.00 20 85.00 8 100.00 17 65.00 29 20.00 18 10.00
724 1 22 844.2 50.9 61.1 47.8 4.96 2 4 5 6 42 150.00 38 2.00 6 1.00 39 55.00 9 70.00 23 10.00
725 0 10 464.9 25.1 22.7 33.3 3.09 3 0 2 5 5 5 160.00 4 60.00 28 15.00 27 15.00 33 20.00
726 0 19 627.0 24.2 78.6 27.3 1.39 4 1 0 6 5 5 21 50.00 3 165.00 31 1.00 24 30.00 28 10.00
727 3 -2 270.0 8.0 30.8 15.4 0.99 5 1 0 2 6 5 2 51 1.00 24 30.00
728 1 16 900.0 25.0 64.0 66.2 4.62 2 0 5 6 22 80.00 41 140.00 12 50.00 6 2.00 23 10.00 0 40.00
729 3 10 297.8 5.5 30.5 19.9 2.97 4 1 0 2 5 3 30 125.00 33 30.00 25 10.00
730 1 28 431.8 17.5 65.6 12.0 2.44 5 1 0 2 6 5 6 40 180.00 20 80.00 8 70.00 17 40.00 9 65.00 23 10.00
731 0 13 518.2 36.3 6.2 39.1 2.95 5 0 3 2 4 5 5 7 4.00 0 50.00 1 60.00 14 15.00 12 35.00
732 0 17 609.8 23.6 78.6 25.5 1.42 4 1 0 6 5 5 21 50.00 3 185.00 31 1.00 24 25.00 28 10.00
733 2 30 433.0 24.6 46.0 19.9 4.03 4 1 0 6 5 7 32 185.00 19 70.00 1 95.00 10 90.00 29 30.00 25 15.00 23 10.00
734 2 24 534.8 63.5 15.1 25.9 7.07 5 3 2 4 7 5 6 49 205.00 35 155.00 9 75.00 18 15.00 14 20.00 46 30.00
735 0 23 451.0 28.9 5.7 35.2 2.68 5 0 3 2 4 5 5 7 3.00 0 55.00 1 65.00 14 15.00 11 25.00
736 2 33 514.8 44.2 28.3 26.5 3.93 4 2 6 4 5 6 15 150.00 20 60.00 8 70.00 17 65.00 29 20.00 18 10.00
737 0 22 445.1 29.9 5.6 34.3 2.61 5 0 3 2 4 5 5 7 3.00 0 40.00 1 65.00 14 15.00 12 35.00
738 2 30 498.6 28.5 53.3 22.3 4.18 4 1 0 6 5 7 32 235.00 19 95.00 1 65.00 10 95.00 29 30.00 25 15.00 23 10.00
739 0 17 282.9 13.5 11.5 22.1 2.33 6 1 0 2 6 4 5 5 32 140.00 0 45.00 8 50.00 23 15.00 17 45.00
740 0 2 529.9 27.0 23.3 39.9 3.46 3 0 2 5 5 5 180.00 4 65.00 28 15.00 33 15.00 33 25.00
741 0 13 393.1 30.1 5.8 28.2 2.65 5 0 3 2 4 5 5 7 2.00 0 55.00 1 70.00 11 20.00 11 35.00
742 3 1 481.6 21.1 53.5 23.4 2.16 3 0 2 5 5 31 1.00 3 200.00 5 80.00 27 25.00 25 10.00
743 1 15 876.4 54.8 62.9 48.7 4.88 2 4 5 6 42 165.00 38 2.00 6 1.00 39 50.00 17 50.00 23 10.00
744 1 24 857.8 53.4 60.3 48.5 4.98 2 4 5 6 42 160.00 38 2.00 6 1.00 39 50.00 9 55.00 23 10.00
745 2 34 430.4 14.7 60.5 16.0 2.10 5 1 0 2 6 5 7 47 105.00 16 70.00 48 110.00 17 60.00 9 90.00 18 15.00 23 15.00
746 0 15 293.6 15.1 10.8 23.1 2.47 6 1 0 2 6 4 5 5 32 160.00 0 50.00 8 45.00 23 15.00 17 35.00
747 3 2 328.8 10.5 32.8 20.4 1.07 5 1 0 2 6 5 2 51 1.00 24 40.00
748 0 14 325.0 18.2 13.0 24.6 2.94 6 1 0 2 6 4 5 5 32 190.00 0 70.00 8 45.00 23 15.00 17 45.00
749 3 10 328.8 10.5 32.8 20.4 1.07 5 1 0 2 6 5 2 51 1.00 24 40.00
750 2 35 504.6 18.9 74.8 16.2 2.39 5 1 0 2 6 5 7 47 145.00 16 100.00 48 130.00 17 65.00 9 80.00 18 15.00 23 15.00
751 2 21 509.8 55.0 20.2 24.8 6.41 5 3 2 4 7 5 6 49 170.00 50 215.00 17 60.00 18 20.00 14 20.00 46 25.00
752 1 17 836.5 49.6 61.2 47.5 4.92 2 4 5 6 42 145.00 38 2.00 6 1.00 39 60.00 9 70.00 23 10.00
753 1 22 552.8 66.7 27.7 18.7 4.33 3 2 4 5 6 2 195.00 34 65.00 10 80.00 16 55.00 23 10.00 18 10.00
754 0 7 476.2 27.6 41.1 25.5 4.00 4 0 2 4 5 5 5 205.00 30 50.00 4 45.00 27 30.00 25 20.00
755 1 9 610.4 16.2 54.4 40.7 3.83 5 1 0 2 6 5 6 26 165.00 35 65.00 9 100.00 6 1.00 23 15.00 36 1.00
756 0 12 366.0 13.5 40.2 18.6 2.01 6 1 0 2 6 4 5 5 26 160.00 0 50.00 8 45.00 23 15.00 17 40.00
757 1 33 506.2 50.9 26.4 21.8 3.67 3 2 4 5 6 2 145.00 34 55.00 10 85.00 16 60.00 23 15.00 18 10.00
758 0 5 737.2 29.0 93.1 31.4 1.51 4 1 0 6 5 5 21 70.00 3 170.00 31 1.00 24 35.00 28 10.00
759 1 12 429.9 41.8 48.2 7.7 2.78 2 4 5 5 37 125.00 38 2.00 50 45.00 9 45.00 5 30.00
760 1 30 414.9 23.8 47.3 15.4 2.19 2 0 5 6 22 100.00 41 120.00 12 65.00 18 10.00 41 10.00 0 35.00
761 0 5 424.3 20.1 36.4 24.9 3.13 3 0 2 5 5 5 140.00 4 75.00 28 15.00 25 20.00 33 20.00
762 1 26 511.9 51.2 27.3 21.9 3.73 3 2 4 5 6 2 145.00 34 60.00 10 90.00 16 55.00 23 15.00 18 10.00
763 3 3 270.0 8.0 30.8 15.4 0.99 5 1 0 2 6 5 2 51 1.00 24 30.00
764 0 8 462.5 25.6 34.2 27.6 3.50 3 0 2 5 5 5 195.00 4 75.00 28 15.00 25 15.00 33 20.00
765 1 21 591.5 15.1 51.3 40.4 3.72 5 1 0 2 6 5 6 26 150.00 35 95.00 9 70.00 6 1.00 23 15.00 36 1.00
766 1 19 425.6 16.5 65.0 11.9 2.23 5 1 0 2 6 5 6 40 165.00 20 90.00 8 55.00 17 60.00 9 45.00 23 10.00
767 2 37 841.8 67.0 39.7 45.3 3.82 2 4 5 6 2 160.00 22 105.00 45 50.00 12 40.00 18 15.00 14 15.00
768 1 30 470.3 10.0 43.1 29.5 1.86 2 0 5 6 22 95.00 41 100.00 45 50.00 18 10.00 23 10.00 0 30.00
769 3 10 358.2 11.8 33.8 22.9 1.11 5 1 0 2 6 5 2 51 1.00 24 45.00
770 2 33 435.5 14.8 61.6 16.0 2.11 5 1 0 2 6 5 7 47 105.00 16 85.00 48 115.00 17 50.00 9 85.00 18 15.00 23 15.00
771 2 32 515.9 19.5 77.1 16.2 2.44 5 1 0 2 6 5 7 47 145.00 16 65.00 48 150.00 17 65.00 9 95.00 18 20.00 23 15.00
772 2 36 842.0 33.0 69.0 49.9 2.74 2 4 5 6 26 165.00 22 90.00 45 65.00 46 35.00 18 15.00 14 15.00
773 2 33 958.0 87.1 31.2 52.4 4.82 2 4 5 6 2 215.00 22 75.00 45 60.00 46 35.00 18 15.00 14 15.00
774 3 1 426.9 18.9 50.2 19.5 1.96 3 0 2 5 5 31 1.00 3 150.00 5 85.00 27 20.00 25 10.00
775 2 25 519.9 51.2 14.3 30.1 5.98 5 3 2 4 7 5 6 49 150.00 50 175.00 9 60.00 18 15.00 14 25.00 46 30.00
776 3 8 244.1 16.8 3.6 18.1 1.16 5 0 3 2 4 5 3 7 1.00 11 40.00 35 75.00
777 2 29 485.7 62.7 15.2 20.8 7.25 5 3 2 4 7 5 6 49 205.00 50 175.00 9 85.00 18 15.00 14 15.00 46 25.00
778 2 38 824.6 66.9 32.5 46.5 3.84 2 4 5 6 2 150.00 22 80.00 45 50.00 46 35.00 18 15.00 14 15.00
779 0 18 412.8 28.6 5.3 31.1 2.54 5 0 3 2 4 5 5 7 3.00 0 40.00 1 70.00 14 10.00 11 25.00
780 1 11 608.2 16.1 54.0 40.7 3.76 5 1 0 2 6 5 6 26 165.00 35 75.00 9 80.00 6 1.00 23 15.00 36 1.00
781 1 30 574.6 51.3 30.6 27.0 3.62 3 2 4 5 6 2 150.00 34 65.00 16 80.00 16 60.00 23 20.00 18 10.00
782 1 15 444.9 20.2 43.6 22.1 2.16 2 0 5 6 22 95.00 41 100.00 12 50.00 18 10.00 23 10.00 0 50.00
783 0 24 392.6 16.1 38.3 21.0 2.08 6 1 0 2 6 4 5 5 47 145.00 0 75.00 8 40.00 23 20.00 17 45.00
784 2 28 689.3 42.0 50.8 35.2 6.95 3 2 4 5 6 43 170.00 44 170.00 10 140.00 14 15.00 18 15.00 36 1.00
785 0 6 464.4 22.5 35.4 29.0 3.66 3 0 2 5 5 5 155.00 4 100.00 28 15.00 25 15.00 33 25.00
786 0 18 637.8 23.9 42.7 43.7 2.58 2 0 5 5 13 2.00 6 1.00 7 2.00 23 10.00 9 30.00
787 2 27 806.8 46.2 62.5 41.2 7.63 3 2 4 5 6 43 185.00 44 220.00 10 140.00 14 20.00 18 20.00 36 1.00
788 3 13 279.8 19.1 2.7 21.3 1.12 5 0 3 2 4 5 3 7 1.00 11 50.00 35 45.00
789 0 1 459.6 29.5 36.5 24.5 4.01 4 0 2 4 5 5 5 235.00 30 50.00 4 40.00 27 25.00 25 15.00
790 0 4 550.5 33.2 57.6 24.5 3.92 4 0 2 4 5 5 5 230.00 18 70.00 4 55.00 27 25.00 25 20.00
791 3 10 739.3 11.3 38.5 66.9 3.32 4 1 0 2 5 3 6 2.00 33 35.00 25 10.00
792 1 18 419.5 40.1 48.3 7.4 2.75 2 4 5 5 37 120.00 38 2.00 39 35.00 9 60.00 5 25.00
793 0 2 398.8 24.1 36.8 19.8 3.98 4 0 2 4 5 5 5 190.00 30 65.00 4 50.00 27 20.00 25 15.00
794 2 20 535.8 43.8 35.2 25.9 4.18 4 2 6 4 5 6 15 145.00 20 80.00 8 100.00 17 70.00 29 20.00 18 10.00
795 1 30 425.2 16.3 65.0 12.0 2.27 5 1 0 2 6 5 6 40 160.00 20 95.00 8 55.00 17 55.00 9 55.00 23 10.00
796 2 42 461.9 17.5 65.6 16.1 2.23 5 1 0 2 6 5 7 47 140.00 16 85.00 48 100.00 17 60.00 9 90.00 18 10.00 23 15.00
797 1 23 364.8 13.4 53.5 11.6 2.06 5 1 0 2 6 5 6 40 130.00 20 70.00 8 60.00 17 55.00 9 55.00 23 10.00
798 0 22 352.2 16.7 11.5 28.8 2.84 6 1 0 2 6 4 5 5 32 175.00 0 65.00 8 50.00 23 20.00 17 30.00
799 3 10 279.8 19.1 2.7 21.3 1.12 5 0 3 2 4 5 3 7 1.00 11 50.00 35 45.00
800 0 12 436.6 22.7 33.9 26.1 3.42 3 0 2 5 5 5 165.00 4 85.00 28 15.00 25 15.00 33 20.00
801 2 35 1106.2 85.7 61.3 57.2 4.30 2 4 5 6 2 175.00 21 80.00 45 60.00 46 40.00 18 15.00 14 15.00
802 2 34 463.8 16.6 66.8 16.1 2.18 5 1 0 2 6 5 7 47 125.00 16 85.00 48 130.00 17 55.00 9 80.00 18 10.00 23 15.00
803 0 7 567.9 21.8 92.5 14.6 1.44 4 1 0 6 5 5 21 75.00 3 175.00 31 1.00 41 35.00 28 10.00
804 2 26 513.1 50.9 16.6 29.0 7.03 5 3 2 4 7 5 6 49 190.00 50 220.00 9 100.00 18 15.00 14 25.00 45 20.00
805 2 20 539.6 68.5 13.7 24.9 7.89 5 3 2 4 7 5 6 49 230.00 50 185.00 9 80.00 18 10.00 14 20.00 46 25.00
806 1 18 887.4 43.5 85.7 45.9 4.43 2 4 5 6 42 120.00 38 2.00 6 1.00 39 55.00 31 1.00 23 10.00
807 0 2 462.8 26.6 41.8 24.4 4.08 4 0 2 4 5 5 5 180.00 30 70.00 0 60.00 27 30.00 25 20.00
808 1 9 520.0 48.1 64.9 8.2 3.19 2 4 5 5 37 135.00 38 2.00 39 50.00 18 55.00 5 35.00
809 2 32 409.3 18.2 85.8 1.2 2.33 5 1 0 2 6 5 7 47 135.00 16 90.00 48 145.00 17 50.00 9 90.00 18 15.00 25 15.00
810 1 7 623.2 14.0 60.9 39.8 3.44 5 1 0 2 6 5 6 26 125.00 35 75.00 44 90.00 6 1.00 23 15.00 36 1.00
811 3 10 243.3 16.8 3.4 18.1 1.13 5 0 3 2 4 5 3 7 1.00 11 40.00 35 70.00
812 3 1 222.7 4.5 18.6 16.6 1.97 4 1 0 2 5 3 4 90.00 33 25.00 25 10.00
813 1 24 521.9 24.1 49.1 26.3 2.49 2 0 5 6 22 110.00 41 90.00 12 70.00 18 10.00 23 10.00 4 40.00
814 1 20 558.9 13.2 46.1 39.8 3.69 5 1 0 2 6 5 6 26 120.00 35 100.00 9 85.00 6 1.00 23 15.00 36 1.00
815 2 33 653.7 55.5 36.4 33.6 4.79 4 2 6 4 5 6 15 190.00 20 95.00 8 70.00 17 65.00 29 20.00 18 10.00
816 3 6 233.9 4.7 21.3 16.7 2.50 4 1 0 2 5 3 4 125.00 33 25.00 25 10.00
817 3 13 299.4 9.3 31.8 17.9 1.03 5 1 0 2 6 5 2 51 1.00 24 35.00
818 2 23 481.8 28.7 49.6 22.4 4.43 4 1 0 6 5 7 32 235.00 19 75.00 1 80.00 10 120.00 29 25.00 25 15.00 23 10.00
819 3 11 328.8 10.5 32.8 20.4 1.07 5 1 0 2 6 5 2 51 1.00 24 40.00
820 2 38 869.4 52.9 49.5 50.4 8.43 3 2 4 5 6 43 225.00 44 165.00 10 135.00 14 25.00 18 15.00 36 1.00
821 3 -1 133.6 0.7 35.4 0.3 1.69 4 1 0 2 5 3 4 85.00 25 25.00 25 10.00
822 2 33 898.2 82.2 39.8 44.1 4.53 2 4 5 6 2 165.00 22 100.00 45 55.00 46 45.00 18 15.00 46 15.00
823 0 5 491.9 25.5 36.1 30.4 3.83 3 0 2 5 5 5 185.00 4 95.00 28 15.00 25 15.00 33 25.00
824 2 42 417.8 15.7 67.3 11.0 2.08 5 1 0 2 6 5 7 47 110.00 16 85.00 48 135.00 17 70.00 9 70.00 18 15.00 23 10.00
825 1 26 447.6 20.6 41.6 23.1 2.04 2 0 5 6 22 90.00 41 100.00 12 55.00 18 10.00 23 10.00 0 35.00
826 0 5 445.4 22.5 36.5 26.1 3.18 3 0 2 5 5 5 165.00 4 65.00 28 15.00 25 20.00 33 20.00
827 2 36 797.2 50.6 44.2 45.4 7.37 3 2 4 5 6 43 220.00 44 155.00 10 95.00 14 20.00 18 20.00 48 1.00
828 2 27 894.2 56.2 47.8 52.4 8.84 3 2 4 5 6 43 240.00 44 145.00 10 145.00 14 25.00 18 20.00 36 1.00
829 1 22 450.8 21.4 39.5 24.0 2.08 2 0 5 6 22 85.00 41 90.00 12 60.00 18 10.00 23 10.00 0 40.00
830 1 21 628.0 14.7 49.9 45.3 3.71 5 1 0 2 6 5 6 26 145.00 35 90.00 9 65.00 6 1.00 23 20.00 36 1.00
831 2 32 633.6 54.1 34.9 32.7 4.72 4 2 6 4 5 6 15 185.00 20 85.00 8 75.00 17 70.00 29 20.00 18 10.00
832 1 12 458.9 48.3 48.3 7.9 3.15 2 4 5 5 37 150.00 38 2.00 39 45.00 9 50.00 5 30.00
833 1 19 443.6 19.9 43.5 22.2 2.19 2 0 5 6 22 85.00 41 145.00 12 50.00 18 10.00 23 10.00 0 35.00
834 0 19 600.0 26.2 69.3 26.3 1.68 4 1 0 6 5 5 21 75.00 3 165.00 36 1.00 24 25.00 28 10.00
835 1 5 453.2 47.8 48.0 7.6 3.08 2 4 5 5 37 150.00 38 2.00 39 40.00 9 50.00 5 25.00
836 2 28 435.7 25.4 44.4 20.8 4.05 4 1 0 6 5 7 32 205.00 19 60.00 1 75.00 10 120.00 29 20.00 25 15.00 23 10.00
837 0 19 435.2 30.1 5.7 32.8 2.70 5 0 3 2 4 5 5 7 3.00 0 50.00 1 70.00 14 10.00 11 30.00
838 2 30 455.1 27.6 45.5 21.5 4.32 4 1 0 6 5 7 32 215.00 19 75.00 1 85.00 10 120.00 29 30.00 25 10.00 23 10.00
839 0 15 336.1 28.2 5.9 22.6 2.53 5 0 3 2 4 5 5 7 2.00 0 55.00 1 65.00 46 15.00 11 25.00
840 1 30 641.8 78.0 35.3 20.3 5.26 3 2 4 5 6 2 225.00 34 80.00 10 125.00 16 70.00 23 10.00 18 10.00
841 0 9 639.6 24.0 43.1 43.7 2.64 2 0 5 5 13 2.00 6 1.00 7 2.00 23 10.00 9 40.00
842 1 22 447.9 21.8 36.4 25.0 2.12 2 0 5 6 22 70.00 41 110.00 12 65.00 18 10.00 23 10.00 0 35.00
843 1 11 856.0 53.3 60.0 48.4 4.92 2 4 5 6 42 160.00 38 2.00 6 1.00 39 50.00 9 45.00 23 10.00
844 3 8 132.0 0.7 35.0 0.2 1.62 4 1 0 2 5 3 4 80.00 25 25.00 25 10.00
845 0 15 558.8 35.2 6.1 44.1 3.04 5 0 3 2 4 5 5 7 4.00 0 50.00 1 70.00 14 20.00 11 25.00
846 2 25 469.4 28.8 44.9 22.9 4.34 4 1 0 6 5 7 32 250.00 19 65.00 1 85.00 10 85.00 29 25.00 25 15.00 23 10.00
847 2 18 661.2 71.9 28.2 30.3 7.83 5 3 2 4 7 5 6 49 230.00 50 175.00 48 85.00 18 20.00 14 25.00 46 30.00
848 1 24 800.1 44.0 60.7 46.0 4.52 2 4 5 6 42 125.00 38 2.00 6 1.00 39 50.00 9 65.00 23 10.00
849 3 1 296.1 6.2 21.9 23.2 2.54 4 1 0 2 5 3 4 115.00 33 35.00 25 10.00
850 1 30 483.6 23.7 40.8 26.2 2.21 2 0 5 6 22 85.00 41 105.00 12 70.00 18 10.00 23 10.00 0 35.00
851 3 11 291.8 7.9 15.0 24.9 2.40 4 1 0 2 5 3 4 115.00 33 30.00 24 10.00
852 2 23 491.1 24.6 77.1 11.7 3.03 4 1 0 6 5 7 47 170.00 19 75.00 1 80.00 10 85.00 29 30.00 25 15.00 23 10.00
853 1 17 427.5 19.3 36.1 24.2 2.27 2 0 5 6 20 90.00 41 115.00 12 60.00 18 10.00 23 10.00 0 45.00
854 1 27 432.7 17.4 65.8 12.0 2.27 5 1 0 2 6 5 6 40 180.00 20 85.00 8 60.00 17 45.00 9 45.00 23 10.00
855 1 26 625.9 72.9 26.2 24.4 4.85 3 2 4 5 6 2 220.00 34 55.00 9 115.00 16 70.00 23 15.00 18 10.00
856 0 6 743.8 26.0 90.7 34.0 1.46 4 1 0 6 5 5 21 75.00 3 180.00 31 1.00 24 25.00 23 10.00
857 2 32 770.3 53.4 19.5 52.2 8.67 3 2 4 5 6 43 240.00 35 145.00 10 105.00 14 25.00 18 15.00 36 1.00
858 1 19 784.8 41.5 61.1 45.3 4.43 2 4 5 6 42 115.00 38 2.00 6 1.00 39 55.00 9 70.00 23 10.00
859 1 35 609.4 68.9 28.6 23.9 4.63 3 2 4 5 6 2 200.00 34 60.00 10 110.00 16 55.00 23 15.00 18 10.00
860 1 7 394.6 34.9 47.9 7.2 2.44 2 4 5 5 37 100.00 38 2.00 39 30.00 9 55.00 5 25.00
861 3 11 129.5 11.7 4.4 7.4 1.00 5 0 3 2 4 5 3 7 1.00 5 50.00 35 60.00
862 3 2 293.4 7.9 15.3 24.9 2.48 4 1 0 2 5 3 4 120.00 33 30.00 24 10.00
863 0 20 525.6 19.3 61.1 25.7 1.92 4 1 0 6 5 5 34 70.00 3 180.00 31 1.00 24 30.00 28 10.00
864 0 19 672.6 26.6 77.9 32.1 1.39 4 1 0 6 5 5 21 50.00 3 175.00 31 1.00 24 35.00 24 10.00
865 0 10 312.1 17.4 10.8 24.5 2.66 6 1 0 2 6 4 5 5 32 190.00 0 45.00 9 60.00 23 15.00 17 35.00
866 0 19 292.9 23.1 16.0 18.0 2.82 6 1 0 2 6 4 5 5 32 210.00 0 55.00 8 40.00 24 15.00 17 50.00
867 2 24 456.7 55.5 15.2 20.7 6.56 5 3 2 4 7 5 6 49 175.00 50 190.00 9 75.00 18 15.00 14 15.00 46 25.00
868 2 21 449.0 21.9 53.7 18.9 3.34 4 1 0 6 5 7 32 165.00 19 100.00 39 60.00 10 110.00 29 25.00 25 15.00 23 10.00
869 0 17 275.4 17.7 11.4 19.7 2.60 6 1 0 2 6 4 5 5 32 195.00 0 45.00 8 40.00 23 10.00 17 40.00
870 3 15 202.3 14.3 3.1 14.8 0.98 5 0 3 2 4 5 3 7 1.00 11 30.00 35 65.00
871 1 29 429.5 17.0 65.5 12.0 2.52 5 1 0 2 6 5 6 40 170.00 20 80.00 8 80.00 17 55.00 9 65.00 23 10.00
872 2 30 429.1 16.5 58.9 16.1 2.53 5 1 0 2 6 5 7 47 115.00 39 95.00 48 105.00 17 55.00 9 90.00 18 20.00 23 15.00
873 2 26 532.6 46.8 26.3 28.2 4.20 4 2 6 4 5 6 15 160.00 20 60.00 8 75.00 17 70.00 29 25.00 39 10.00
874 2 29 902.4 55.5 50.2 52.3 8.71 3 2 4 5 6 43 240.00 44 175.00 10 115.00 14 25.00 18 15.00 36 1.00
875 2 29 525.0 58.0 17.7 26.3 6.87 5 3 2 4 7 5 6 49 175.00 50 200.00 9 85.00 18 20.00 14 20.00 46 30.00
876 2 33 467.2 27.3 47.5 22.0 4.10 4 1 0 6 5 7 32 230.00 19 75.00 1 70.00 10 95.00 29 25.00 25 15.00 23 10.00
877 0 6 493.7 17.8 34.4 33.8 3.66 4 0 2 4 5 5 5 170.00 30 60.00 4 40.00 23 25.00 25 20.00
878 2 31 801.0 50.5 46.8 45.0 8.05 3 2 4 5 6 43 215.00 44 160.00 10 135.00 14 20.00 18 10.00 36 1.00
879 0 11 302.5 15.6 12.0 23.3 2.61 6 1 0 2 6 4 5 5 32 165.00 0 50.00 8 55.00 23 15.00 17 40.00
880 3 0 230.7 4.6 20.5 16.6 2.34 4 1 0 2 5 3 4 115.00 33 25.00 25 10.00
881 1 25 438.0 19.9 42.4 22.2 2.27 2 0 5 6 22 80.00 41 145.00 12 50.00 18 10.00 23 10.00 0 45.00
882 3 1 328.8 10.5 32.8 20.4 1.07 5 1 0 2 6 5 2 51 1.00 24 40.00
883 2 28 449.4 28.1 41.3 22.5 4.19 4 1 0 6 5 7 32 240.00 19 65.00 1 75.00 10 100.00 29 25.00 25 10.00 23 10.00
884 1 12 556.5 15.7 52.6 35.6 3.60 5 1 0 2 6 5 6 26 160.00 35 65.00 9 80.00 6 1.00 23 10.00 36 1.00
885 0 25 454.4 29.3 6.2 35.3 2.85 5 0 3 2 4 5 5 7 3.00 0 60.00 1 75.00 14 15.00 11 25.00
886 3 4 255.4 5.2 19.3 19.8 2.07 4 1 0 2 5 3 4 90.00 33 30.00 25 10.00
887 0 20 341.5 15.3 11.6 28.1 2.58 6 1 0 2 6 4 5 5 32 160.00 0 55.00 8 40.00 23 20.00 17 45.00
888 1 20 454.1 18.2 70.3 12.1 2.50 5 1 0 2 6 5 6 40 185.00 20 90.00 8 65.00 17 60.00 9 60.00 23 10.00
889 1 24 720.7 46.1 44.8 43.0 4.46 2 4 5 6 42 125.00 13 2.00 6 1.00 39 60.00 9 60.00 23 10.00
890 2 20 649.3 40.9 35.0 40.0 4.08 4 2 6 4 5 6 15 140.00 20 90.00 8 90.00 17 60.00 23 15.00 18 10.00
891 1 28 383.1 14.1 57.1 11.8 2.16 5 1 0 2 6 5 6 40 135.00 20 80.00 8 65.00 17 55.00 9 55.00 23 10.00
892 2 22 600.9 49.3 38.3 29.4 4.51 4 2 6 4 5 6 15 165.00 20 100.00 8 90.00 17 60.00 29 20.00 18 10.00
893 3 1 285.7 9.1 17.0 23.2 2.26 4 1 0 2 5 3 1 120.00 33 35.00 25 10.00
894 0 10 364.4 19.4 28.2 21.6 3.05 3 0 2 5 5 5 140.00 4 85.00 28 15.00 25 10.00 33 15.00
895 3 3 461.0 21.2 52.5 21.4 2.16 3 0 2 5 5 31 1.00 3 190.00 5 95.00 27 20.00 25 10.00
896 3 2 462.5 20.8 51.4 22.4 2.11 3 0 2 5 5 31 1.00 3 145.00 5 95.00 27 25.00 25 10.00
897 0 25 408.4 27.9 4.6 31.1 2.29 5 0 3 2 4 5 5 7 3.00 0 45.00 1 45.00 14 10.00 11 25.00
898 1 22 667.7 75.3 35.2 23.8 4.49 3 2 4 5 6 2 225.00 19 75.00 10 85.00 16 55.00 23 15.00 18 10.00
899 0 6 402.2 21.5 33.8 22.7 3.43 3 0 2 5 5 5 160.00 4 95.00 28 15.00 25 15.00 33 15.00
900 0 9 485.8 26.6 38.3 28.1 3.57 3 0 2 5 5 5 205.00 4 70.00 28 15.00 25 20.00 33 20.00
901 1 21 587.5 54.8 31.4 26.4 3.59 3 2 4 5 6 2 160.00 19 65.00 10 85.00 16 45.00 23 20.00 18 10.00
902 0 19 637.8 23.9 42.7 43.7 2.58 2 0 5 5 13 2.00 6 1.00 7 2.00 23 10.00 9 30.00
903 0 12 525.8 31.3 5.6 42.5 2.81 5 0 3 2 4 5 5 7 3.00 0 45.00 1 70.00 14 20.00 11 35.00
904 3 13 270.0 8.0 30.8 15.4 0.99 5 1 0 2 6 5 2 51 1.00 24 30.00
905 1 23 815.1 46.7 60.3 46.7 4.61 2 4 5 6 42 135.00 38 2.00 6 1.00 39 55.00 9 50.00 23 10.00
906 2 37 915.8 77.2 42.9 47.3 4.43 2 4 5 6 2 165.00 22 105.00 45 75.00 46 35.00 18 20.00 12 15.00
907 2 25 711.5 61.6 35.8 37.8 5.24 4 2 6 4 5 6 15 215.00 20 90.00 8 75.00 17 70.00 29 15.00 18 10.00
908 0 15 211.1 20.1 12.8 11.0 2.76 6 1 0 2 6 4 5 5 32 220.00 0 50.00 8 40.00 41 15.00 17 35.00
909 1 16 379.8 14.3 56.1 11.7 2.24 5 1 0 2 6 5 6 40 140.00 20 70.00 8 75.00 17 50.00 9 60.00 23 10.00
910 1 23 788.1 42.5 60.0 45.6 4.32 2 4 5 6 42 120.00 38 2.00 6 1.00 39 45.00 9 50.00 23 10.00
911 2 40 480.0 18.3 69.3 16.2 2.27 5 1 0 2 6 5 7 47 145.00 16 85.00 48 110.00 17 55.00 9 85.00 18 15.00 23 15.00
912 1 20 624.7 51.7 47.2 26.7 3.76 2 4 5 6 42 165.00 38 2.00 1 1.00 39 50.00 9 45.00 23 10.00
913 3 13 170.8 10.5 2.7 13.3 0.79 5 0 3 2 4 5 3 5 1.00 11 40.00 35 60.00
914 3 18 157.6 9.2 2.8 12.4 0.76 5 0 3 2 4 5 3 14 1.00 11 35.00 35 65.00
915 0 18 448.6 28.6 5.3 35.2 2.59 5 0 3 2 4 5 5 7 3.00 0 40.00 1 70.00 14 15.00 11 25.00
916 0 20 638.7 23.9 42.9 43.7 2.61 2 0 5 5 13 2.00 6 1.00 7 2.00 23 10.00 9 35.00
917 1 13 555.6 15.3 52.2 35.6 3.77 5 1 0 2 6 5 6 26 160.00 35 75.00 36 1.00 6 1.00 23 10.00 36 1.00
918 3 0 392.1 16.8 60.8 11.5 1.97 3 0 2 5 5 31 1.00 3 200.00 5 90.00 25 15.00 25 10.00
919 1 19 369.9 13.8 54.4 11.6 2.07 5 1 0 2 6 5 6 40 135.00 20 70.00 8 55.00 17 55.00 9 60.00 23 10.00
920 2 30 1027.0 71.3 75.7 50.0 5.47 2 4 5 6 2 170.00 22 75.00 45 60.00 46 30.00 51 2.00 14 15.00
921 3 8 240.6 6.8 29.8 12.9 0.95 5 1 0 2 6 5 2 51 1.00 24 25.00
922 2 21 401.1 26.3 52.2 13.0 4.06 4 1 0 6 5 7 32 185.00 19 75.00 1 90.00 10 105.00 29 25.00 25 15.00 28 10.00
923 3 7 259.6 17.9 2.6 19.7 1.07 5 0 3 2 4 5 3 7 1.00 11 45.00 35 45.00
924 2 32 451.7 17.5 62.9 16.1 2.12 5 1 0 2 6 5 7 47 145.00 16 65.00 48 95.00 17 50.00 9 90.00 18 10.00 23 15.00
925 2 34 400.9 58.1 33.1 2.8 3.84 4 2 6 4 5 6 37 205.00 20 80.00 8 80.00 17 60.00 29 20.00 18 10.00
926 0 1 526.5 26.6 49.5 28.3 3.15 3 0 2 5 5 5 205.00 51 1.00 28 15.00 25 10.00 33 20.00
927 1 7 567.5 13.7 47.2 40.0 3.62 5 1 0 2 6 5 6 26 130.00 35 65.00 9 95.00 6 1.00 23 15.00 36 1.00
928 2 15 453.7 53.7 20.1 19.1 7.56 5 3 2 4 7 5 6 49 180.00 4 135.00 9 90.00 18 15.00 14 15.00 46 20.00
929 1 19 768.3 44.3 62.0 42.2 4.50 2 4 5 6 42 120.00 38 2.00 6 1.00 39 60.00 9 55.00 33 10.00
930 1 8 420.1 39.9 48.7 7.4 2.70 2 4 5 5 37 120.00 38 2.00 35 45.00 9 55.00 5 25.00
931 3 15 244.1 16.8 3.6 18.1 1.16 5 0 3 2 4 5 3 7 1.00 11 40.00 35 75.00
932 1 29 522.7 51.4 29.6 22.0 3.78 3 2 4 5 6 2 145.00 34 65.00 10 80.00 16 75.00 23 15.00 18 10.00
933 3 7 272.6 7.0 14.5 23.2 2.58 4 1 0 2 5 3 4 120.00 33 35.00 29 10.00
934 1 30 504.0 48.8 29.3 21.6 3.78 3 2 4 5 6 2 135.00 34 55.00 10 115.00 16 70.00 23 15.00 18 10.00
935 2 32 952.6 79.4 31.2 55.5 4.52 2 4 5 6 2 190.00 22 75.00 45 60.00 46 35.00 18 15.00 14 20.00
936 0 17 717.8 21.9 58.7 46.7 2.68 2 0 5 5 38 2.00 6 1.00 7 2.00 23 10.00 9 30.00
937 3 11 299.4 9.3 31.8 17.9 1.03 5 1 0 2 6 5 2 51 1.00 24 35.00
938 1 16 812.9 46.5 59.9 46.7 4.50 2 4 5 6 42 135.00 38 2.00 6 1.00 39 40.00 9 50.00 23 10.00
939 0 19 534.0 18.7 61.4 27.0 1.54 4 1 0 6 5 5 20 65.00 3 165.00 31 1.00 24 35.00 28 10.00
940 3 13 270.0 8.0 30.8 15.4 0.99 5 1 0 2 6 5 2 51 1.00 24 30.00
941 0 19 637.8 23.9 42.7 43.7 2.58 2 0 5 5 13 2.00 6 1.00 7 2.00 23 10.00 9 30.00
942 2 28 713.5 65.3 29.2 39.5 5.69 4 2 6 4 5 6 15 225.00 20 85.00 8 60.00 1 45.00 29 25.00 18 10.00
943 0 23 448.9 28.6 5.3 35.2 2.55 5 0 3 2 4 5 5 7 3.00 0 60.00 1 50.00 14 15.00 11 25.00
944 2 25 436.6 25.0 45.1 20.5 4.01 4 1 0 6 5 7 32 200.00 19 70.00 1 95.00 10 75.00 29 25.00 25 15.00 23 10.00
945 1 21 892.9 58.8 60.6 49.9 5.30 2 4 5 6 42 180.00 38 2.00 6 1.00 39 45.00 9 65.00 23 10.00
946 2 27 980.0 86.0 31.5 55.3 4.83 2 4 5 6 2 205.00 22 75.00 45 65.00 46 40.00 18 15.00 14 15.00
947 3 5 426.4 18.4 50.5 19.5 1.92 3 0 2 5 5 31 1.00 3 165.00 5 75.00 27 20.00 25 10.00
948 0 5 457.1 26.2 43.5 22.9 4.38 4 0 2 4 5 5 5 200.00 30 70.00 4 55.00 27 25.00 25 20.00
949 3 10 328.8 10.5 32.8 20.4 1.07 5 1 0 2 6 5 2 51 1.00 24 40.00
950 0 12 644.8 24.0 43.9 43.8 2.72 2 0 5 5 13 2.00 6 1.00 7 2.00 23 10.00 8 40.00
951 3 10 263.4 5.4 21.2 19.9 2.44 4 1 0 2 5 3 4 115.00 33 30.00 25 10.00
952 2 34 470.5 25.4 52.6 20.6 3.92 4 1 0 6 5 7 32 200.00 19 95.00 1 70.00 10 95.00 29 25.00 25 15.00 23 10.00
953 0 19 344.9 18.5 15.0 25.6 2.58 6 1 0 2 6 4 5 5 32 215.00 16 50.00 8 40.00 23 15.00 17 40.00
954 1 12 714.9 33.7 21.7 56.3 6.80 5 1 0 2 6 5 6 43 145.00 35 95.00 9 80.00 6 1.00 23 15.00 36 1.00
955 3 11 252.2 5.1 18.5 19.8 1.92 4 1 0 2 5 3 4 80.00 33 30.00 25 10.00
956 0 11 466.6 29.5 5.0 36.8 2.52 5 0 3 2 4 5 5 7 3.00 0 45.00 1 55.00 14 15.00 11 30.00
957 3 11 216.2 5.9 30.5 9.6 2.48 4 1 0 2 5 3 4 125.00 28 30.00 25 10.00
958 2 35 446.1 21.2 54.0 18.6 3.52 4 1 0 6 5 7 32 160.00 19 90.00 1 85.00 16 95.00 29 30.00 25 15.00 23 10.00
959 1 15 402.7 36.4 48.4 7.3 2.61 2 4 5 5 37 105.00 38 2.00 39 45.00 9 55.00 5 25.00
960 1 7 672.4 17.3 57.0 46.1 3.79 5 1 0 2 6 5 6 26 185.00 35 60.00 9 70.00 6 1.00 23 20.00 36 1.00
961 3 1 292.9 6.1 21.1 23.1 2.40 4 1 0 2 5 3 4 105.00 33 35.00 25 10.00
962 2 30 499.9 58.9 17.0 23.4 7.09 5 3 2 4 7 5 6 49 195.00 50 200.00 9 75.00 18 20.00 14 20.00 46 20.00
963 0 15 880.6 45.3 27.8 67.4 3.61 3 0 2 5 5 11 160.00 4 65.00 28 15.00 25 15.00 33 15.00
964 2 37 429.1 13.4 61.2 16.0 2.27 5 1 0 2 6 5 7 47 90.00 16 90.00 48 140.00 17 70.00 9 90.00 4 10.00 23 15.00
965 2 39 968.8 82.3 41.6 51.2 4.61 2 4 5 6 2 200.00 22 110.00 45 50.00 46 30.00 18 15.00 14 20.00
966 2 32 489.5 18.2 70.8 16.3 3.26 5 1 0 2 6 5 7 47 140.00 16 75.00 48 135.00 36 2.00 9 75.00 18 15.00 23 15.00
967 0 9 641.4 24.1 43.5 43.8 2.70 2 0 5 5 13 2.00 6 1.00 7 2.00 23 10.00 9 50.00
968 0 13 620.9 23.9 78.2 27.0 1.36 4 1 0 6 5 5 21 50.00 3 155.00 31 1.00 24 30.00 28 10.00
969 2 42 490.9 18.8 71.4 16.1 2.17 5 1 0 2 6 5 7 47 150.00 16 85.00 48 125.00 17 50.00 9 60.00 18 15.00 23 15.00
970 0 17 430.5 22.7 13.9 31.9 1.93 5 0 3 2 4 5 5 7 2.00 44 55.00 1 50.00 14 15.00 11 30.00
971 2 32 435.7 14.7 61.7 16.0 2.01 5 1 0 2 6 5 7 47 105.00 16 85.00 48 120.00 17 50.00 9 65.00 18 15.00 23 15.00
972 0 15 247.0 14.4 12.2 17.4 2.51 6 1 0 2 6 4 5 5 32 145.00 0 60.00 8 60.00 23 10.00 17 40.00
973 1 17 616.4 16.5 55.5 40.8 3.85 5 1 0 2 6 5 6 26 170.00 35 95.00 9 75.00 6 1.00 23 15.00 36 1.00
974 2 40 748.2 42.0 56.5 39.2 6.95 3 2 4 5 6 43 170.00 44 200.00 10 110.00 14 20.00 18 20.00 36 1.00
975 3 15 448.8 20.5 51.5 20.7 2.10 3 0 2 5 5 31 1.00 3 170.00 5 95.00 27 20.00 25 10.00
976 0 6 640.5 24.0 43.3 43.7 2.67 2 0 5 5 13 2.00 6 1.00 7 2.00 23 10.00 9 45.00
977 1 25 585.6 45.1 48.0 25.0 3.52 2 4 5 6 42 140.00 38 2.00 4 1.00 39 60.00 9 55.00 23 10.00
978 2 40 914.3 55.2 55.2 51.7 8.77 3 2 4 5 6 43 235.00 44 195.00 10 130.00 14 25.00 18 15.00 36 1.00
979 1 24 499.6 23.3 49.1 24.5 2.49 2 0 5 6 22 100.00 41 150.00 12 60.00 18 10.00 23 10.00 0 45.00
980 3 6 431.0 19.1 52.1 18.9 2.00 3 0 2 5 5 31 1.00 3 220.00 5 75.00 27 15.00 25 10.00
981 1 24 494.5 23.6 45.5 25.3 2.27 2 0 5 6 22 100.00 41 105.00 12 65.00 18 10.00 23 10.00 0 40.00
982 1 27 608.2 67.3 29.4 24.0 4.59 3 2 4 5 6 2 195.00 34 75.00 10 105.00 16 50.00 23 15.00 48 10.00
983 1 28 637.3 70.7 32.2 24.4 4.75 3 2 4 5 6 2 205.00 34 80.00 10 85.00 16 65.00 23 15.00 18 10.00
984 3 6 270.0 8.0 30.8 15.4 0.99 5 1 0 2 6 5 2 51 1.00 24 30.00
985 0 19 687.6 27.0 91.9 26.9 1.47 4 1 0 6 5 5 21 70.00 3 185.00 31 1.00 24 25.00 28 10.00
986 2 30 458.7 26.0 46.3 21.8 4.00 4 1 0 6 5 7 32 230.00 19 80.00 1 75.00 35 90.00 29 30.00 25 15.00 23 10.00
987 0 13 537.7 20.7 73.0 21.0 1.17 4 1 0 6 5 5 21 50.00 3 140.00 31 1.00 24 25.00 41 10.00
988 0 18 310.9 13.0 38.5 13.4 2.06 6 1 0 2 6 4 5 5 26 145.00 0 65.00 8 50.00 23 10.00 17 45.00
989 1 25 363.4 37.4 28.9 11.5 5.00 5 1 0 2 6 5 6 49 140.00 20 70.00 8 75.00 17 55.00 9 75.00 23 10.00
990 1 15 665.7 16.8 56.3 45.9 3.92 5 1 0 2 6 5 6 26 175.00 35 95.00 9 70.00 6 1.00 23 20.00 36 1.00
991 2 43 454.9 14.8 66.1 15.8 1.90 5 1 0 2 6 5 7 47 95.00 48 95.00 48 105.00 17 60.00 9 65.00 18 15.00 23 15.00
992 3 0 299.4 9.3 31.8 17.9 1.03 5 1 0 2 6 5 2 51 1.00 24 35.00
993 2 26 595.2 51.6 31.7 30.9 4.66 4 2 6 4 5 6 15 175.00 20 65.00 8 95.00 17 70.00 29 25.00 18 10.00
994 3 11 317.2 8.1 14.3 28.1 2.31 4 1 0 2 5 3 4 95.00 33 35.00 27 10.00
995 2 31 829.5 70.0 31.0 46.3 3.94 2 4 5 6 2 155.00 22 75.00 45 45.00 46 40.00 18 15.00 14 15.00
996 1 17 413.2 23.0 42.6 18.1 2.03 2 0 5 6 22 85.00 41 105.00 12 55.00 18 10.00 24 10.00 0 40.00
997 2 27 940.3 84.4 34.2 50.3 4.68 2 4 5 6 2 205.00 22 85.00 45 55.00 46 35.00 18 15.00 14 15.00
998 2 26 564.5 48.1 31.0 29.2 4.38 4 2 6 4 5 6 15 165.00 20 70.00 8 95.00 17 55.00 29 15.00 18 10.00
999 0 1 451.5 25.7 38.7 24.5 4.06 4 0 2 4 5 5 5 185.00 30 70.00 4 40.00 27 30.00 25 15.00
1000 1 10 432.4 43.0 47.7 7.7 2.79 2 4 5 5 37 130.00 38 2.00 39 35.00 9 40.00 5 30.00
1001 1 12 527.0 13.9 47.8 35.1 3.50 5 1 0 2 6 5 6 26 135.00 35 80.00 9 70.00 6 1.00 23 10.00 36 1.00
1002 1 20 405.4 44.5 27.5 12.3 3.42 5 1 0 2 6 5 6 37 160.00 20 75.00 8 60.00 17 40.00 9 75.00 23 10.00
1003 2 20 493.9 29.8 50.8 22.5 4.19 4 1 0 6 5 7 32 230.00 22 80.00 1 75.00 10 85.00 29 25.00 25 15.00 23 10.00
1004 2 26 566.0 69.0 14.1 27.5 7.94 5 3 2 4 7 5 6 49 240.00 50 170.00 9 65.00 18 15.00 14 25.00 46 20.00
1005 3 1 270.0 8.0 30.8 15.4 0.99 5 1 0 2 6 5 2 51 1.00 24 30.00
1006 1 19 557.6 15.7 52.9 35.6 3.64 5 1 0 2 6 5 6 26 160.00 35 90.00 9 65.00 6 1.00 23 10.00 36 1.00
1007 2 32 495.1 28.0 54.0 21.9 4.31 4 1 0 6 5 7 32 225.00 19 95.00 1 80.00 10 105.00 29 25.00 25 15.00 23 10.00
1008 1 18 697.1 52.7 59.2 29.7 4.11 2 4 5 5 37 160.00 38 2.00 6 1.00 9 40.00 5 25.00
1009 2 39 744.9 43.0 42.4 44.5 7.03 3 2 4 5 6 43 180.00 44 135.00 10 120.00 14 25.00 18 15.00 36 1.00
1010 3 10 270.0 8.0 30.8 15.4 0.99 5 1 0 2 6 5 2 51 1.00 24 30.00
1011 1 21 547.5 12.6 43.8 39.7 3.48 5 1 0 2 6 5 6 26 115.00 35 70.00 9 80.00 6 1.00 23 15.00 36 1.00
1012 0 21 335.7 19.8 11.2 25.9 2.89 6 1 0 2 6 4 5 5 32 220.00 0 50.00 8 40.00 23 15.00 17 30.00
1013 2 36 821.8 76.1 40.1 38.1 4.20 2 4 5 6 2 215.00 22 105.00 45 45.00 3 30.00 18 15.00 14 15.00
1014 1 26 383.3 20.8 42.1 16.0 1.98 2 0 5 6 22 80.00 41 120.00 12 45.00 18 10.00 24 10.00 0 40.00
1015 0 13 434.4 23.2 5.8 36.0 2.54 5 0 3 2 4 5 5 7 3.00 0 55.00 1 60.00 14 15.00 45 25.00
1016 2 35 872.3 77.8 29.1 48.4 4.90 2 4 5 6 2 180.00 34 100.00 45 45.00 46 40.00 18 15.00 14 15.00
1017 3 11 291.6 8.0 19.3 23.2 1.49 4 1 0 2 5 3 10 95.00 33 35.00 25 10.00
1018 1 11 328.4 39.8 31.5 4.5 2.41 2 4 5 5 37 110.00 13 2.00 39 30.00 9 40.00 5 30.00
1019 0 15 375.6 22.2 4.7 30.4 2.23 5 0 3 2 4 5 5 7 2.00 0 40.00 1 65.00 14 15.00 11 25.00
1020 3 14 313.3 8.4 13.0 28.1 1.98 4 1 0 2 5 3 4 80.00 33 35.00 24 10.00
1021 1 13 440.6 44.5 48.1 7.8 2.95 2 4 5 5 37 135.00 38 2.00 39 45.00 9 45.00 5 30.00
1022 3 15 405.8 16.6 49.5 18.5 1.77 3 0 2 5 5 31 1.00 3 155.00 5 60.00 27 20.00 25 10.00
1023 2 32 829.2 56.6 47.1 44.9 8.82 3 2 4 5 6 43 245.00 44 160.00 10 140.00 14 15.00 18 10.00 36 1.00
1024 2 40 958.8 86.9 31.0 52.8 4.99 2 4 5 6 2 220.00 20 100.00 45 60.00 46 35.00 18 15.00 14 15.00
1025 3 12 296.1 6.2 21.9 23.2 2.54 4 1 0 2 5 3 4 115.00 33 35.00 25 10.00
1026 0 25 268.1 16.7 11.9 19.0 2.62 6 1 0 2 6 4 5 5 32 180.00 0 45.00 8 60.00 23 10.00 17 35.00
1027 2 37 681.7 41.1 49.5 35.0 6.73 3 2 4 5 6 43 170.00 44 175.00 10 105.00 14 15.00 18 15.00 36 1.00
1028 0 5 399.8 21.0 30.4 21.7 1.40 2 0 5 5 13 2.00 9 1.00 7 2.00 23 10.00 9 40.00
1029 2 40 464.2 14.8 68.4 15.9 2.10 5 1 0 2 6 5 7 47 90.00 48 70.00 48 140.00 17 65.00 9 95.00 18 15.00 23 15.00
1030 0 17 667.4 25.7 92.1 25.1 1.29 4 1 0 6 5 5 21 75.00 3 120.00 31 1.00 24 25.00 28 10.00
1031 2 35 439.1 14.8 62.3 16.0 2.07 5 1 0 2 6 5 7 47 105.00 16 70.00 48 140.00 17 45.00 9 85.00 18 10.00 23 15.00
1032 3 4 202.3 14.3 3.1 14.8 0.98 5 0 3 2 4 5 3 7 1.00 11 30.00 35 65.00
1033 2 37 844.6 51.6 56.8 45.1 8.29 3 2 4 5 6 43 215.00 44 200.00 10 140.00 14 20.00 18 15.00 36 1.00
1034 2 21 728.2 63.0 36.5 38.7 5.47 4 2 6 4 5 6 15 220.00 20 90.00 8 95.00 17 65.00 29 15.00 18 10.00
1035 0 15 503.3 12.1 42.2 34.7 2.05 2 0 5 5 13 2.00 6 1.00 46 2.00 23 10.00 9 35.00
1036 3 7 299.4 9.3 31.8 17.9 1.03 5 1 0 2 6 5 2 51 1.00 24 35.00
1037 1 32 557.9 67.1 28.7 18.8 4.43 3 2 4 5 6 2 195.00 34 65.00 10 95.00 16 55.00 23 10.00 18 10.00
1038 0 13 466.2 23.8 39.5 26.7 3.78 3 0 2 5 5 5 175.00 4 100.00 28 15.00 25 20.00 33 20.00
1039 3 12 280.5 6.8 16.9 23.2 1.57 4 1 0 2 5 3 50 125.00 33 35.00 25 10.00
1040 0 13 639.6 24.0 43.1 43.7 2.64 2 0 5 5 13 2.00 6 1.00 7 2.00 23 10.00 9 40.00
1041 1 26 435.5 19.2 55.3 17.1 2.15 3 2 4 5 6 47 150.00 34 55.00 10 75.00 16 55.00 23 15.00 18 10.00
1042 1 26 571.8 58.7 32.3 23.0 4.30 3 2 4 5 6 2 165.00 34 75.00 10 110.00 16 60.00 23 15.00 18 10.00
1043 2 21 726.2 63.3 35.8 38.7 5.39 4 2 6 4 5 6 15 220.00 20 90.00 8 80.00 17 65.00 29 20.00 18 10.00
1044 1 22 374.5 13.2 55.6 11.8 2.31 5 1 0 2 6 5 6 40 120.00 20 85.00 8 85.00 17 40.00 9 70.00 23 10.00
1045 1 27 478.0 23.7 39.6 26.2 2.29 2 0 5 6 22 80.00 41 105.00 12 70.00 18 10.00 23 10.00 0 45.00
1046 1 7 436.4 43.3 48.5 7.7 2.95 2 4 5 5 37 130.00 38 2.00 39 50.00 9 50.00 5 30.00
1047 1 14 462.9 48.8 48.4 8.1 3.16 2 4 5 5 37 150.00 38 2.00 39 40.00 9 50.00 5 35.00
1048 3 10 1934.2 14.6 42.7 196.1 3.64 3 0 2 5 5 31 1.00 14 225.00 5 70.00 27 20.00 25 10.00
1049 0 3 425.0 24.7 32.4 24.3 3.18 3 0 2 5 5 5 195.00 4 60.00 28 15.00 25 15.00 33 15.00
1050 0 15 324.0 18.3 11.6 25.0 2.79 6 1 0 2 6 4 5 5 32 200.00 0 50.00 8 45.00 23 15.00 17 35.00
1051 1 17 868.9 63.1 60.9 43.4 5.05 2 4 5 6 2 170.00 38 2.00 6 1.00 39 55.00 9 65.00 23 10.00
1052 0 8 656.4 24.2 46.3 43.9 3.60 2 0 5 5 13 2.00 6 1.00 7 2.00 23 10.00 36 2.00
1053 2 32 520.8 38.9 39.5 24.3 3.45 5 1 0 2 6 5 7 42 125.00 16 90.00 48 110.00 17 50.00 9 65.00 18 15.00 23 15.00
1054 0 11 467.6 23.4 34.2 29.4 3.44 3 0 2 5 5 5 165.00 4 80.00 28 15.00 25 15.00 33 25.00
1055 0 15 562.1 37.5 6.0 43.3 3.04 5 0 3 2 4 5 5 7 4.00 0 55.00 1 60.00 14 15.00 11 35.00
1056 1 35 657.0 66.5 31.9 28.9 4.71 3 2 4 5 6 2 190.00 34 80.00 10 110.00 16 45.00 23 20.00 18 10.00
1057 2 30 490.2 28.7 39.1 27.9 3.96 4 1 0 6 5 7 32 195.00 19 75.00 1 75.00 10 120.00 29 20.00 24 15.00 23 10.00
1058 2 23 713.6 61.3 37.9 37.1 5.37 4 2 6 4 5 6 15 210.00 20 100.00 8 95.00 17 50.00 29 25.00 18 10.00
1059 3 8 299.4 9.3 31.8 17.9 1.03 5 1 0 2 6 5 2 51 1.00 24 35.00
1060 0 6 678.4 26.5 91.1 26.4 1.43 4 1 0 6 5 5 21 70.00 3 170.00 31 1.00 24 25.00 28 10.00
1061 0 13 750.6 29.5 96.0 31.4 1.49 4 1 0 6 5 5 21 75.00 3 160.00 31 1.00 24 35.00 28 10.00
1062 1 20 567.4 24.3 51.5 30.1 2.48 2 0 5 6 22 110.00 41 150.00 11 55.00 18 10.00 23 10.00 0 40.00
1063 0 8 501.8 11.8 41.9 34.8 2.00 2 0 5 5 13 2.00 6 1.00 11 2.00 23 10.00 9 30.00
1064 0 2 461.2 22.5 34.6 28.9 3.51 3 0 2 5 5 5 155.00 4 90.00 28 15.00 25 15.00 33 25.00
1065 2 30 493.2 26.5 53.9 22.1 4.19 4 1 0 6 5 7 32 235.00 19 80.00 1 95.00 16 110.00 29 20.00 25 15.00 23 10.00
1066 1 20 396.8 35.2 48.3 7.2 2.55 2 4 5 5 37 100.00 38 2.00 39 50.00 9 50.00 5 25.00
1067 1 13 821.5 54.3 63.1 43.1 5.02 2 4 5 6 42 155.00 38 2.00 6 1.00 39 50.00 9 70.00 27 10.00
1068 3 10 249.8 15.5 10.3 16.5 1.89 5 0 3 2 4 5 3 7 1.00 11 35.00 30 65.00
1069 2 32 661.8 58.7 33.6 34.7 5.63 4 2 6 4 5 6 15 195.00 20 95.00 8 85.00 1 65.00 29 25.00 18 10.00
1070 1 23 542.5 56.7 28.6 22.5 4.14 3 2 4 5 6 2 160.00 34 55.00 10 125.00 16 55.00 23 15.00 18 10.00
1071 2 27 667.4 56.3 37.6 33.9 4.92 4 2 6 4 5 6 15 195.00 19 80.00 8 100.00 17 55.00 29 15.00 18 10.00
1072 0 10 514.0 15.2 22.9 44.0 3.17 6 1 0 2 6 4 5 5 32 140.00 6 1.00 8 55.00 23 15.00 17 45.00
1073 3 7 194.8 11.6 2.2 15.7 0.78 5 0 3 2 4 5 3 14 1.00 11 45.00 35 45.00
1074 0 18 366.4 17.9 11.9 29.7 2.84 6 1 0 2 6 4 5 5 32 195.00 0 50.00 8 45.00 23 20.00 17 40.00
1075 2 40 878.3 67.8 38.6 49.4 3.96 2 4 5 6 2 155.00 22 95.00 45 50.00 46 30.00 18 20.00 14 20.00
1076 2 36 449.2 15.9 64.0 16.0 2.16 5 1 0 2 6 5 7 47 115.00 16 70.00 48 115.00 17 50.00 9 90.00 18 20.00 23 15.00
1077 2 34 678.2 60.8 28.8 37.5 5.07 4 2 6 4 5 6 15 215.00 20 65.00 8 70.00 17 60.00 29 15.00 18 10.00
1078 1 10 697.9 51.4 30.4 44.5 4.68 2 4 5 6 42 160.00 13 1.00 6 1.00 39 45.00 9 60.00 23 10.00
1079 1 15 637.3 15.2 51.6 45.4 3.85 5 1 0 2 6 5 6 26 150.00 35 70.00 9 100.00 6 1.00 23 20.00 36 1.00
1080 0 8 695.6 27.1 91.2 28.2 1.41 4 1 0 6 5 5 21 70.00 3 150.00 31 1.00 24 30.00 28 10.00
1081 1 12 613.3 13.8 47.6 45.0 3.75 5 1 0 2 6 5 6 26 130.00 35 70.00 9 100.00 6 1.00 23 20.00 36 1.00
1082 3 13 216.6 14.4 5.6 14.9 1.86 5 0 3 2 4 5 3 7 1.00 11 30.00 36 2.00
1083 0 16 445.3 28.2 4.8 35.1 2.41 5 0 3 2 4 5 5 7 3.00 0 40.00 1 55.00 14 15.00 11 25.00
1084 3 15 282.0 19.2 3.2 21.4 1.20 5 0 3 2 4 5 3 7 1.00 11 50.00 35 60.00
1085 2 32 413.2 15.4 55.8 16.1 2.28 5 1 0 2 6 5 7 47 100.00 16 70.00 48 95.00 17 55.00 0 80.00 18 15.00 23 15.00
1086 0 7 654.0 25.2 89.2 25.1 1.31 4 1 0 6 5 5 21 70.00 3 130.00 31 1.00 24 25.00 28 10.00
1087 0 6 688.7 26.9 93.7 26.2 1.40 4 1 0 6 5 5 21 75.00 3 155.00 31 1.00 24 25.00 28 10.00
1088 1 7 471.1 50.2 48.9 8.2 3.32 2 4 5 5 37 155.00 38 2.00 39 50.00 9 55.00 5 35.00
1089 1 15 682.0 23.6 52.7 45.1 3.36 2 0 5 6 22 95.00 41 95.00 12 55.00 6 1.00 23 10.00 0 50.00
1090 2 41 421.9 17.6 66.5 11.1 2.09 5 1 0 2 6 5 7 47 140.00 16 95.00 48 95.00 17 60.00 9 70.00 18 15.00 23 10.00
1091 2 26 851.0 79.3 22.2 48.2 4.46 2 4 5 6 2 200.00 20 70.00 45 50.00 46 35.00 18 10.00 14 15.00
1092 0 1 460.2 27.0 30.2 28.4 3.49 3 0 2 5 5 5 210.00 4 70.00 28 15.00 25 10.00 33 20.00
1093 0 9 712.8 27.7 91.2 30.1 1.39 4 1 0 6 5 5 21 70.00 3 130.00 31 1.00 24 35.00 28 10.00
1094 0 8 640.5 24.0 43.3 43.7 2.67 2 0 5 5 13 2.00 6 1.00 7 2.00 23 10.00 9 45.00
1095 0 19 656.4 24.2 46.3 43.9 3.60 2 0 5 5 13 2.00 6 1.00 7 2.00 23 10.00 36 2.00
1096 0 8 480.3 25.5 36.7 28.7 3.65 3 0 2 5 5 5 185.00 4 85.00 28 20.00 25 15.00 33 20.00
1097 1 29 515.4 24.9 47.1 26.5 2.46 2 0 5 6 22 95.00 41 145.00 12 70.00 18 10.00 23 10.00 0 35.00
1098 0 8 640.5 24.0 43.3 43.7 2.67 2 0 5 5 13 2.00 6 1.00 7 2.00 23 10.00 9 45.00
1099 2 27 458.4 25.1 51.3 20.2 4.15 4 1 0 6 5 7 32 190.00 19 85.00 1 90.00 10 115.00 29 20.00 25 15.00 23 10.00
1100 0 2 465.3 29.5 38.0 24.5 4.19 4 0 2 4 5 5 5 235.00 30 60.00 4 40.00 27 25.00 25 15.00
1101 1 19 267.4 39.0 18.2 3.9 2.46 2 4 5 5 37 120.00 13 1.00 39 35.00 9 50.00 5 35.00
1102 0 6 495.9 11.4 42.2 34.2 2.02 2 0 5 5 13 2.00 6 1.00 3 2.00 23 10.00 9 35.00
1103 0 12 289.4 16.5 5.5 22.9 1.91 5 0 3 2 4 5 5 7 2.00 0 55.00 1 45.00 14 15.00 3 25.00
1104 1 20 640.2 75.0 28.4 24.6 4.92 3 2 4 5 6 2 220.00 34 55.00 10 115.00 16 60.00 23 15.00 18 10.00
1105 0 14 315.7 14.7 15.9 23.2 2.35 6 1 0 2 6 4 5 5 32 165.00 16 65.00 8 55.00 23 15.00 17 35.00
1106 3 1 663.8 14.7 51.8 47.6 2.18 3 0 2 5 5 31 1.00 3 180.00 45 80.00 27 25.00 25 10.00
1107 1 27 471.9 22.3 43.7 24.2 2.30 2 0 5 6 22 90.00 41 120.00 12 60.00 18 10.00 23 10.00 0 45.00
1108 1 20 663.8 46.0 30.3 43.1 4.38 2 4 5 6 42 140.00 13 1.00 6 1.00 39 50.00 9 55.00 23 10.00
1109 1 23 784.6 41.1 61.2 45.3 4.31 2 4 5 6 42 115.00 38 2.00 6 1.00 9 50.00 9 65.00 23 10.00
1110 1 25 586.3 60.4 33.5 23.2 4.40 3 2 4 5 6 2 170.00 34 80.00 10 105.00 16 65.00 23 15.00 18 10.00
1111 0 10 331.9 14.2 12.0 27.2 2.71 6 1 0 2 6 4 5 5 32 140.00 0 70.00 8 60.00 23 20.00 17 35.00
1112 1 12 453.1 47.1 48.3 7.8 3.09 2 4 5 5 37 145.00 38 2.00 39 45.00 9 50.00 5 30.00
1113 2 20 539.6 62.2 14.0 27.2 7.15 5 3 2 4 7 5 6 49 190.00 50 205.00 9 80.00 18 10.00 14 20.00 7 2.00
1114 2 19 517.8 67.1 15.4 22.3 7.62 5 3 2 4 7 5 6 49 215.00 50 195.00 9 70.00 18 15.00 14 15.00 46 30.00
1115 1 22 868.2 54.8 60.8 48.8 5.11 2 4 5 6 42 165.00 38 2.00 6 1.00 39 45.00 9 70.00 23 10.00
1116 1 22 402.1 15.4 60.5 11.9 2.42 5 1 0 2 6 5 6 40 150.00 20 75.00 8 80.00 17 55.00 9 70.00 23 10.00
1117 3 -1 288.1 6.0 20.0 23.1 2.17 4 1 0 2 5 3 4 90.00 33 35.00 25 10.00
1118 3 -1 225.9 4.5 19.4 16.6 2.12 4 1 0 2 5 3 4 100.00 33 25.00 25 10.00
1119 1 11 555.3 13.0 45.2 39.8 3.57 5 1 0 2 6 5 6 26 120.00 35 70.00 9 90.00 6 1.00 23 15.00 36 1.00
1120 2 32 879.9 81.5 29.4 47.0 4.52 2 4 5 6 2 210.00 22 70.00 45 65.00 46 25.00 18 15.00 14 10.00
1121 1 32 560.2 55.5 33.3 22.7 4.14 3 2 4 5 6 2 155.00 34 80.00 10 95.00 16 70.00 23 15.00 18 10.00
1122 1 8 556.0 13.1 45.0 39.9 3.42 5 1 0 2 6 5 6 26 125.00 35 65.00 9 65.00 6 1.00 23 15.00 36 1.00
1123 3 7 423.9 18.7 49.9 19.4 1.94 3 0 2 5 5 31 1.00 3 145.00 5 85.00 27 20.00 25 10.00
1124 0 10 518.7 30.8 45.5 27.1 4.73 4 0 2 4 5 5 5 235.00 30 65.00 4 60.00 27 30.00 25 20.00
1125 2 25 685.7 45.8 27.4 42.8 8.28 3 2 4 5 6 43 195.00 8 180.00 10 115.00 14 20.00 18 20.00 36 1.00
1126 0 17 360.0 23.3 4.8 28.0 2.21 5 0 3 2 4 5 5 7 2.00 0 55.00 1 50.00 14 10.00 11 30.00
1127 2 38 798.5 46.9 56.2 42.4 7.56 3 2 4 5 6 43 195.00 44 200.00 10 105.00 14 20.00 18 20.00 36 1.00
1128 0 13 369.6 23.5 6.7 28.1 2.38 5 0 3 2 4 5 5 7 3.00 0 45.00 1 65.00 14 15.00 3 35.00
1129 2 19 537.9 67.3 14.5 24.8 7.66 5 3 2 4 7 5 6 49 225.00 50 160.00 9 80.00 18 15.00 14 20.00 46 25.00
1130 2 30 557.4 45.3 37.0 26.8 4.29 4 2 6 4 5 6 15 150.00 20 90.00 8 100.00 17 65.00 29 20.00 18 10.00
1131 1 16 389.9 17.3 35.6 20.8 1.88 2 0 5 6 22 70.00 41 105.00 12 45.00 18 10.00 23 10.00 0 35.00
1132 1 13 783.7 41.4 60.8 45.3 4.41 2 4 5 6 42 115.00 38 2.00 6 1.00 39 60.00 9 60.00 23 10.00
1133 0 11 600.6 23.1 77.9 25.0 1.37 4 1 0 6 5 5 21 50.00 3 170.00 31 1.00 24 25.00 28 10.00
1134 1 13 794.9 50.6 62.5 42.1 4.65 2 4 5 6 42 140.00 38 2.00 6 1.00 39 55.00 9 55.00 24 10.00
1135 0 15 476.1 18.7 31.6 32.6 3.39 3 0 2 5 5 5 155.00 4 95.00 28 15.00 25 15.00 23 20.00
1136 3 11 243.3 16.8 3.4 18.1 1.13 5 0 3 2 4 5 3 7 1.00 11 40.00 35 70.00
1137 1 25 435.6 18.3 66.0 11.9 2.47 5 1 0 2 6 5 6 40 195.00 20 65.00 8 65.00 17 50.00 9 70.00 23 10.00
1138 1 16 426.9 16.1 66.4 11.9 2.05 5 1 0 2 6 5 6 40 160.00 20 85.00 16 70.00 17 60.00 9 50.00 23 10.00
1139 0 7 675.8 26.3 83.0 30.2 1.45 4 1 0 6 5 5 21 55.00 3 165.00 31 1.00 24 35.00 28 10.00
1140 1 28 436.6 16.9 67.1 12.1 2.48 5 1 0 2 6 5 6 40 165.00 20 95.00 8 80.00 17 50.00 9 55.00 23 10.00
1141 3 14 495.5 22.0 54.4 24.2 2.25 3 0 2 5 5 31 1.00 3 215.00 5 85.00 27 25.00 25 10.00
1142 0 8 504.2 11.5 42.8 34.9 2.12 2 0 5 5 13 2.00 6 1.00 45 2.00 23 10.00 9 50.00
1143 1 18 455.4 18.1 70.6 12.2 2.57 5 1 0 2 6 5 6 40 180.00 20 95.00 8 70.00 17 55.00 9 70.00 23 10.00
1144 0 1 475.4 27.1 34.4 28.4 3.55 3 0 2 5 5 5 210.00 4 70.00 28 15.00 25 15.00 33 20.00
1145 2 20 680.6 57.8 37.0 35.3 5.00 4 2 6 4 5 6 15 200.00 20 100.00 8 80.00 17 55.00 29 15.00 18 10.00
1146 3 10 221.7 15.5 3.0 16.4 1.02 5 0 3 2 4 5 3 7 1.00 11 35.00 35 60.00
1147 2 15 410.4 59.6 16.2 13.2 6.64 5 3 2 4 7 5 6 49 170.00 50 195.00 9 85.00 18 15.00 12 15.00 46 30.00
1148 1 25 467.4 18.8 72.5 12.2 2.60 5 1 0 2 6 5 6 40 190.00 20 100.00 8 85.00 17 40.00 9 50.00 23 10.00
1149 0 22 475.5 29.7 7.2 36.9 2.34 5 0 3 2 4 5 5 7 3.00 0 55.00 10 55.00 14 15.00 11 30.00
1150 3 4 299.4 9.3 31.8 17.9 1.03 5 1 0 2 6 5 2 51 1.00 24 35.00
1151 0 13 493.4 35.1 6.0 36.5 2.93 5 0 3 2 4 5 5 7 3.00 0 50.00 1 65.00 14 15.00 7 2.00
1152 1 13 462.2 48.7 48.2 8.1 3.12 2 4 5 5 37 150.00 38 2.00 39 35.00 9 50.00 5 35.00
1153 3 3 260.4 17.9 2.8 19.7 1.09 5 0 3 2 4 5 3 7 1.00 11 45.00 35 50.00
1154 0 16 480.1 35.2 6.1 35.0 2.84 5 0 3 2 4 5 5 7 4.00 0 50.00 1 55.00 45 20.00 11 25.00
1155 0 13 600.5 19.0 37.3 44.2 2.52 2 0 5 5 38 1.00 6 1.00 7 2.00 23 10.00 9 45.00
1156 0 19 641.2 24.8 42.9 43.8 2.88 2 0 5 5 13 2.00 6 1.00 7 2.00 23 10.00 1 40.00
1157 3 11 200.8 14.2 2.8 14.8 0.93 5 0 3 2 4 5 3 7 1.00 11 30.00 35 55.00
1158 0 22 452.0 30.9 5.3 34.4 2.58 5 0 3 2 4 5 5 7 3.00 0 50.00 1 55.00 14 10.00 11 35.00
1159 2 35 506.8 43.0 29.4 25.7 3.80 4 2 6 4 5 6 15 145.00 20 65.00 8 60.00 17 70.00 29 20.00 18 10.00
1160 2 33 870.3 58.4 54.1 45.6 9.12 3 2 4 5 6 43 250.00 44 185.00 10 145.00 14 15.00 18 15.00 36 1.00
1161 0 10 641.4 24.1 43.5 43.8 2.70 2 0 5 5 13 2.00 6 1.00 7 2.00 23 10.00 9 50.00
1162 1 25 645.0 73.6 31.0 24.6 4.90 3 2 4 5 6 2 215.00 34 65.00 10 100.00 16 75.00 23 15.00 18 10.00
1163 3 9 69.2 2.6 15.6 0.4 1.52 4 1 0 2 5 3 4 80.00 29 25.00 25 10.00
1164 0 19 279.9 17.3 14.2 19.1 2.65 6 1 0 2 6 4 5 5 32 180.00 0 60.00 8 45.00 23 10.00 48 35.00
1165 1 6 395.1 35.0 48.0 7.2 2.49 2 4 5 5 37 100.00 38 2.00 39 45.00 9 45.00 5 25.00
1166 0 8 627.0 23.5 82.3 25.8 1.68 4 1 0 6 5 5 21 55.00 3 185.00 31 1.00 27 25.00 28 10.00
1167 0 12 370.1 18.6 11.8 30.0 2.99 6 1 0 2 6 4 5 5 32 200.00 0 60.00 8 50.00 23 20.00 17 30.00
1168 2 44 333.4 16.6 67.3 1.1 2.06 5 1 0 2 6 5 7 47 120.00 16 65.00 48 130.00 17 55.00 9 95.00 18 15.00 41 15.00
1169 1 20 622.9 14.7 49.0 45.2 3.32 5 1 0 2 6 5 6 26 145.00 35 95.00 9 95.00 6 1.00 23 20.00 48 1.00
1170 0 23 457.6 31.7 6.1 34.5 2.87 5 0 3 2 4 5 5 7 3.00 0 55.00 1 75.00 14 10.00 11 35.00
1171 2 29 824.4 56.4 46.1 44.8 8.70 3 2 4 5 6 43 245.00 44 145.00 10 120.00 14 15.00 18 20.00 36 1.00
1172 0 15 477.4 27.4 13.2 35.0 2.00 5 0 3 2 4 5 5 7 3.00 0 45.00 44 50.00 14 15.00 11 25.00
1173 0 13 641.4 24.1 43.5 43.8 2.70 2 0 5 5 13 2.00 6 1.00 7 2.00 23 10.00 9 50.00
1174 2 33 606.7 46.1 42.8 27.1 6.74 3 2 4 5 6 43 165.00 44 140.00 10 130.00 7 1.00 18 10.00 36 1.00
1175 1 17 649.0 15.9 53.5 45.6 3.89 5 1 0 2 6 5 6 26 160.00 35 80.00 9 90.00 6 1.00 23 20.00 36 1.00
1176 0 8 466.7 28.1 41.7 23.8 4.25 4 0 2 4 5 5 5 220.00 30 50.00 4 60.00 27 25.00 25 20.00
1177 2 26 572.9 68.5 15.9 25.9 4.91 5 3 2 4 7 5 6 37 215.00 50 160.00 9 85.00 18 20.00 14 20.00 46 25.00
1178 2 30 987.8 80.8 36.3 56.5 4.65 2 4 5 6 2 185.00 22 90.00 45 70.00 46 40.00 18 15.00 14 15.00
1179 1 15 582.5 14.6 49.6 40.3 3.60 5 1 0 2 6 5 6 26 145.00 35 75.00 9 70.00 6 1.00 23 15.00 36 1.00
1180 2 29 719.9 40.3 54.5 37.9 6.79 3 2 4 5 6 43 160.00 44 190.00 10 135.00 14 20.00 18 15.00 36 1.00
1181 3 15 396.1 20.1 43.0 18.3 1.96 3 0 2 5 5 31 1.00 3 180.00 5 90.00 27 15.00 29 10.00
1182 0 7 446.2 27.6 37.3 23.5 4.09 4 0 2 4 5 5 5 215.00 30 55.00 4 50.00 27 25.00 25 15.00
1183 1 20 870.5 55.0 61.2 48.9 5.21 2 4 5 6 42 165.00 38 2.00 6 1.00 39 60.00 9 70.00 23 10.00
1184 3 9 202.4 5.3 12.0 16.7 2.16 4 1 0 2 5 3 4 105.00 33 25.00 29 10.00
1185 1 19 805.9 45.3 60.2 46.4 4.50 2 4 5 6 42 130.00 38 2.00 6 1.00 39 50.00 9 50.00 23 10.00
1186 0 7 464.4 22.5 35.4 29.0 3.66 3 0 2 5 5 5 155.00 4 100.00 28 15.00 25 15.00 33 25.00
1187 1 30 631.6 76.4 34.6 20.2 5.13 3 2 4 5 6 2 220.00 34 85.00 10 120.00 16 55.00 23 10.00 18 10.00
1188 0 5 534.0 28.3 38.5 33.0 3.99 3 0 2 5 5 5 205.00 4 90.00 28 20.00 25 15.00 33 25.00
1189 2 28 740.7 41.7 54.8 39.1 6.91 3 2 4 5 6 43 170.00 44 200.00 10 110.00 14 20.00 18 15.00 36 1.00
1190 2 35 492.7 23.2 63.3 20.0 4.22 4 1 0 6 5 7 32 190.00 19 75.00 1 100.00 10 100.00 25 20.00 25 15.00 23 10.00
1191 3 2 230.7 4.6 20.5 16.6 2.34 4 1 0 2 5 3 4 115.00 33 25.00 25 10.00
1192 3 14 230.7 4.6 20.5 16.6 2.34 4 1 0 2 5 3 4 115.00 33 25.00 25 10.00
1193 0 12 397.8 21.2 29.4 24.4 3.47 3 0 2 5 5 5 155.00 4 95.00 29 15.00 25 15.00 33 25.00
1194 1 21 389.6 14.7 58.0 11.8 2.15 5 1 0 2 6 5 6 40 145.00 20 80.00 8 65.00 17 45.00 9 50.00 23 10.00
1195 2 24 734.8 56.7 53.2 35.2 5.05 4 2 6 4 5 6 15 200.00 20 100.00 8 65.00 17 70.00 25 20.00 18 10.00
1196 3 17 131.0 11.8 4.7 7.4 1.05 5 0 3 2 4 5 3 7 1.00 5 50.00 35 70.00
1197 2 40 841.9 49.7 61.2 43.8 8.06 3 2 4 5 6 43 205.00 44 225.00 10 130.00 14 20.00 18 15.00 36 1.00
1198 0 14 487.8 30.9 5.3 38.5 2.64 5 0 3 2 4 5 5 7 3.00 0 45.00 1 60.00 14 15.00 11 35.00
1199 1 29 503.5 23.5 49.9 24.5 2.46 2 0 5 6 22 105.00 41 140.00 12 60.00 18 10.00 23 10.00 0 45.00
1200 2 33 531.2 29.1 44.6 29.7 3.79 4 1 0 6 5 7 32 180.00 19 95.00 1 65.00 10 110.00 29 25.00 24 20.00 23 10.00
1201 1 13 891.9 58.8 60.4 49.9 5.28 2 4 5 6 42 180.00 38 2.00 6 1.00 39 45.00 9 60.00 23 10.00
1202 0 16 398.6 20.9 30.1 21.7 1.33 2 0 5 5 13 2.00 48 1.00 7 2.00 23 10.00 9 30.00
1203 3 13 291.4 19.2 5.4 21.4 1.08 5 0 3 2 4 5 3 7 1.00 11 50.00 16 45.00
1204 1 18 443.0 21.1 38.0 24.0 2.14 2 0 5 6 22 75.00 41 110.00 12 60.00 18 10.00 23 10.00 0 40.00
1205 1 28 365.9 17.4 61.2 6.8 2.25 5 1 0 2 6 5 6 40 145.00 20 80.00 8 75.00 17 45.00 9 65.00 24 10.00
1206 2 30 928.2 85.2 38.8 46.4 4.68 2 4 5 6 2 205.00 22 100.00 45 55.00 46 35.00 18 15.00 14 10.00
1207 1 14 807.4 45.4 60.4 46.4 4.57 2 4 5 6 42 130.00 38 2.00 6 1.00 39 60.00 9 50.00 23 10.00
1208 1 22 531.6 52.5 30.5 22.3 4.13 3 2 4 5 6 2 145.00 34 75.00 10 120.00 16 65.00 23 15.00 0 10.00
1209 2 27 504.8 59.0 14.7 24.8 6.88 5 3 2 4 7 5 6 49 190.00 50 180.00 9 70.00 18 15.00 14 20.00 46 25.00
1210 2 26 485.3 52.3 16.9 24.7 6.29 5 3 2 4 7 5 6 49 160.00 50 175.00 9 90.00 18 20.00 14 20.00 46 25.00
1211 2 34 396.9 22.3 39.8 19.3 3.54 4 1 0 6 5 7 32 175.00 19 65.00 1 65.00 10 105.00 29 20.00 25 10.00 23 10.00
1212 2 27 691.2 50.7 55.9 28.5 7.81 3 2 4 5 6 43 205.00 44 200.00 10 115.00 5 20.00 18 15.00 36 1.00
1213 2 30 800.5 30.1 65.2 48.2 2.57 2 4 5 6 26 155.00 22 85.00 45 65.00 46 30.00 18 15.00 14 15.00
1214 0 13 488.7 25.4 35.3 30.4 3.68 3 0 2 5 5 5 185.00 4 85.00 28 15.00 25 15.00 33 25.00
1215 1 22 505.7 11.2 46.6 31.5 2.12 2 0 5 6 22 105.00 41 95.00 45 55.00 18 10.00 23 10.00 0 50.00
1216 3 11 299.4 9.3 31.8 17.9 1.03 5 1 0 2 6 5 2 51 1.00 24 35.00
1217 0 12 673.1 26.1 87.6 27.7 1.38 4 1 0 6 5 5 21 65.00 3 145.00 31 1.00 24 30.00 28 10.00
1218 0 13 507.0 30.2 5.7 40.9 2.78 5 0 3 2 4 5 5 7 3.00 0 60.00 1 60.00 14 20.00 11 30.00
1219 0 5 448.8 25.2 31.5 27.4 3.71 3 0 2 5 5 5 190.00 4 95.00 28 15.00 25 10.00 33 20.00
1220 0 10 449.9 22.2 40.2 25.4 4.15 4 0 2 4 5 5 5 175.00 30 70.00 4 50.00 33 25.00 25 20.00
1221 0 13 300.4 20.6 12.7 21.0 3.15 6 1 0 2 6 4 5 5 32 220.00 0 75.00 8 50.00 23 10.00 17 30.00
1222 0 25 331.6 46.2 8.9 11.8 3.38 6 1 0 2 6 4 5 5 37 170.00 0 65.00 8 55.00 23 10.00 17 35.00
1223 3 11 1257.2 95.3 51.6 76.7 5.77 3 0 2 5 5 31 1.00 46 215.00 5 80.00 27 20.00 25 10.00
1224 3 0 224.3 4.5 19.0 16.6 2.04 4 1 0 2 5 3 4 95.00 33 25.00 25 10.00
1225 1 23 556.9 57.0 31.3 22.7 4.23 3 2 4 5 6 2 160.00 34 65.00 10 120.00 16 65.00 23 15.00 18 10.00
1226 2 36 981.9 72.3 32.8 61.8 4.53 2 4 5 6 2 165.00 20 105.00 45 75.00 46 40.00 18 15.00 14 20.00
1227 3 5 219.5 4.4 17.8 16.5 1.82 4 1 0 2 5 3 4 80.00 33 25.00 25 10.00
1228 0 15 498.3 30.2 41.1 26.8 4.57 4 0 2 4 5 5 5 230.00 30 70.00 4 50.00 27 30.00 25 15.00
1229 0 19 718.7 21.9 58.9 46.7 2.71 2 0 5 5 38 2.00 6 1.00 7 2.00 23 10.00 9 35.00
1230 3 11 238.6 5.7 14.7 19.7 1.28 4 1 0 2 5 3 39 80.00 33 30.00 25 10.00
1231 0 19 661.6 24.6 85.7 28.0 1.30 4 1 0 6 5 5 21 70.00 3 115.00 31 1.00 24 25.00 33 10.00
1232 1 21 860.7 51.4 21.1 68.0 6.18 5 1 0 2 6 5 6 15 180.00 35 90.00 9 70.00 6 1.00 23 15.00 36 1.00
1233 3 12 260.4 17.9 2.8 19.7 1.09 5 0 3 2 4 5 3 7 1.00 11 45.00 35 50.00
1234 0 0 409.2 20.5 31.3 25.1 2.88 3 0 2 5 5 5 145.00 4 60.00 28 15.00 25 15.00 33 20.00
1235 3 10 270.0 8.0 30.8 15.4 0.99 5 1 0 2 6 5 2 51 1.00 24 30.00
1236 0 12 344.2 19.8 14.3 25.6 3.15 6 1 0 2 6 4 5 5 32 210.00 0 65.00 8 55.00 23 15.00 17 50.00
1237 3 7 222.4 15.5 3.2 16.4 1.04 5 0 3 2 4 5 3 7 1.00 11 35.00 35 65.00
1238 3 12 328.8 10.5 32.8 20.4 1.07 5 1 0 2 6 5 2 51 1.00 24 40.00
1239 0 5 1099.2 54.8 74.9 67.6 2.62 4 1 0 6 5 5 21 55.00 11 145.00 31 1.00 24 25.00 28 10.00
1240 1 16 469.1 50.0 48.5 8.2 3.21 2 4 5 5 37 155.00 38 2.00 39 30.00 9 60.00 5 35.00
1241 3 2 404.8 17.5 50.2 17.4 1.85 3 0 2 5 5 31 1.00 3 185.00 5 70.00 27 15.00 25 10.00
1242 2 30 671.3 61.0 26.9 37.5 5.06 4 2 6 4 5 6 15 215.00 20 60.00 8 70.00 17 50.00 29 20.00 18 10.00
1243 1 16 523.5 25.3 48.5 26.4 2.39 2 0 5 6 22 110.00 41 100.00 12 70.00 18 10.00 23 10.00 0 45.00
1244 1 18 558.5 13.2 45.9 39.8 3.67 5 1 0 2 6 5 6 26 120.00 35 85.00 9 95.00 6 1.00 23 15.00 36 1.00
1245 2 25 563.6 48.7 30.3 29.1 4.34 4 2 6 4 5 6 15 165.00 20 65.00 8 80.00 17 65.00 29 25.00 18 10.00
1246 1 10 591.5 15.1 51.2 40.4 3.72 5 1 0 2 6 5 6 26 150.00 35 65.00 9 95.00 6 1.00 23 15.00 36 1.00
1247 2 17 445.4 48.4 14.0 23.1 5.82 5 3 2 4 7 5 6 49 155.00 50 135.00 9 95.00 18 15.00 14 20.00 46 20.00
1248 2 33 374.2 15.0 57.2 11.0 1.93 5 1 0 2 6 5 7 47 115.00 16 60.00 48 90.00 17 50.00 9 90.00 18 15.00 23 10.00
1249 1 25 426.8 20.3 34.9 23.9 1.95 2 0 5 6 22 70.00 41 95.00 12 60.00 18 10.00 23 10.00 0 30.00
1250 0 8 610.0 26.5 45.1 38.7 2.57 2 0 5 5 13 2.00 6 1.00 7 2.00 24 10.00 9 40.00
1251 1 28 513.5 48.7 30.9 21.7 3.73 3 2 4 5 6 2 135.00 34 70.00 10 90.00 16 70.00 23 15.00 18 10.00
1252 2 38 308.1 14.8 63.0 1.1 2.01 5 1 0 2 6 5 7 47 100.00 16 80.00 48 110.00 17 75.00 9 90.00 18 15.00 41 15.00
1253 2 20 573.8 50.3 27.7 30.7 4.34 4 2 6 4 5 6 15 175.00 20 65.00 8 75.00 17 45.00 29 15.00 18 10.00
1254 0 2 495.4 31.1 42.7 25.3 4.43 4 0 2 4 5 5 5 250.00 30 55.00 4 50.00 27 25.00 25 20.00
1255 0 13 686.1 26.7 85.5 30.0 1.42 4 1 0 6 5 5 21 60.00 3 150.00 31 1.00 24 35.00 28 10.00
1256 3 6 358.2 11.8 33.8 22.9 1.11 5 1 0 2 6 5 2 51 1.00 24 45.00
1257 3 8 328.8 10.5 32.8 20.4 1.07 5 1 0 2 6 5 2 51 1.00 24 40.00
1258 0 15 407.4 21.3 31.6 24.4 3.29 3 0 2 5 5 5 160.00 4 85.00 28 10.00 25 15.00 33 20.00
1259 2 38 852.2 50.7 61.2 44.4 8.19 3 2 4 5 6 43 210.00 44 225.00 10 130.00 14 20.00 18 15.00 36 1.00
1260 2 40 584.8 25.3 86.5 17.8 3.15 3 2 4 5 6 47 205.00 44 160.00 10 115.00 14 20.00 18 10.00 36 1.00
1261 3 11 328.8 10.5 32.8 20.4 1.07 5 1 0 2 6 5 2 51 1.00 24 40.00
1262 0 14 475.3 26.3 36.3 27.9 3.92 3 0 2 5 5 5 200.00 4 100.00 28 15.00 25 15.00 33 20.00
1263 0 10 489.1 31.1 5.5 38.5 2.67 5 0 3 2 4 5 5 7 3.00 0 60.00 1 50.00 14 15.00 11 35.00
1264 1 20 487.8 51.1 32.9 17.0 3.94 3 2 4 5 6 2 140.00 34 70.00 10 120.00 16 70.00 23 10.00 18 10.00
1265 3 5 223.2 15.5 3.4 16.4 1.07 5 0 3 2 4 5 3 7 1.00 11 35.00 35 70.00
1266 1 11 655.6 16.2 54.7 45.7 3.94 5 1 0 2 6 5 6 26 165.00 35 90.00 9 85.00 6 1.00 23 20.00 36 1.00
1267 0 5 736.4 29.1 96.2 29.7 1.53 4 1 0 6 5 5 21 75.00 3 185.00 31 1.00 24 30.00 28 10.00
1268 0 16 640.5 24.0 43.3 43.7 2.67 2 0 5 5 13 2.00 6 1.00 7 2.00 23 10.00 9 45.00
1269 2 16 569.6 69.6 17.0 26.3 7.89 5 3 2 4 7 5 6 49 225.00 50 155.00 9 100.00 18 20.00 14 20.00 46 30.00
1270 0 12 483.8 29.8 5.3 38.3 2.38 5 0 3 2 4 5 5 7 3.00 35 50.00 1 55.00 14 15.00 11 35.00
1271 1 23 417.4 15.7 63.7 12.0 2.40 5 1 0 2 6 5 6 40 150.00 20 90.00 8 75.00 17 60.00 9 60.00 23 10.00
1272 0 15 496.8 26.4 35.3 30.9 3.68 3 0 2 5 5 5 195.00 4 80.00 28 15.00 25 15.00 33 25.00
1273 3 7 219.5 4.4 17.8 16.5 1.82 4 1 0 2 5 3 4 80.00 33 25.00 25 10.00
1274 0 12 581.6 24.0 51.4 33.7 2.61 2 0 5 5 13 2.00 6 1.00 7 2.00 25 10.00 9 40.00
1275 1 20 495.9 24.9 40.4 27.2 2.32 2 0 5 6 22 85.00 41 95.00 12 75.00 18 10.00 23 10.00 0 45.00
1276 1 23 380.0 13.6 56.8 11.8 2.22 5 1 0 2 6 5 6 40 125.00 20 85.00 8 65.00 17 55.00 9 70.00 23 10.00
1277 3 3 398.7 17.1 49.8 17.1 1.83 3 0 2 5 5 31 1.00 3 175.00 5 70.00 27 15.00 25 10.00
1278 2 25 716.8 41.4 59.9 34.5 6.92 3 2 4 5 6 43 165.00 44 220.00 10 125.00 14 15.00 18 15.00 36 1.00
1279 2 23 525.6 69.8 11.8 23.5 8.17 5 3 2 4 7 5 6 49 245.00 50 205.00 9 70.00 17 15.00 14 20.00 46 20.00
1280 2 27 747.8 41.1 58.9 38.5 6.91 3 2 4 5 6 43 165.00 44 225.00 10 120.00 14 20.00 18 10.00 36 1.00
1281 1 20 404.7 14.7 61.5 11.9 2.36 5 1 0 2 6 5 6 40 135.00 20 95.00 8 75.00 17 55.00 9 65.00 23 10.00
1282 1 23 564.4 58.1 41.5 17.5 3.77 3 2 4 5 6 2 170.00 34 60.00 44 100.00 16 55.00 23 10.00 18 10.00
1283 2 33 884.9 55.0 58.8 47.1 8.75 3 2 4 5 6 43 230.00 44 200.00 10 145.00 14 20.00 18 20.00 36 1.00
1284 0 17 561.1 20.4 80.2 20.8 1.23 4 1 0 6 5 5 21 50.00 3 135.00 31 1.00 24 25.00 25 10.00
1285 0 6 503.3 11.5 42.6 34.9 2.09 2 0 5 5 13 2.00 6 1.00 45 2.00 23 10.00 9 45.00
1286 2 23 598.4 31.9 58.4 30.4 4.74 4 1 0 6 5 7 32 245.00 19 90.00 1 95.00 10 100.00 28 25.00 25 10.00 23 10.00
1287 1 14 606.1 15.9 53.9 40.6 3.86 5 1 0 2 6 5 6 26 160.00 35 95.00 9 85.00 6 1.00 23 15.00 36 1.00
1288 3 10 299.4 9.3 31.8 17.9 1.03 5 1 0 2 6 5 2 51 1.00 24 35.00
1289 3 6 328.8 10.5 32.8 20.4 1.07 5 1 0 2 6 5 2 51 1.00 24 40.00
1290 1 30 480.3 22.8 42.8 25.2 2.10 2 0 5 6 22 95.00 41 95.00 12 65.00 18 10.00 23 10.00 0 30.00
1291 1 11 863.8 54.6 59.8 48.8 4.96 2 4 5 6 42 165.00 38 2.00 6 1.00 39 45.00 9 45.00 23 10.00
1292 1 11 600.3 15.6 52.9 40.5 3.84 5 1 0 2 6 5 6 26 155.00 35 90.00 9 90.00 6 1.00 23 15.00 36 1.00
1293 0 9 657.8 25.8 81.6 29.0 1.25 4 1 0 6 5 5 21 60.00 3 135.00 31 1.00 24 30.00 24 10.00
1294 1 28 408.9 20.6 72.9 5.1 2.51 5 1 0 2 6 5 6 40 200.00 20 70.00 8 55.00 17 60.00 9 75.00 28 10.00
1295 2 34 580.4 49.9 32.2 30.1 4.92 4 2 6 4 5 6 15 170.00 20 75.00 4 75.00 17 50.00 29 25.00 18 10.00
1296 1 15 531.1 25.4 50.1 26.5 2.42 2 0 5 6 22 110.00 41 125.00 12 70.00 18 10.00 23 10.00 0 35.00
1297 2 33 556.6 46.2 34.3 27.6 4.11 4 2 6 4 5 6 15 155.00 20 90.00 8 70.00 17 55.00 29 20.00 18 10.00
1298 1 20 556.5 22.4 64.4 25.3 2.09 2 0 5 6 22 80.00 41 95.00 12 65.00 18 10.00 23 10.00 31 1.00
1299 0 20 602.6 22.9 76.7 26.0 1.27 4 1 0 6 5 5 21 50.00 3 125.00 31 1.00 24 30.00 28 10.00
1300 1 17 361.0 13.2 52.5 11.6 1.93 5 1 0 2 6 5 6 40 130.00 20 75.00 8 55.00 17 40.00 9 45.00 23 10.00
1301 1 10 887.6 57.7 61.3 49.6 5.36 2 4 5 6 42 175.00 38 2.00 6 1.00 39 55.00 9 75.00 23 10.00
1302 0 16 516.8 18.1 61.4 25.1 1.56 4 1 0 6 5 5 20 65.00 3 185.00 31 1.00 24 30.00 28 10.00
1303 2 38 974.7 87.1 41.7 49.5 4.82 2 4 5 6 2 215.00 22 110.00 45 55.00 46 30.00 18 15.00 14 15.00
1304 0 20 638.7 23.9 42.9 43.7 2.61 2 0 5 5 13 2.00 6 1.00 7 2.00 23 10.00 9 35.00
1305 1 20 480.8 23.1 42.8 25.3 2.33 2 0 5 6 22 85.00 41 130.00 12 65.00 18 10.00 23 10.00 0 40.00
1306 1 18 663.0 57.3 48.2 28.2 4.21 2 4 5 6 42 185.00 38 2.00 39 1.00 39 55.00 9 65.00 23 10.00
1307 0 2 451.9 28.3 36.9 23.8 3.61 4 0 2 4 5 5 5 220.00 8 60.00 4 45.00 27 25.00 25 20.00
1308 0 20 699.8 27.1 93.3 27.7 1.35 4 1 0 6 5 5 21 75.00 3 125.00 31 1.00 24 30.00 28 10.00
1309 3 11 294.5 6.1 21.5 23.1 2.47 4 1 0 2 5 3 4 110.00 33 35.00 25 10.00
1310 1 32 617.1 67.9 31.3 24.0 4.68 3 2 4 5 6 2 195.00 34 75.00 10 110.00 16 50.00 23 15.00 18 10.00
1311 3 1 354.1 6.1 13.6 33.2 2.57 4 1 0 2 5 3 4 115.00 33 35.00 23 10.00
1312 3 7 424.0 18.2 45.5 21.5 1.81 3 0 2 5 5 31 1.00 3 155.00 5 60.00 27 20.00 28 10.00
1313 1 17 438.3 18.4 42.2 22.7 2.16 2 0 5 6 19 90.00 41 140.00 12 55.00 18 10.00 23 10.00 0 35.00
1314 2 33 795.0 46.8 46.9 46.4 7.10 3 2 4 5 6 43 195.00 44 160.00 10 145.00 14 25.00 18 15.00 44 1.00
1315 1 11 407.5 36.2 48.9 7.8 2.66 2 4 5 5 37 100.00 38 2.00 39 45.00 9 60.00 5 35.00
1316 2 28 923.0 86.3 32.0 48.5 4.83 2 4 5 6 2 205.00 22 70.00 45 65.00 46 40.00 18 20.00 45 15.00
1317 0 23 358.7 16.8 13.0 28.9 2.88 6 1 0 2 6 4 5 5 32 175.00 0 60.00 8 55.00 23 20.00 17 45.00
1318 3 -1 270.0 8.0 30.8 15.4 0.99 5 1 0 2 6 5 2 51 1.00 24 30.00
1319 1 17 441.2 16.5 69.1 11.5 2.40 5 1 0 2 6 5 6 40 160.00 19 90.00 8 80.00 17 40.00 9 70.00 23 10.00
1320 3 7 424.6 18.0 50.6 19.4 1.90 3 0 2 5 5 31 1.00 3 170.00 5 70.00 27 20.00 25 10.00
1321 3 1 270.0 8.0 30.8 15.4 0.99 5 1 0 2 6 5 2 51 1.00 24 30.00
1322 0 16 352.0 20.9 13.8 26.3 3.21 6 1 0 2 6 4 5 5 32 225.00 0 65.00 8 50.00 23 15.00 17 45.00
1323 0 3 849.0 52.8 32.8 59.8 4.51 3 0 2 5 5 12 215.00 4 95.00 28 15.00 25 15.00 33 15.00
1324 0 13 467.9 29.7 5.2 36.8 2.55 5 0 3 2 4 5 5 7 3.00 0 60.00 1 45.00 14 15.00 11 30.00
1325 0 12 469.4 26.2 46.9 22.8 4.34 4 0 2 4 5 5 5 200.00 30 65.00 4 55.00 27 25.00 25 25.00
1326 0 14 1160.2 25.5 82.1 85.6 2.50 4 1 0 6 5 5 21 60.00 45 175.00 31 1.00 24 30.00 28 10.00
1327 1 19 477.7 22.9 42.3 25.3 2.34 2 0 5 6 22 80.00 41 145.00 12 65.00 18 10.00 23 10.00 0 35.00
1328 1 32 505.3 22.8 68.1 17.9 2.74 3 2 4 5 6 47 165.00 34 85.00 10 105.00 16 70.00 23 15.00 18 10.00
1329 0 2 484.1 24.1 41.1 28.0 3.74 3 0 2 5 5 5 170.00 4 95.00 28 20.00 25 20.00 33 20.00
1330 1 26 488.4 22.0 47.5 24.2 1.98 2 0 5 6 22 110.00 41 95.00 12 60.00 18 10.00 23 10.00 35 35.00
1331 1 25 451.6 17.8 70.0 12.2 2.70 5 1 0 2 6 5 6 40 175.00 20 90.00 8 85.00 17 60.00 9 75.00 23 10.00
1332 0 5 723.9 28.5 90.3 31.4 1.52 4 1 0 6 5 5 21 65.00 3 180.00 31 1.00 24 35.00 28 10.00
1333 1 22 849.4 52.0 60.4 48.1 4.90 2 4 5 6 42 155.00 38 2.00 6 1.00 39 45.00 9 60.00 23 10.00
1334 0 3 462.4 25.2 35.2 27.4 3.69 3 0 2 5 5 5 190.00 4 90.00 28 15.00 25 15.00 33 20.00
1335 2 44 491.8 20.1 70.7 16.4 2.55 5 1 0 2 6 5 7 47 150.00 16 85.00 48 120.00 10 65.00 9 75.00 18 15.00 23 15.00
1336 2 39 763.4 50.4 44.5 41.5 7.84 3 2 4 5 6 43 220.00 44 155.00 10 90.00 14 15.00 18 15.00 36 1.00
1337 3 3 191.8 11.6 2.4 15.3 0.80 5 0 3 2 4 5 3 45 1.00 11 45.00 35 50.00
1338 3 9 358.2 11.8 33.8 22.9 1.11 5 1 0 2 6 5 2 51 1.00 24 45.00
1339 1 17 370.0 15.2 41.6 16.5 2.02 2 0 5 6 22 80.00 41 145.00 7 1.00 18 10.00 23 10.00 0 45.00
1340 0 9 662.0 25.8 88.1 26.2 1.43 4 1 0 6 5 5 21 65.00 3 175.00 31 1.00 24 25.00 28 10.00
1341 2 28 525.6 44.5 30.4 26.6 4.17 4 2 6 4 5 6 15 150.00 20 65.00 8 100.00 17 55.00 29 20.00 18 10.00
1342 1 14 915.6 58.5 66.9 49.9 5.92 2 4 5 6 42 180.00 38 2.00 6 1.00 30 55.00 9 55.00 23 10.00
1343 0 22 275.4 12.4 4.5 24.2 1.84 5 0 3 2 4 5 5 3 2.00 0 60.00 1 55.00 14 15.00 11 35.00
1344 1 22 629.9 17.3 57.8 41.0 3.95 5 1 0 2 6 5 6 26 180.00 35 75.00 9 100.00 6 1.00 23 15.00 36 1.00
1345 0 5 1383.1 8.2 28.4 142.6 3.62 3 0 2 5 5 14 150.00 4 80.00 28 15.00 25 15.00 33 25.00
1346 0 11 388.3 20.5 34.7 21.1 3.18 3 0 2 5 5 5 160.00 4 80.00 28 10.00 25 20.00 33 15.00
1347 0 21 284.2 12.9 5.0 24.9 2.04 5 0 3 2 4 5 5 45 2.00 0 55.00 1 75.00 14 15.00 11 35.00
1348 0 11 375.7 30.7 6.7 25.4 2.66 5 0 3 2 4 5 5 7 3.00 0 50.00 1 70.00 3 20.00 11 30.00
1349 1 23 900.9 60.2 60.4 50.2 5.40 2 4 5 6 42 185.00 38 2.00 6 1.00 39 60.00 9 50.00 23 10.00
1350 3 0 240.6 6.8 29.8 12.9 0.95 5 1 0 2 6 5 2 51 1.00 24 25.00
1351 2 29 560.5 66.9 14.9 27.5 7.85 5 3 2 4 7 5 6 49 230.00 50 185.00 9 75.00 18 15.00 14 25.00 46 20.00
1352 2 23 617.2 53.7 31.2 32.6 4.77 4 2 6 4 5 6 15 185.00 20 70.00 8 95.00 17 55.00 29 20.00 18 10.00
1353 2 26 750.6 42.3 35.2 50.8 4.35 4 2 6 4 5 6 15 145.00 20 85.00 8 90.00 17 75.00 23 25.00 18 10.00
1354 0 19 399.9 21.0 30.4 21.7 1.40 2 0 5 5 13 2.00 10 1.00 7 2.00 23 10.00 9 40.00
1355 1 16 480.0 21.1 71.8 13.1 3.11 5 1 0 2 6 5 6 40 200.00 34 90.00 8 80.00 17 50.00 9 60.00 23 10.00
1356 2 33 894.1 58.0 51.5 49.6 9.06 3 2 4 5 6 43 250.00 44 175.00 10 135.00 14 20.00 18 15.00 36 1.00
1357 1 24 413.0 16.0 62.3 11.9 2.39 5 1 0 2 6 5 6 40 160.00 20 80.00 8 85.00 17 45.00 9 50.00 23 10.00
1358 2 39 821.6 48.1 48.5 47.7 7.67 3 2 4 5 6 43 205.00 44 165.00 10 95.00 14 25.00 18 20.00 36 1.00
1359 3 1 400.5 17.5 49.7 17.2 1.85 3 0 2 5 5 31 1.00 3 170.00 5 75.00 27 15.00 25 10.00
1360 2 22 446.6 28.0 40.2 22.9 4.14 4 1 0 6 5 7 32 240.00 20 75.00 1 60.00 10 105.00 29 25.00 25 10.00 23 10.00
1361 0 6 826.8 29.2 116.2 32.2 2.71 4 1 0 6 5 5 21 70.00 3 185.00 51 2.00 24 35.00 28 10.00
1362 3 6 253.8 5.2 18.9 19.8 2.00 4 1 0 2 5 3 4 85.00 33 30.00 25 10.00
1363 1 25 447.3 20.0 44.2 22.1 2.00 2 0 5 6 22 100.00 41 95.00 12 50.00 18 10.00 23 10.00 0 35.00
1364 3 11 240.6 6.8 29.8 12.9 0.95 5 1 0 2 6 5 2 51 1.00 24 25.00
1365 0 14 545.8 31.4 30.6 36.8 4.07 4 0 2 4 5 5 5 180.00 30 55.00 4 60.00 27 30.00 24 25.00
1366 3 6 239.6 16.6 2.5 18.0 1.01 5 0 3 2 4 5 3 7 1.00 11 40.00 35 45.00
1367 2 25 824.6 63.3 30.9 49.0 3.75 2 4 5 6 2 150.00 22 75.00 45 65.00 46 25.00 18 15.00 14 15.00
1368 1 7 653.4 16.2 53.8 45.8 3.69 5 1 0 2 6 5 6 26 170.00 35 65.00 9 60.00 6 1.00 23 20.00 36 1.00
1369 1 29 552.1 74.2 27.1 15.8 4.62 3 2 4 5 6 2 215.00 34 55.00 10 90.00 16 50.00 33 10.00 18 10.00
1370 0 16 647.9 24.1 44.5 43.8 2.80 2 0 5 5 13 2.00 6 1.00 7 2.00 23 10.00 8 50.00
1371 1 10 879.9 55.6 62.0 49.2 5.39 2 4 5 6 42 170.00 38 2.00 6 1.00 4 45.00 9 45.00 23 10.00
1372 3 4 243.3 16.8 3.4 18.1 1.13 5 0 3 2 4 5 3 7 1.00 11 40.00 35 70.00
1373 0 13 641.4 24.1 43.5 43.8 2.70 2 0 5 5 13 2.00 6 1.00 7 2.00 23 10.00 9 50.00
1374 3 8 294.5 6.1 21.5 23.1 2.47 4 1 0 2 5 3 4 110.00 33 35.00 25 10.00
1375 1 20 451.1 17.7 69.7 12.2 2.56 5 1 0 2 6 5 6 40 175.00 20 100.00 8 85.00 17 40.00 9 55.00 23 10.00
1376 1 20 683.4 18.6 110.3 22.4 2.81 2 0 5 6 22 70.00 25 100.00 12 55.00 18 10.00 23 10.00 0 50.00
1377 1 22 399.8 15.5 59.9 11.8 2.36 5 1 0 2 6 5 6 40 155.00 20 70.00 8 75.00 17 55.00 9 65.00 23 10.00
1378 1 8 567.1 13.7 46.8 40.1 3.44 5 1 0 2 6 5 6 26 135.00 35 65.00 9 60.00 6 1.00 23 15.00 36 1.00
1379 1 22 875.7 40.3 60.8 56.8 4.75 2 4 5 6 15 115.00 38 2.00 6 1.00 39 60.00 9 60.00 23 10.00
1380 2 39 705.3 41.8 46.1 39.2 6.94 3 2 4 5 6 43 170.00 44 145.00 10 145.00 14 20.00 18 15.00 36 1.00
1381 1 28 1198.2 49.8 65.7 88.2 4.07 2 0 5 6 22 105.00 27 125.00 12 70.00 18 10.00 23 10.00 0 40.00
1382 1 29 364.9 17.7 60.9 6.8 2.32 5 1 0 2 6 5 6 40 150.00 20 70.00 8 80.00 17 50.00 9 70.00 24 10.00
1383 1 12 852.0 50.4 63.3 47.7 4.62 2 4 5 6 42 150.00 38 2.00 6 1.00 16 50.00 9 45.00 23 10.00
1384 1 15 807.1 45.2 60.4 46.4 4.52 2 4 5 6 42 130.00 38 2.00 6 1.00 39 40.00 9 65.00 23 10.00
1385 0 8 502.4 11.4 42.4 34.8 2.06 2 0 5 5 13 2.00 6 1.00 45 2.00 23 10.00 9 40.00
1386 2 30 670.5 58.9 32.0 36.0 4.98 4 2 6 4 5 6 15 205.00 20 80.00 8 70.00 17 55.00 29 20.00 18 10.00
1387 3 1 358.2 11.8 33.8 22.9 1.11 5 1 0 2 6 5 2 51 1.00 24 45.00
1388 2 31 854.9 48.8 58.2 47.2 7.96 3 2 4 5 6 43 200.00 44 200.00 10 135.00 14 25.00 18 20.00 36 1.00
1389 0 14 1112.4 29.6 67.0 87.8 4.90 2 0 5 5 13 2.00 6 1.00 7 2.00 23 10.00 6 2.00
1390 0 9 383.8 24.3 24.8 23.4 3.62 4 0 2 4 5 5 5 160.00 30 60.00 4 40.00 27 30.00 29 15.00
1391 2 28 484.3 26.7 53.6 21.4 4.11 4 1 0 6 5 7 32 215.00 19 95.00 1 70.00 10 110.00 29 20.00 25 15.00 23 10.00
1392 3 5 283.5 19.3 3.6 21.4 1.25 5 0 3 2 4 5 3 7 1.00 11 50.00 35 70.00
1393 2 21 629.1 54.0 33.5 32.7 4.88 4 2 6 4 5 6 15 185.00 20 90.00 8 90.00 17 65.00 29 20.00 1 10.00
1394 1 9 452.4 47.0 48.2 7.8 3.06 2 4 5 5 37 145.00 38 2.00 39 35.00 9 55.00 5 30.00
1395 0 6 651.4 25.0 81.0 28.9 1.33 4 1 0 6 5 5 21 55.00 3 125.00 31 1.00 24 35.00 28 10.00
1396 2 34 566.1 49.5 28.3 30.0 4.47 4 2 6 4 5 6 15 170.00 20 60.00 8 100.00 17 45.00 29 20.00 18 10.00
1397 2 38 822.7 69.5 36.9 42.6 3.97 2 4 5 6 2 165.00 19 110.00 45 50.00 46 35.00 18 10.00 14 10.00
1398 3 0 233.9 4.7 21.3 16.7 2.50 4 1 0 2 5 3 4 125.00 33 25.00 25 10.00
1399 0 8 444.6 25.3 32.7 26.4 3.54 3 0 2 5 5 5 200.00 4 80.00 28 10.00 25 15.00 33 20.00
1400 0 6 555.6 24.7 43.4 33.8 2.54 2 0 5 5 13 2.00 6 1.00 7 2.00 29 10.00 9 35.00
1401 1 11 853.5 52.3 61.2 48.2 5.06 2 4 5 6 42 155.00 38 2.00 6 1.00 39 60.00 9 70.00 23 10.00
1402 2 26 1304.6 55.0 77.1 89.3 10.02 3 2 4 5 6 43 220.00 44 220.00 6 2.00 14 20.00 18 15.00 36 1.00
1403 2 37 938.3 94.2 32.0 46.6 4.85 2 4 5 6 2 170.00 22 75.00 46 55.00 46 40.00 18 15.00 14 15.00
1404 0 6 443.7 22.5 30.4 28.7 2.69 3 0 2 5 5 5 150.00 50 95.00 28 15.00 25 15.00 33 25.00
1405 2 21 533.5 43.3 34.8 25.9 4.12 4 2 6 4 5 6 15 145.00 20 95.00 8 75.00 17 65.00 29 20.00 30 10.00
1406 2 32 516.8 26.9 63.3 20.9 3.97 4 1 0 6 5 7 32 200.00 19 100.00 10 100.00 10 105.00 29 30.00 25 20.00 23 10.00
1407 1 19 414.0 38.4 47.8 7.8 2.58 2 4 5 5 37 110.00 38 2.00 39 35.00 9 40.00 5 35.00
1408 0 1 495.2 26.3 34.9 30.9 3.60 3 0 2 5 5 5 195.00 4 75.00 28 15.00 25 15.00 33 25.00
1409 1 18 560.0 13.2 46.3 39.9 3.72 5 1 0 2 6 5 6 26 120.00 35 95.00 9 95.00 6 1.00 23 15.00 36 1.00
1410 2 33 967.0 82.6 41.8 50.7 4.65 2 4 5 6 2 200.00 22 110.00 45 60.00 46 30.00 18 15.00 14 15.00
1411 3 18 220.2 15.4 2.7 16.4 0.97 5 0 3 2 4 5 3 7 1.00 11 35.00 35 50.00
1412 1 13 433.8 42.4 48.3 7.9 2.87 2 4 5 5 37 125.00 38 2.00 39 45.00 9 45.00 5 35.00
1413 0 12 294.8 14.6 12.3 22.6 2.38 6 1 0 2 6 4 5 5 32 150.00 0 55.00 8 40.00 23 15.00 48 30.00
1414 1 20 474.5 21.7 46.9 23.3 2.26 2 0 5 6 22 100.00 41 125.00 12 55.00 18 10.00 23 10.00 0 40.00
1415 0 8 587.3 22.6 75.0 25.0 1.38 4 1 0 6 5 5 21 45.00 3 180.00 31 1.00 24 25.00 28 10.00
1416 1 11 435.0 42.4 48.6 7.9 2.88 2 4 5 5 37 125.00 38 2.00 39 35.00 9 60.00 5 35.00
1417 1 8 632.7 17.5 58.5 41.1 4.04 5 1 0 2 6 5 6 26 180.00 35 100.00 9 95.00 6 1.00 23 15.00 36 1.00
1418 2 28 879.9 80.2 39.6 43.2 4.46 2 4 5 6 2 170.00 22 95.00 45 60.00 46 30.00 18 20.00 46 20.00
1419 2 38 422.6 17.6 66.7 11.1 2.11 5 1 0 2 6 5 7 47 140.00 16 95.00 48 100.00 17 50.00 9 75.00 18 15.00 23 10.00
1420 1 29 471.3 23.0 40.9 25.3 2.44 2 0 5 6 22 75.00 41 140.00 12 65.00 18 10.00 23 10.00 0 50.00
1421 1 10 457.1 48.2 47.9 7.9 3.09 2 4 5 5 37 150.00 38 2.00 39 45.00 9 40.00 5 30.00
1422 3 7 243.3 16.8 3.4 18.1 1.13 5 0 3 2 4 5 3 7 1.00 11 40.00 35 70.00
1423 1 8 593.9 16.0 51.4 40.4 3.65 5 1 0 2 6 5 6 26 145.00 35 65.00 10 75.00 6 1.00 23 15.00 36 1.00
1424 3 3 221.7 15.5 3.0 16.4 1.02 5 0 3 2 4 5 3 7 1.00 11 35.00 35 60.00
1425 1 15 775.4 55.2 43.9 45.4 4.78 2 4 5 6 42 160.00 13 2.00 6 1.00 39 40.00 9 50.00 23 10.00
1426 1 18 462.9 20.9 47.2 22.3 2.38 2 0 5 6 22 95.00 41 145.00 12 50.00 18 10.00 23 10.00 0 50.00
1427 1 31 526.2 60.8 29.4 18.2 4.52 3 2 4 5 6 2 170.00 34 80.00 10 110.00 39 60.00 23 10.00 18 10.00
1428 0 25 330.9 18.8 12.2 25.2 2.91 6 1 0 2 6 4 5 5 32 205.00 0 50.00 8 55.00 23 15.00 17 35.00
1429 1 11 599.4 13.0 45.2 44.8 3.63 5 1 0 2 6 5 6 26 120.00 35 75.00 9 85.00 6 1.00 23 20.00 36 1.00
1430 0 5 434.6 24.9 34.7 24.4 3.63 3 0 2 5 5 5 195.00 4 90.00 28 15.00 25 15.00 33 15.00
1431 0 17 525.9 31.3 5.6 42.5 2.80 5 0 3 2 4 5 5 7 3.00 0 50.00 1 65.00 14 20.00 11 35.00
1432 0 24 262.9 16.3 11.5 18.8 2.53 6 1 0 2 6 4 5 5 32 175.00 0 50.00 8 45.00 23 10.00 17 40.00
1433 0 1 368.9 22.6 33.0 18.8 3.24 4 0 2 4 5 5 5 170.00 39 65.00 4 55.00 27 20.00 25 20.00
1434 0 12 641.5 24.6 83.3 26.7 1.30 4 1 0 6 5 5 21 60.00 3 125.00 31 1.00 24 30.00 28 10.00
1435 2 28 495.4 27.4 56.7 21.1 4.43 4 1 0 6 5 7 32 205.00 19 100.00 1 90.00 10 125.00 29 25.00 25 15.00 23 10.00
1436 2 24 441.4 28.9 38.5 22.2 4.22 4 1 0 6 5 7 32 230.00 19 80.00 1 75.00 10 115.00 29 20.00 29 15.00 23 10.00
1437 0 5 333.6 23.1 32.9 14.0 3.34 3 0 2 5 5 5 180.00 4 85.00 28 15.00 25 15.00 29 25.00
1438 0 6 486.7 28.1 35.1 28.9 3.71 3 0 2 5 5 5 220.00 4 75.00 28 15.00 25 15.00 33 20.00
1439 1 11 700.8 42.2 61.4 35.4 4.33 2 4 5 6 42 115.00 38 2.00 6 1.00 39 55.00 9 65.00 29 10.00
1440 1 15 487.0 48.8 47.0 11.1 2.96 2 4 5 5 37 140.00 38 2.00 39 30.00 9 45.00 7 1.00
1441 0 19 341.4 19.6 13.2 25.7 2.97 6 1 0 2 6 4 5 5 32 215.00 0 45.00 8 55.00 23 15.00 17 45.00
1442 3 1 286.5 5.9 19.6 23.1 2.10 4 1 0 2 5 3 4 85.00 33 35.00 25 10.00
1443 1 17 439.7 20.3 40.1 23.1 2.10 2 0 5 6 22 80.00 41 120.00 12 55.00 18 10.00 23 10.00 0 35.00
1444 1 10 835.9 49.5 61.1 47.4 4.88 2 4 5 6 42 145.00 38 2.00 6 1.00 39 50.00 9 75.00 23 10.00
1445 3 4 328.8 10.5 32.8 20.4 1.07 5 1 0 2 6 5 2 51 1.00 24 40.00
1446 3 -1 299.4 9.3 31.8 17.9 1.03 5 1 0 2 6 5 2 51 1.00 24 35.00
1447 2 33 395.1 12.7 53.5 15.8 1.81 5 1 0 2 6 5 7 47 90.00 16 65.00 48 105.00 17 60.00 9 65.00 18 10.00 23 15.00
1448 0 22 318.7 17.8 11.2 24.7 2.71 6 1 0 2 6 4 5 5 32 195.00 0 50.00 8 40.00 23 15.00 17 35.00
1449 2 40 888.5 82.0 35.8 44.9 4.47 2 4 5 6 2 185.00 22 90.00 45 45.00 46 45.00 18 15.00 14 10.00
1450 1 17 615.3 16.5 55.3 40.8 3.82 5 1 0 2 6 5 6 26 170.00 35 100.00 9 65.00 6 1.00 23 15.00 36 1.00
1451 3 9 299.4 9.3 31.8 17.9 1.03 5 1 0 2 6 5 2 51 1.00 24 35.00
1452 1 17 625.8 18.8 59.8 38.4 4.01 5 1 0 2 6 5 6 40 185.00 35 100.00 9 85.00 6 1.00 23 15.00 36 1.00
1453 1 17 383.9 13.1 58.5 11.2 2.11 5 1 0 2 6 5 6 40 120.00 19 80.00 8 80.00 17 50.00 9 55.00 23 10.00
1454 1 25 877.2 56.3 60.8 49.2 5.23 2 4 5 6 42 170.00 38 2.00 6 1.00 39 60.00 9 60.00 23 10.00
1455 0 23 377.8 22.5 5.1 30.4 2.35 5 0 3 2 4 5 5 7 2.00 0 40.00 1 75.00 14 15.00 11 25.00
1456 2 43 443.9 15.4 63.2 16.0 2.22 5 1 0 2 6 5 7 47 110.00 16 80.00 48 115.00 17 55.00 9 100.00 18 15.00 23 15.00
1457 0 1 475.2 29.5 40.7 24.5 4.13 4 0 2 4 5 5 5 235.00 30 45.00 4 50.00 27 25.00 25 20.00
1458 3 3 270.0 8.0 30.8 15.4 0.99 5 1 0 2 6 5 2 51 1.00 24 30.00
1459 2 39 818.6 32.0 68.5 47.7 2.63 2 4 5 6 26 140.00 22 105.00 45 60.00 46 35.00 18 15.00 14 15.00
1460 0 17 486.6 30.8 5.1 38.4 2.59 5 0 3 2 4 5 5 7 3.00 0 40.00 1 60.00 14 15.00 11 35.00
1461 0 14 581.6 24.0 51.4 33.7 2.61 2 0 5 5 13 2.00 6 1.00 7 2.00 25 10.00 9 40.00
1462 2 29 588.6 51.3 30.2 30.9 4.47 4 2 6 4 5 6 15 175.00 20 70.00 8 75.00 17 55.00 29 25.00 18 10.00
1463 1 12 404.1 36.0 48.2 7.7 2.53 2 4 5 5 37 100.00 38 2.00 39 40.00 9 45.00 5 35.00
1464 1 9 531.3 48.9 47.3 16.1 3.03 2 4 5 5 37 135.00 38 2.00 39 40.00 9 45.00 11 30.00
1465 1 15 594.3 15.3 51.6 40.5 3.64 5 1 0 2 6 5 6 26 155.00 35 80.00 9 65.00 6 1.00 23 15.00 36 1.00
1466 0 20 735.2 38.7 78.4 33.6 2.42 4 1 0 6 5 5 21 50.00 5 185.00 31 1.00 24 35.00 28 10.00
1467 0 11 412.0 23.6 41.5 19.6 4.09 4 0 2 4 5 5 5 185.00 30 70.00 4 50.00 27 20.00 25 20.00
1468 1 24 513.2 24.7 46.6 26.3 2.27 2 0 5 6 22 105.00 41 100.00 12 70.00 18 10.00 23 10.00 0 35.00
1469 2 29 755.2 40.7 52.2 42.6 6.85 3 2 4 5 6 43 165.00 44 190.00 10 125.00 14 25.00 18 10.00 36 1.00
1470 0 11 702.5 27.3 88.6 30.2 1.42 4 1 0 6 5 5 21 65.00 3 145.00 31 1.00 24 35.00 28 10.00
1471 1 21 438.6 24.4 45.3 19.3 2.41 2 0 5 6 22 85.00 41 130.00 12 60.00 18 10.00 27 10.00 0 50.00
1472 0 6 719.6 22.0 59.1 46.7 2.74 2 0 5 5 38 2.00 6 1.00 7 2.00 23 10.00 9 40.00
1473 1 25 792.2 71.7 73.0 24.8 5.66 3 2 4 5 6 2 215.00 34 60.00 51 2.00 16 75.00 23 15.00 18 10.00
1474 1 17 416.7 38.5 48.4 7.8 2.67 2 4 5 5 37 110.00 38 2.00 39 35.00 9 55.00 5 35.00
1475 2 21 428.8 25.6 58.8 13.6 4.14 4 1 0 6 5 7 32 155.00 19 90.00 1 100.00 10 110.00 29 30.00 25 20.00 27 10.00
1476 0 16 328.3 18.5 12.9 24.8 3.02 6 1 0 2 6 4 5 5 32 195.00 0 65.00 8 60.00 23 15.00 17 35.00
1477 0 1 429.8 23.0 43.2 21.3 3.70 4 0 2 4 5 5 5 170.00 30 55.00 4 40.00 27 25.00 25 25.00
1478 0 5 447.5 26.4 34.8 25.1 3.68 3 0 2 5 5 5 210.00 4 85.00 28 15.00 25 15.00 33 15.00
1479 1 23 500.8 52.7 33.1 17.4 3.96 3 2 4 5 6 2 145.00 34 85.00 10 105.00 16 50.00 23 10.00 18 10.00
1480 1 33 625.7 72.8 27.0 24.4 4.67 3 2 4 5 6 2 215.00 34 60.00 10 85.00 16 55.00 23 15.00 18 10.00
1481 2 35 970.8 86.7 29.7 54.7 4.86 2 4 5 6 2 220.00 22 70.00 45 70.00 46 30.00 18 15.00 14 15.00
1482 1 15 529.8 16.8 47.9 34.7 3.58 5 1 0 2 6 5 6 26 115.00 35 70.00 9 75.00 6 1.00 27 20.00 36 1.00
1483 2 30 397.9 18.0 66.7 8.4 2.07 5 1 0 2 6 5 7 47 105.00 16 70.00 48 135.00 17 75.00 9 65.00 18 10.00 27 15.00
1484 0 19 637.8 23.9 42.7 43.7 2.58 2 0 5 5 13 2.00 6 1.00 7 2.00 23 10.00 9 30.00
1485 2 35 662.3 57.1 35.3 34.4 5.05 4 2 6 4 5 6 15 195.00 20 80.00 8 90.00 17 75.00 29 25.00 18 10.00
1486 1 22 491.6 24.0 42.4 26.3 2.31 2 0 5 6 22 85.00 41 125.00 12 70.00 18 10.00 23 10.00 0 35.00
1487 2 30 419.9 23.1 45.4 19.0 3.73 4 1 0 6 5 7 32 165.00 19 85.00 1 85.00 10 90.00 29 30.00 25 10.00 23 10.00
1488 2 31 819.1 51.9 46.5 46.2 8.14 3 2 4 5 6 43 225.00 44 160.00 10 105.00 14 20.00 18 15.00 36 1.00
1489 2 26 834.7 81.1 27.5 42.9 4.38 2 4 5 6 2 205.00 22 70.00 45 50.00 46 30.00 18 10.00 14 10.00
1490 1 9 579.6 14.4 49.3 40.2 3.68 5 1 0 2 6 5 6 26 140.00 35 90.00 9 75.00 6 1.00 23 15.00 36 1.00
1491 2 33 1027.7 90.3 37.8 55.8 5.07 2 4 5 6 2 215.00 22 90.00 45 65.00 46 40.00 18 20.00 14 15.00
1492 1 22 846.9 51.9 59.9 48.1 4.80 2 4 5 6 42 155.00 38 2.00 6 1.00 39 40.00 9 50.00 23 10.00
1493 1 17 411.1 37.5 48.6 7.3 2.62 2 4 5 5 37 110.00 38 2.00 39 35.00 8 45.00 5 25.00
1494 3 5 229.1 4.6 20.1 16.6 2.27 4 1 0 2 5 3 4 110.00 33 25.00 25 10.00
1495 1 20 627.1 69.6 31.7 24.2 4.79 3 2 4 5 6 2 200.00 34 75.00 10 115.00 16 50.00 23 15.00 18 10.00
1496 1 15 443.5 18.0 68.0 12.0 2.45 5 1 0 2 6 5 6 40 185.00 20 80.00 8 75.00 17 60.00 9 45.00 23 10.00
1497 1 24 867.5 54.7 60.6 48.8 5.08 2 4 5 6 42 165.00 38 2.00 6 1.00 39 40.00 9 70.00 23 10.00
1498 2 44 674.5 19.2 72.7 38.0 3.10 5 1 0 2 6 5 7 47 125.00 6 1.00 48 115.00 17 65.00 9 70.00 18 20.00 23 15.00
1499 2 34 448.2 15.2 64.1 15.9 1.98 5 1 0 2 6 5 7 47 110.00 16 65.00 48 145.00 17 60.00 9 60.00 18 10.00 23 15.00
1500 3 13 579.8 29.8 49.0 32.4 2.24 3 0 2 5 5 31 1.00 3 170.00 12 90.00 27 15.00 25 10.00
1501 1 24 538.8 53.8 31.0 22.3 4.05 3 2 4 5 6 2 150.00 34 65.00 10 115.00 16 65.00 23 15.00 18 10.00
1502 3 8 241.1 16.7 2.9 18.1 1.06 5 0 3 2 4 5 3 7 1.00 11 40.00 35 55.00
1503 0 3 435.6 25.1 40.2 22.3 3.88 4 0 2 4 5 5 5 190.00 30 55.00 4 45.00 27 25.00 25 20.00
1504 1 27 568.0 68.7 29.4 18.9 4.55 3 2 4 5 6 2 200.00 34 60.00 10 100.00 16 70.00 23 10.00 18 10.00
1505 0 11 515.6 28.6 32.6 33.1 3.59 3 0 2 5 5 5 210.00 4 65.00 28 20.00 25 10.00 33 25.00
1506 1 27 449.2 17.7 69.4 12.1 2.57 5 1 0 2 6 5 6 40 175.00 20 95.00 8 75.00 17 50.00 9 70.00 23 10.00
1507 1 19 381.5 13.8 56.8 11.8 2.19 5 1 0 2 6 5 6 40 130.00 20 85.00 8 70.00 17 45.00 9 60.00 23 10.00
1508 3 14 250.6 5.1 18.1 19.8 1.85 4 1 0 2 5 3 4 75.00 33 30.00 25 10.00
1509 2 37 869.6 74.5 32.4 47.9 4.21 2 4 5 6 2 180.00 22 80.00 45 55.00 46 30.00 18 15.00 14 15.00
1510 1 20 491.5 20.2 78.5 12.3 2.78 5 1 0 2 6 5 6 40 180.00 20 85.00 8 80.00 18 45.00 9 65.00 23 10.00
1511 0 8 639.6 24.0 43.1 43.7 2.64 2 0 5 5 13 2.00 6 1.00 7 2.00 23 10.00 9 40.00
1512 1 29 419.7 16.3 63.8 12.0 2.51 5 1 0 2 6 5 6 40 160.00 20 80.00 8 85.00 17 55.00 9 65.00 23 10.00
1513 0 16 335.4 15.1 20.4 23.6 3.37 6 1 0 2 6 4 5 5 32 170.00 30 65.00 8 60.00 23 15.00 17 45.00
1514 0 10 635.4 24.3 82.9 26.4 1.27 4 1 0 6 5 5 21 60.00 3 115.00 31 1.00 24 30.00 28 10.00
1515 0 13 380.2 22.7 5.4 30.4 2.43 5 0 3 2 4 5 5 7 2.00 0 60.00 1 65.00 14 15.00 11 25.00
1516 0 15 261.6 11.2 3.7 23.4 1.60 5 0 3 2 4 5 5 11 3.00 0 45.00 1 50.00 14 15.00 11 30.00
1517 2 25 644.6 55.0 34.7 33.5 4.83 4 2 6 4 5 6 15 190.00 20 85.00 8 85.00 17 65.00 29 15.00 18 10.00
1518 2 37 894.9 76.9 34.3 48.9 4.33 2 4 5 6 2 175.00 22 80.00 45 50.00 46 40.00 18 20.00 14 15.00
1519 3 1 232.3 4.7 20.9 16.7 2.42 4 1 0 2 5 3 4 120.00 33 25.00 25 10.00
1520 2 22 584.1 66.9 14.2 30.5 7.98 5 3 2 4 7 5 6 49 215.00 50 215.00 9 100.00 16 20.00 14 25.00 46 30.00
1521 2 23 809.6 59.7 71.5 33.8 3.96 4 2 6 4 5 6 15 160.00 21 90.00 8 60.00 17 45.00 29 15.00 18 10.00
1522 3 13 296.1 6.2 21.9 23.2 2.54 4 1 0 2 5 3 4 115.00 33 35.00 25 10.00
1523 3 12 467.5 20.1 52.6 22.7 2.07 3 0 2 5 5 31 1.00 3 185.00 5 75.00 27 25.00 25 10.00
1524 2 33 407.0 15.8 64.6 11.0 2.06 5 1 0 2 6 5 7 47 115.00 16 85.00 48 115.00 17 65.00 9 75.00 18 15.00 23 10.00
1525 3 16 200.1 14.2 2.6 14.8 0.91 5 0 3 2 4 5 3 7 1.00 11 30.00 35 50.00
1526 0 12 724.2 28.4 95.2 29.1 1.47 4 1 0 6 5 5 21 75.00 3 165.00 31 1.00 24 30.00 28 10.00
1527 2 31 448.9 24.2 50.5 19.7 3.81 4 1 0 6 5 7 32 180.00 19 85.00 1 65.00 10 110.00 29 30.00 25 15.00 23 10.00
1528 2 30 732.9 44.9 43.3 41.8 7.50 3 2 4 5 6 43 190.00 44 150.00 10 140.00 14 20.00 30 10.00 36 1.00
1529 1 15 450.0 21.5 39.4 24.1 2.19 2 0 5 6 22 80.00 41 105.00 12 60.00 18 10.00 23 10.00 0 45.00
1530 2 37 941.2 79.8 33.0 53.3 4.56 2 4 5 6 2 190.00 22 75.00 45 65.00 46 35.00 18 20.00 14 15.00
1531 2 39 466.3 16.8 67.3 16.1 2.22 5 1 0 2 6 5 7 47 125.00 16 80.00 48 125.00 17 55.00 9 85.00 18 15.00 23 15.00
1532 2 34 756.2 40.6 54.5 42.0 6.87 3 2 4 5 6 43 160.00 44 180.00 10 140.00 14 25.00 18 20.00 36 1.00
1533 2 25 929.2 89.0 34.2 46.8 4.83 2 4 5 6 2 220.00 22 85.00 45 55.00 46 35.00 18 15.00 14 10.00
1534 1 15 428.3 41.1 48.4 7.9 2.79 2 4 5 5 37 120.00 38 2.00 39 35.00 9 55.00 5 35.00
1535 0 9 445.5 26.4 30.5 26.9 3.86 3 0 2 5 5 5 210.00 4 100.00 28 10.00 25 10.00 33 20.00
1536 2 26 616.3 32.2 48.8 37.3 4.56 4 1 0 6 5 7 32 240.00 19 60.00 1 80.00 10 90.00 27 30.00 25 15.00 23 10.00
1537 3 6 250.6 5.1 18.1 19.8 1.85 4 1 0 2 5 3 4 75.00 33 30.00 25 10.00
1538 3 7 471.7 21.3 52.1 22.9 2.16 3 0 2 5 5 31 1.00 3 160.00 5 95.00 27 25.00 25 10.00
1539 0 22 479.9 33.4 5.7 35.8 2.38 5 0 3 2 4 5 5 7 4.00 0 50.00 35 55.00 14 10.00 11 25.00
1540 0 17 678.4 26.5 91.1 26.4 1.43 4 1 0 6 5 5 21 70.00 3 170.00 31 1.00 24 25.00 28 10.00
1541 1 28 425.8 16.6 65.0 12.0 2.32 5 1 0 2 6 5 6 40 165.00 20 90.00 8 60.00 17 50.00 9 60.00 23 10.00
1542 2 26 863.8 70.6 39.7 46.0 4.08 2 4 5 6 2 140.00 22 100.00 45 70.00 46 40.00 18 15.00 12 15.00
1543 0 18 476.8 27.7 12.5 35.0 1.96 5 0 3 2 4 5 5 7 3.00 0 45.00 48 55.00 14 15.00 11 25.00
1544 0 22 322.9 17.6 12.9 24.5 2.75 6 1 0 2 6 4 5 5 32 190.00 0 45.00 8 50.00 23 15.00 17 50.00
1545 1 23 815.1 46.7 60.3 46.7 4.61 2 4 5 6 42 135.00 38 2.00 6 1.00 39 55.00 9 50.00 23 10.00
1546 2 44 421.2 14.3 58.3 15.9 1.93 5 1 0 2 6 5 7 47 110.00 16 75.00 48 100.00 17 75.00 9 65.00 48 15.00 23 15.00
1547 0 23 381.1 25.7 6.1 28.7 2.49 5 0 3 2 4 5 5 7 3.00 0 50.00 1 55.00 14 15.00 5 35.00
1548 1 24 420.2 19.2 38.9 22.1 2.21 2 0 5 6 22 70.00 41 140.00 12 50.00 18 10.00 23 10.00 0 45.00
1549 1 20 1047.8 35.2 45.1 86.5 3.48 2 0 5 6 22 85.00 33 95.00 12 65.00 18 10.00 23 10.00 0 30.00
1550 0 20 638.7 23.9 42.9 43.7 2.61 2 0 5 5 13 2.00 6 1.00 7 2.00 23 10.00 9 35.00
1551 0 10 406.9 24.4 29.8 23.6 3.50 3 0 2 5 5 5 205.00 4 80.00 41 15.00 25 15.00 33 20.00
1552 0 10 543.0 25.0 21.3 42.4 3.44 3 0 2 5 5 5 190.00 4 70.00 28 15.00 23 15.00 33 20.00
1553 2 38 448.3 16.3 63.4 16.1 2.14 5 1 0 2 6 5 7 47 125.00 16 80.00 48 95.00 17 70.00 9 80.00 18 15.00 23 15.00
1554 2 34 897.4 72.7 36.1 50.3 4.22 2 4 5 6 2 165.00 22 90.00 45 70.00 46 35.00 18 15.00 14 10.00
1555 0 13 706.7 27.4 90.7 29.7 1.36 4 1 0 6 5 5 21 70.00 3 120.00 31 1.00 24 35.00 28 10.00
1556 1 21 451.9 40.1 28.1 20.5 3.48 5 1 0 2 6 5 6 42 135.00 20 75.00 8 70.00 17 50.00 9 50.00 23 10.00
1557 1 9 589.0 15.0 50.7 40.4 3.64 5 1 0 2 6 5 6 26 150.00 35 85.00 9 65.00 6 1.00 23 15.00 36 1.00
1558 1 20 798.4 43.9 60.4 46.0 4.45 2 4 5 6 42 125.00 38 2.00 6 1.00 39 45.00 9 60.00 23 10.00
1559 0 15 474.2 24.3 33.8 29.9 3.37 3 0 2 5 5 5 175.00 4 70.00 28 15.00 25 15.00 33 25.00
1560 2 30 453.5 49.9 14.4 23.2 6.06 5 3 2 4 7 5 6 49 160.00 50 185.00 9 65.00 18 15.00 14 20.00 46 20.00
1561 0 14 639.6 24.0 43.1 43.7 2.64 2 0 5 5 13 2.00 6 1.00 7 2.00 23 10.00 9 40.00
1562 1 7 633.2 18.4 58.1 41.1 3.87 5 1 0 2 6 5 6 26 175.00 35 65.00 10 85.00 6 1.00 23 15.00 36 1.00
1563 0 10 363.2 20.6 35.2 18.1 3.62 4 0 2 4 5 5 5 155.00 30 65.00 4 45.00 27 20.00 25 15.00
1564 0 8 474.3 24.5 41.5 26.5 3.66 3 0 2 5 5 5 200.00 4 80.00 25 15.00 25 15.00 33 25.00
1565 2 20 529.2 62.1 17.9 24.9 7.40 5 3 2 4 7 5 6 49 200.00 50 190.00 9 100.00 18 20.00 14 20.00 46 25.00
1566 2 21 499.4 28.4 54.3 22.1 4.33 4 1 0 6 5 7 32 230.00 19 95.00 1 75.00 10 110.00 29 25.00 25 15.00 23 10.00
1567 0 2 413.9 20.2 33.4 24.9 3.29 3 0 2 5 5 5 140.00 4 90.00 28 15.00 25 15.00 33 20.00
1568 0 20 366.0 17.4 13.3 29.3 2.87 6 1 0 2 6 4 5 5 32 185.00 0 50.00 8 55.00 23 20.00 17 50.00
1569 3 1 358.2 11.8 33.8 22.9 1.11 5 1 0 2 6 5 2 51 1.00 24 45.00
1570 1 8 473.5 51.3 48.1 8.2 3.25 2 4 5 5 37 160.00 38 2.00 39 45.00 9 40.00 5 35.00
1571 0 8 640.5 24.0 43.3 43.7 2.67 2 0 5 5 13 2.00 6 1.00 7 2.00 23 10.00 9 45.00
1572 0 5 638.7 23.9 42.9 43.7 2.61 2 0 5 5 13 2.00 6 1.00 7 2.00 23 10.00 9 35.00
1573 0 13 508.1 30.3 5.9 40.9 2.85 5 0 3 2 4 5 5 7 3.00 0 55.00 1 70.00 14 20.00 11 30.00
1574 2 35 779.8 80.5 36.9 32.9 4.19 2 4 5 6 2 185.00 22 85.00 3 50.00 46 40.00 18 20.00 14 15.00
1575 2 18 545.6 64.7 15.3 26.6 7.78 5 3 2 4 7 5 6 49 225.00 50 205.00 9 80.00 18 15.00 14 25.00 7 1.00
1576 0 20 650.2 25.1 79.2 29.5 1.41 4 1 0 6 5 5 21 50.00 3 155.00 31 1.00 24 35.00 28 10.00
1577 1 18 412.6 16.4 62.1 11.8 2.17 5 1 0 2 6 5 6 40 170.00 20 75.00 8 55.00 17 55.00 9 45.00 23 10.00
1578 2 25 426.6 51.1 12.0 20.5 5.89 5 3 2 4 7 5 6 49 160.00 50 160.00 9 60.00 18 10.00 14 15.00 46 25.00
1579 2 27 452.5 54.4 15.2 20.7 6.47 5 3 2 4 7 5 6 49 170.00 50 205.00 9 65.00 18 15.00 14 15.00 46 25.00
1580 3 -2 270.0 8.0 30.8 15.4 0.99 5 1 0 2 6 5 2 51 1.00 24 30.00
1581 3 16 284.2 19.3 3.8 21.4 1.27 5 0 3 2 4 5 3 7 1.00 11 50.00 35 75.00
1582 0 17 638.7 23.9 42.9 43.7 2.61 2 0 5 5 13 2.00 6 1.00 7 2.00 23 10.00 9 35.00
1583 1 8 543.6 14.9 50.4 35.4 3.52 5 1 0 2 6 5 6 26 150.00 35 65.00 9 75.00 6 1.00 23 10.00 36 1.00
1584 3 12 430.6 12.7 51.1 23.4 1.74 4 1 0 2 5 3 18 115.00 33 35.00 25 10.00
1585 3 11 155.4 9.1 2.3 12.4 0.68 5 0 3 2 4 5 3 14 1.00 11 35.00 35 50.00
1586 1 15 458.4 48.2 48.3 7.9 3.11 2 4 5 5 37 150.00 38 2.00 39 30.00 9 60.00 5 30.00
1587 3 14 109.2 8.2 4.9 6.4 0.76 5 0 3 2 4 5 3 7 1.00 3 45.00 35 65.00
1588 0 11 456.5 16.9 74.6 12.1 1.27 4 1 0 6 5 5 21 50.00 3 155.00 31 1.00 41 30.00 28 10.00
1589 2 27 710.4 62.9 32.6 38.5 5.23 4 2 6 4 5 6 15 220.00 20 80.00 8 65.00 17 65.00 29 20.00 18 10.00
1590 3 -1 328.8 10.5 32.8 20.4 1.07 5 1 0 2 6 5 2 51 1.00 24 40.00
1591 2 25 605.9 50.4 36.7 30.2 4.62 4 2 6 4 5 6 15 170.00 20 90.00 8 95.00 17 65.00 29 20.00 18 10.00
1592 0 11 516.2 26.3 38.2 32.0 3.91 3 0 2 5 5 5 185.00 4 95.00 28 20.00 25 15.00 33 25.00
1593 0 8 662.5 25.8 80.1 30.2 1.46 4 1 0 6 5 5 21 50.00 3 175.00 31 1.00 24 35.00 28 10.00
1594 2 37 1066.0 89.5 31.9 63.3 5.12 2 4 5 6 2 215.00 22 70.00 45 75.00 46 40.00 18 20.00 14 20.00
1595 1 7 453.4 47.0 48.4 7.9 3.08 2 4 5 5 37 145.00 38 2.00 39 35.00 9 60.00 5 30.00
1596 2 29 520.3 56.0 18.5 26.3 7.32 5 3 2 4 7 5 6 49 170.00 50 175.00 4 85.00 18 15.00 14 20.00 46 30.00
1597 0 16 379.0 22.6 5.3 30.4 2.38 5 0 3 2 4 5 5 7 2.00 0 55.00 1 65.00 14 15.00 11 25.00
1598 2 17 530.4 71.5 13.5 20.7 5.16 5 3 2 4 7 5 6 37 235.00 50 220.00 9 65.00 18 10.00 14 15.00 46 20.00
1599 3 17 255.7 15.9 10.9 16.4 0.92 5 0 3 2 4 5 3 7 1.00 11 35.00 44 50.00
1600 2 33 771.4 59.5 38.1 41.4 3.46 2 4 5 6 2 135.00 22 100.00 45 45.00 46 25.00 18 15.00 14 15.00
1601 0 14 561.1 20.4 80.2 20.8 1.23 4 1 0 6 5 5 21 50.00 3 135.00 31 1.00 24 25.00 25 10.00
1602 0 20 729.2 28.4 94.3 30.2 1.39 4 1 0 6 5 5 21 75.00 3 125.00 31 1.00 24 35.00 28 10.00
1603 0 25 307.0 16.2 12.1 23.6 2.72 6 1 0 2 6 4 5 5 32 170.00 0 55.00 8 60.00 23 15.00 17 35.00
1604 1 18 368.6 13.5 54.3 11.7 2.13 5 1 0 2 6 5 6 40 130.00 20 70.00 8 60.00 17 60.00 9 65.00 23 10.00
1605 2 21 466.2 19.2 63.4 18.4 3.63 4 1 0 6 5 7 32 155.00 19 70.00 1 75.00 51 1.00 29 25.00 25 15.00 23 10.00
1606 0 14 291.0 14.2 13.0 22.2 2.58 6 1 0 2 6 4 5 5 32 140.00 0 65.00 8 55.00 23 15.00 17 50.00
1607 0 15 638.7 23.9 42.9 43.7 2.61 2 0 5 5 13 2.00 6 1.00 7 2.00 23 10.00 9 35.00
1608 0 24 321.7 25.9 5.2 22.2 2.25 5 0 3 2 4 5 5 7 2.00 0 45.00 1 55.00 5 15.00 11 35.00
1609 0 17 637.8 23.9 42.7 43.7 2.58 2 0 5 5 13 2.00 6 1.00 7 2.00 23 10.00 9 30.00
1610 3 10 299.4 9.3 31.8 17.9 1.03 5 1 0 2 6 5 2 51 1.00 24 35.00
1611 2 45 442.5 14.8 63.3 16.0 2.14 5 1 0 2 6 5 7 47 100.00 16 60.00 48 140.00 17 55.00 9 95.00 18 15.00 23 15.00
1612 0 6 1781.0 20.5 70.9 163.6 2.65 4 1 0 6 5 5 21 50.00 14 175.00 31 1.00 24 30.00 28 10.00
1613 0 14 210.1 20.5 13.4 10.4 2.90 6 1 0 2 6 4 5 5 32 205.00 0 55.00 8 55.00 29 20.00 17 35.00
1614 1 23 479.3 23.8 39.8 26.2 2.42 2 0 5 6 22 75.00 41 125.00 12 70.00 18 10.00 23 10.00 0 50.00
1615 1 26 425.6 19.6 70.3 8.6 2.56 5 1 0 2 6 5 6 40 185.00 20 90.00 8 70.00 17 40.00 9 65.00 33 10.00
1616 1 19 431.7 20.0 38.5 23.0 2.00 2 0 5 6 22 80.00 41 100.00 12 55.00 18 10.00 23 10.00 0 35.00
1617 1 8 535.0 54.7 47.7 13.6 3.32 2 4 5 5 37 150.00 38 2.00 39 40.00 9 40.00 46 25.00
1618 1 28 460.9 20.8 46.8 22.3 2.36 2 0 5 6 22 95.00 41 140.00 12 50.00 18 10.00 23 10.00 0 50.00
1619 1 5 450.2 45.5 49.8 7.9 3.06 2 4 5 5 37 135.00 38 2.00 39 50.00 10 50.00 5 30.00
1620 2 18 487.3 55.3 14.1 24.7 6.43 5 3 2 4 7 5 6 49 175.00 50 175.00 9 60.00 18 15.00 14 20.00 46 25.00
1621 3 0 299.4 9.3 31.8 17.9 1.03 5 1 0 2 6 5 2 51 1.00 24 35.00
1622 2 26 517.3 42.7 33.7 25.0 4.03 4 2 6 4 5 6 15 140.00 20 75.00 8 90.00 17 70.00 29 25.00 18 10.00
1623 2 39 862.9 63.8 56.8 41.1 9.17 3 2 4 5 6 43 245.00 44 190.00 10 140.00 11 25.00 18 20.00 36 1.00
1624 0 2 916.5 47.4 35.9 67.3 4.47 4 0 2 4 5 5 11 165.00 30 50.00 4 60.00 27 25.00 25 20.00
1625 0 0 445.3 26.2 32.1 26.2 3.54 3 0 2 5 5 5 200.00 4 80.00 28 20.00 25 10.00 33 15.00
1626 1 32 519.4 53.8 25.7 22.1 3.73 3 2 4 5 6 2 155.00 34 55.00 10 75.00 16 60.00 23 15.00 18 10.00
1627 2 37 771.8 80.2 37.9 31.6 4.15 2 4 5 6 2 190.00 22 95.00 3 45.00 46 35.00 18 15.00 14 15.00
1628 0 25 564.6 33.2 23.2 38.5 2.55 5 0 3 2 4 5 5 7 3.00 18 60.00 1 50.00 14 15.00 11 35.00
1629 1 32 630.2 69.4 32.6 24.2 4.76 3 2 4 5 6 2 200.00 34 75.00 10 100.00 16 70.00 23 15.00 18 10.00
1630 0 23 483.4 28.5 5.1 39.2 2.57 5 0 3 2 4 5 5 7 3.00 0 45.00 1 60.00 14 20.00 11 25.00
1631 2 33 426.0 15.1 59.0 16.1 2.15 5 1 0 2 6 5 7 47 115.00 16 60.00 48 90.00 16 65.00 9 95.00 18 15.00 23 15.00
1632 1 15 555.5 13.0 45.2 39.8 3.57 5 1 0 2 6 5 6 26 120.00 35 65.00 9 95.00 6 1.00 23 15.00 36 1.00
1633 1 15 478.1 23.7 39.6 26.2 2.38 2 0 5 6 22 75.00 41 125.00 12 70.00 18 10.00 23 10.00 0 45.00
1634 0 13 639.6 24.0 43.1 43.7 2.64 2 0 5 5 13 2.00 6 1.00 7 2.00 23 10.00 9 40.00
1635 1 23 434.5 18.0 65.9 12.0 2.44 5 1 0 2 6 5 6 40 190.00 20 70.00 8 65.00 17 50.00 9 65.00 23 10.00
1636 3 7 223.2 15.5 3.4 16.4 1.07 5 0 3 2 4 5 3 7 1.00 11 35.00 35 70.00
1637 0 22 294.8 15.1 11.5 22.9 2.63 6 1 0 2 6 4 5 5 32 155.00 0 60.00 8 60.00 23 15.00 17 30.00
1638 0 16 308.6 16.4 10.9 24.2 2.55 6 1 0 2 6 4 5 5 32 185.00 39 60.00 8 40.00 23 15.00 17 35.00
1639 2 24 550.6 44.7 36.0 26.8 4.06 4 2 6 4 5 6 15 150.00 20 95.00 8 75.00 17 60.00 29 15.00 18 10.00
1640 2 32 525.4 57.4 46.7 12.6 4.85 4 1 0 6 5 7 37 185.00 19 80.00 1 85.00 10 120.00 29 25.00 25 15.00 23 10.00
1641 0 12 1021.4 21.3 70.7 76.6 2.29 4 1 0 6 5 5 21 45.00 45 160.00 31 1.00 24 25.00 28 10.00
1642 2 28 464.9 51.2 14.0 24.2 6.60 5 3 2 4 7 5 6 49 195.00 50 140.00 9 90.00 18 15.00 14 15.00 45 30.00
1643 0 15 556.1 24.2 44.1 33.8 2.57 2 0 5 5 13 2.00 6 1.00 7 2.00 41 10.00 9 45.00
1644 1 21 654.8 17.8 63.5 41.0 3.80 5 1 0 2 6 5 6 26 180.00 17 95.00 9 90.00 6 1.00 23 15.00 36 1.00
1645 2 29 667.6 61.0 27.6 36.9 5.60 4 2 6 4 5 6 15 210.00 20 70.00 8 95.00 1 45.00 29 20.00 18 10.00
1646 2 44 555.5 33.3 45.8 28.5 3.65 5 1 0 2 6 5 7 15 105.00 16 75.00 48 150.00 17 45.00 9 100.00 18 15.00 23 10.00
1647 3 11 289.7 6.0 20.4 23.1 2.25 4 1 0 2 5 3 4 95.00 33 35.00 25 10.00
1648 1 23 872.2 55.9 59.8 49.1 5.04 2 4 5 6 42 170.00 38 2.00 6 1.00 39 45.00 9 45.00 23 10.00
1649 2 20 484.6 28.8 51.5 21.2 4.16 4 1 0 6 5 7 32 200.00 22 95.00 1 90.00 10 90.00 29 25.00 25 10.00 23 10.00
1650 0 7 479.2 30.8 39.2 24.9 3.55 4 0 2 4 5 5 5 245.00 17 50.00 4 50.00 27 25.00 25 20.00
1651 1 17 427.1 18.4 38.9 23.3 2.21 2 0 5 6 20 105.00 41 110.00 12 55.00 18 10.00 23 10.00 0 40.00
1652 1 15 499.4 23.7 46.6 25.4 2.38 2 0 5 6 22 95.00 41 140.00 12 65.00 18 10.00 23 10.00 0 35.00
1653 2 31 812.5 52.0 55.5 41.6 8.28 3 2 4 5 6 43 220.00 44 205.00 10 130.00 14 15.00 18 10.00 36 1.00
1654 2 29 409.6 22.1 45.1 18.7 3.69 4 1 0 6 5 7 32 160.00 19 65.00 1 70.00 10 120.00 29 25.00 25 15.00 23 10.00
1655 2 27 585.5 69.0 15.8 29.0 8.07 5 3 2 4 7 5 6 49 230.00 50 200.00 9 80.00 18 15.00 14 25.00 46 25.00
1656 1 13 631.0 37.5 60.0 29.2 3.51 2 4 5 5 37 100.00 38 2.00 6 1.00 9 60.00 5 25.00
1657 0 18 637.8 23.9 42.7 43.7 2.58 2 0 5 5 13 2.00 6 1.00 7 2.00 23 10.00 9 30.00
1658 0 16 503.5 29.8 5.2 40.9 2.64 5 0 3 2 4 5 5 7 3.00 0 40.00 1 65.00 14 20.00 11 30.00
1659 0 1 490.0 28.6 34.9 29.1 3.67 3 0 2 5 5 5 225.00 4 70.00 28 15.00 25 15.00 33 20.00
1660 0 12 641.4 24.1 43.5 43.8 2.70 2 0 5 5 13 2.00 6 1.00 7 2.00 23 10.00 9 50.00
1661 0 8 688.4 26.9 88.8 28.5 1.46 4 1 0 6 5 5 21 65.00 3 170.00 31 1.00 24 30.00 28 10.00
1662 3 4 283.5 19.3 3.6 21.4 1.25 5 0 3 2 4 5 3 7 1.00 11 50.00 35 70.00
1663 2 15 518.0 52.3 16.1 28.8 6.45 5 3 2 4 7 5 6 49 160.00 50 195.00 9 95.00 18 15.00 14 25.00 46 25.00
1664 3 6 213.6 13.3 2.7 16.8 0.90 5 0 3 2 4 5 3 46 1.00 11 50.00 35 55.00
1665 0 17 659.9 35.4 29.0 45.9 3.29 5 0 3 2 4 5 5 7 4.00 51 1.00 1 65.00 14 20.00 11 30.00
1666 2 29 921.4 89.5 27.8 48.5 4.80 2 4 5 6 2 220.00 22 70.00 45 45.00 46 40.00 18 10.00 14 15.00
1667 0 13 370.6 18.5 12.5 29.8 3.06 6 1 0 2 6 4 5 5 32 195.00 0 70.00 8 50.00 23 20.00 17 35.00
1668 2 31 460.4 24.3 50.2 20.6 3.80 4 1 0 6 5 7 32 200.00 19 95.00 36 1.00 10 120.00 29 25.00 25 10.00 23 10.00
1669 1 14 894.4 59.0 60.9 49.9 5.37 2 4 5 6 42 180.00 38 2.00 6 1.00 39 55.00 9 65.00 23 10.00
1670 1 32 600.0 75.2 29.0 19.7 4.88 3 2 4 5 6 2 220.00 34 60.00 10 115.00 16 55.00 23 10.00 18 10.00
1671 2 23 463.7 27.9 45.6 22.2 4.21 4 1 0 6 5 7 32 235.00 19 70.00 1 85.00 10 75.00 29 30.00 25 15.00 23 10.00
1672 1 20 655.0 16.6 54.2 45.8 3.35 5 1 0 2 6 5 6 26 175.00 35 95.00 9 75.00 6 1.00 23 20.00 16 1.00
1673 1 23 380.2 14.8 55.8 11.7 2.28 5 1 0 2 6 5 6 40 150.00 20 60.00 8 85.00 17 45.00 9 55.00 23 10.00
1674 0 9 514.5 28.0 36.6 31.7 3.95 3 0 2 5 5 5 210.00 4 90.00 28 15.00 25 15.00 33 25.00
1675 2 30 446.9 25.6 47.1 20.6 3.94 4 1 0 6 5 7 32 200.00 19 70.00 1 60.00 10 120.00 29 30.00 25 15.00 23 10.00
1676 1 19 557.5 13.2 45.4 39.9 3.47 5 1 0 2 6 5 6 26 125.00 35 75.00 9 65.00 6 1.00 23 15.00 36 1.00
1677 1 17 425.5 17.2 64.6 11.9 2.50 5 1 0 2 6 5 6 40 175.00 20 70.00 8 75.00 17 60.00 9 70.00 23 10.00
1678 0 14 432.6 23.6 5.0 36.1 2.40 5 0 3 2 4 5 5 7 2.00 0 40.00 1 70.00 14 20.00 11 30.00
1679 2 33 484.2 18.1 70.6 16.1 2.27 5 1 0 2 6 5 7 47 140.00 16 85.00 48 115.00 17 75.00 9 75.00 18 15.00 23 15.00
1680 0 13 335.7 19.2 13.8 25.3 3.56 6 1 0 2 6 4 5 5 32 205.00 0 70.00 4 60.00 23 15.00 17 30.00
1681 1 15 491.7 23.9 40.3 27.1 2.15 2 0 5 6 22 80.00 41 115.00 12 75.00 18 10.00 23 10.00 35 40.00
1682 0 24 381.5 19.2 13.5 30.3 3.12 6 1 0 2 6 4 5 5 32 205.00 0 60.00 8 55.00 23 20.00 17 45.00
1683 2 33 732.0 57.3 27.1 43.2 3.31 2 4 5 6 2 140.00 22 70.00 45 50.00 12 35.00 18 10.00 14 15.00
1684 3 4 260.4 17.9 2.8 19.7 1.09 5 0 3 2 4 5 3 7 1.00 11 45.00 35 50.00
1685 1 29 569.8 62.1 27.1 23.2 4.19 3 2 4 5 6 2 180.00 34 65.00 10 85.00 16 45.00 23 15.00 18 10.00
1686 2 27 473.1 64.2 13.6 19.4 7.53 5 3 2 4 7 5 6 49 220.00 50 195.00 9 75.00 18 10.00 14 15.00 46 20.00
1687 0 22 306.1 16.1 38.6 11.0 1.83 6 1 0 2 6 4 5 5 47 150.00 0 60.00 8 45.00 23 10.00 17 40.00
1688 3 9 284.9 5.9 19.2 23.1 2.02 4 1 0 2 5 3 4 80.00 33 35.00 25 10.00
1689 1 33 615.4 65.1 34.3 23.9 4.62 3 2 4 5 6 2 185.00 34 85.00 10 100.00 16 65.00 23 15.00 18 10.00
1690 2 27 539.7 65.4 13.6 26.3 7.45 5 3 2 4 7 5 6 49 210.00 50 170.00 9 85.00 18 10.00 14 20.00 46 30.00
1691 3 9 240.6 6.8 29.8 12.9 0.95 5 1 0 2 6 5 2 51 1.00 24 25.00
1692 1 17 311.7 9.8 32.0 17.7 2.37 5 1 0 2 6 5 6 26 115.00 35 90.00 9 85.00 10 1.00 23 15.00 36 1.00
1693 3 15 425.6 12.5 45.4 23.6 1.66 3 0 2 5 5 31 1.00 3 160.00 5 60.00 23 15.00 25 10.00
1694 2 15 533.7 69.2 14.8 23.5 8.01 5 3 2 4 7 5 6 49 240.00 50 180.00 9 75.00 18 15.00 14 20.00 46 20.00
1695 1 13 586.0 14.8 50.0 40.4 3.54 5 1 0 2 6 5 6 26 150.00 35 65.00 9 65.00 6 1.00 23 15.00 36 1.00
1696 0 11 458.7 27.7 26.9 29.2 3.36 3 0 2 5 5 5 200.00 4 65.00 28 15.00 28 15.00 33 15.00
1697 3 4 201.6 14.2 3.0 14.8 0.96 5 0 3 2 4 5 3 7 1.00 11 30.00 35 60.00
1698 1 18 481.8 19.6 77.8 12.0 2.25 5 1 0 2 6 5 6 40 170.00 20 80.00 18 55.00 17 45.00 9 60.00 23 10.00
1699 2 20 507.9 41.4 34.1 24.2 3.92 4 2 6 4 5 6 15 135.00 20 85.00 8 90.00 17 50.00 29 25.00 18 10.00
1700 0 19 447.8 15.9 53.9 21.5 1.58 4 1 0 6 5 5 34 50.00 3 140.00 31 1.00 24 25.00 28 10.00
1701 0 10 489.9 31.3 5.6 38.5 2.77 5 0 3 2 4 5 5 7 3.00 0 40.00 1 75.00 14 15.00 11 35.00
1702 0 3 403.6 28.6 25.0 23.4 3.94 4 0 2 4 5 5 5 210.00 30 50.00 4 50.00 27 25.00 29 20.00
1703 2 26 934.3 77.6 40.3 50.1 4.42 2 4 5 6 2 185.00 22 105.00 45 60.00 46 30.00 18 15.00 14 15.00
1704 2 28 859.0 55.8 46.1 48.8 8.63 3 2 4 5 6 43 245.00 44 160.00 10 100.00 14 20.00 18 15.00 36 1.00
1705 3 3 290.9 16.2 22.1 16.6 1.50 3 0 2 5 5 18 1.00 3 155.00 5 80.00 27 15.00 25 10.00
1706 2 38 734.0 44.9 45.4 41.2 7.34 3 2 4 5 6 43 185.00 44 140.00 10 150.00 14 20.00 18 15.00 36 1.00
1707 2 36 942.1 76.8 39.4 51.7 4.32 2 4 5 6 2 195.00 22 105.00 45 60.00 11 30.00 18 15.00 14 15.00
1708 0 21 448.8 28.6 5.3 35.2 2.57 5 0 3 2 4 5 5 7 3.00 0 50.00 1 60.00 14 15.00 11 25.00
1709 2 25 482.7 36.0 34.8 20.7 5.36 4 2 6 4 5 6 43 150.00 20 80.00 8 85.00 17 75.00 29 20.00 18 10.00
1710 0 12 642.6 24.4 43.5 43.8 2.61 2 0 5 5 13 2.00 6 1.00 7 2.00 23 10.00 10 30.00
1711 0 1 383.8 21.8 27.9 22.8 3.03 3 0 2 5 5 5 165.00 4 70.00 28 15.00 25 10.00 33 15.00
1712 0 17 346.9 16.3 11.1 28.6 2.76 6 1 0 2 6 4 5 5 32 170.00 0 65.00 8 45.00 23 20.00 17 30.00
1713 1 24 488.9 24.0 41.8 26.3 2.40 2 0 5 6 22 80.00 41 135.00 12 70.00 18 10.00 23 10.00 0 40.00
1714 1 20 638.6 56.2 42.5 27.6 4.20 3 2 4 5 6 2 150.00 34 80.00 10 85.00 18 50.00 23 20.00 18 10.00
1715 2 22 455.5 24.3 51.6 19.9 3.94 4 1 0 6 5 7 32 185.00 19 90.00 1 80.00 10 105.00 29 20.00 25 15.00 23 10.00
1716 0 4 446.6 21.0 34.1 28.2 3.39 3 0 2 5 5 5 140.00 4 90.00 28 15.00 25 15.00 33 25.00
1717 0 8 395.4 21.7 41.5 18.6 4.02 4 0 2 4 5 5 5 165.00 30 75.00 4 50.00 27 20.00 25 20.00
1718 0 14 497.1 27.6 39.1 28.6 3.73 3 0 2 5 5 5 215.00 4 75.00 28 15.00 25 20.00 33 20.00
1719 1 22 463.2 20.6 47.3 22.2 2.04 2 0 5 6 22 110.00 41 95.00 12 50.00 18 10.00 23 10.00 0 35.00
1720 2 33 903.7 56.7 56.5 48.9 8.86 3 2 4 5 6 43 245.00 44 210.00 10 105.00 14 20.00 18 15.00 36 1.00
1721 2 33 929.9 68.4 41.8 57.7 6.43 3 2 4 5 6 15 240.00 44 150.00 10 90.00 14 20.00 18 10.00 36 1.00
1722 1 25 462.0 22.5 39.1 25.1 2.22 2 0 5 6 22 80.00 41 100.00 12 65.00 18 10.00 23 10.00 0 45.00
1723 0 6 630.0 24.4 78.9 27.5 1.41 4 1 0 6 5 5 21 50.00 3 170.00 31 1.00 24 30.00 28 10.00
1724 2 23 497.6 59.8 15.4 23.4 7.17 5 3 2 4 7 5 6 49 200.00 50 190.00 9 85.00 18 15.00 14 20.00 46 20.00
1725 0 13 345.6 20.3 13.2 26.0 3.08 6 1 0 2 6 4 5 5 32 220.00 0 60.00 8 45.00 23 15.00 17 45.00
1726 3 13 358.2 11.8 33.8 22.9 1.11 5 1 0 2 6 5 2 51 1.00 24 45.00
1727 2 43 463.6 16.1 67.3 16.0 2.13 5 1 0 2 6 5 7 47 115.00 16 85.00 48 140.00 17 50.00 9 70.00 18 15.00 23 15.00
1728 1 18 824.9 48.0 60.6 47.1 4.71 2 4 5 6 42 140.00 38 2.00 6 1.00 39 45.00 9 65.00 23 10.00
1729 0 5 465.8 25.7 42.6 24.6 4.17 4 0 2 4 5 5 5 185.00 30 60.00 4 55.00 27 30.00 25 20.00
1730 1 19 442.8 20.0 43.3 22.2 2.22 2 0 5 6 22 85.00 41 140.00 12 50.00 18 10.00 23 10.00 0 40.00
1731 3 9 263.4 5.4 21.2 19.9 2.44 4 1 0 2 5 3 4 115.00 33 30.00 25 10.00
1732 1 15 796.0 58.1 44.6 46.2 5.05 2 4 5 6 42 170.00 13 2.00 6 1.00 39 40.00 9 70.00 23 10.00
1733 1 20 375.8 13.9 55.4 11.7 2.16 5 1 0 2 6 5 6 40 135.00 20 75.00 8 75.00 17 45.00 9 50.00 23 10.00
1734 0 5 411.2 27.4 22.5 25.7 3.35 3 0 2 5 5 5 220.00 4 65.00 28 15.00 41 15.00 33 15.00
1735 2 36 898.7 67.8 34.4 53.7 3.99 2 4 5 6 2 145.00 22 85.00 45 55.00 46 40.00 18 15.00 14 20.00
1736 2 27 328.0 43.8 31.1 2.3 3.06 4 2 6 4 5 6 37 150.00 20 80.00 8 70.00 17 45.00 29 20.00 18 10.00
1737 1 22 806.9 45.3 60.4 46.4 4.53 2 4 5 6 42 130.00 38 2.00 6 1.00 39 45.00 9 60.00 23 10.00
1738 0 22 335.1 26.7 6.0 23.3 2.58 5 0 3 2 4 5 5 7 2.00 0 60.00 1 75.00 11 10.00 11 30.00
1739 0 11 720.8 28.3 90.1 31.2 1.51 4 1 0 6 5 5 21 65.00 3 175.00 31 1.00 24 35.00 28 10.00
1740 2 22 480.6 69.1 10.2 19.3 7.79 5 3 2 4 7 5 6 49 245.00 50 135.00 9 85.00 17 15.00 14 15.00 46 20.00
1741 3 -1 286.5 5.9 19.6 23.1 2.10 4 1 0 2 5 3 4 85.00 33 35.00 25 10.00
1742 3 7 220.2 15.4 2.7 16.4 0.97 5 0 3 2 4 5 3 7 1.00 11 35.00 35 50.00
1743 1 31 558.0 52.2 27.1 27.0 4.11 3 2 4 5 6 2 145.00 34 65.00 10 120.00 35 55.00 23 20.00 18 10.00
1744 2 38 490.8 18.6 71.7 16.2 2.37 5 1 0 2 6 5 7 47 145.00 16 90.00 48 115.00 17 65.00 9 90.00 18 15.00 23 15.00
1745 2 35 506.0 42.0 31.6 24.9 3.84 4 2 6 4 5 6 15 140.00 20 75.00 8 75.00 17 60.00 29 20.00 18 10.00
1746 3 14 402.9 18.3 49.3 17.3 1.91 3 0 2 5 5 31 1.00 3 150.00 5 90.00 27 15.00 25 10.00
1747 1 27 415.4 17.1 62.2 11.8 2.33 5 1 0 2 6 5 6 40 180.00 20 65.00 8 70.00 17 45.00 9 55.00 23 10.00
1748 3 9 328.8 10.5 32.8 20.4 1.07 5 1 0 2 6 5 2 51 1.00 24 40.00
1749 1 21 424.4 16.6 63.9 12.1 2.65 5 1 0 2 6 5 6 40 165.00 20 90.00 8 65.00 8 55.00 9 60.00 23 10.00
1750 2 25 510.4 67.6 16.4 20.8 7.68 5 3 2 4 7 5 6 49 225.00 50 160.00 9 85.00 18 20.00 14 15.00 46 25.00
1751 3 11 280.5 19.2 2.9 21.4 1.15 5 0 3 2 4 5 3 7 1.00 11 50.00 35 50.00
1752 1 8 606.6 16.4 53.6 40.7 3.32 5 1 0 2 6 5 6 26 170.00 35 85.00 9 95.00 6 1.00 23 15.00 35 1.00
1753 1 23 453.0 18.5 69.6 12.1 2.58 5 1 0 2 6 5 6 40 190.00 20 85.00 8 80.00 17 45.00 9 60.00 23 10.00
1754 1 33 574.6 50.4 32.4 27.1 3.90 3 2 4 5 6 2 140.00 34 80.00 10 80.00 16 70.00 23 20.00 18 10.00
1755 1 7 466.3 49.7 48.7 8.0 3.28 2 4 5 5 37 155.00 38 2.00 39 50.00 9 55.00 5 30.00
1756 1 14 818.6 46.9 61.0 46.8 4.74 2 4 5 6 42 135.00 38 2.00 6 1.00 39 60.00 9 65.00 23 10.00
1757 2 37 957.1 85.1 31.1 53.3 4.78 2 4 5 6 2 220.00 22 75.00 45 70.00 46 25.00 18 15.00 14 15.00
1758 0 23 718.8 36.1 54.0 42.2 4.05 5 0 3 2 4 5 5 7 4.00 51 2.00 1 70.00 14 15.00 11 30.00
1759 3 12 240.6 6.8 29.8 12.9 0.95 5 1 0 2 6 5 2 51 1.00 24 25.00
1760 3 2 250.6 5.1 18.1 19.8 1.85 4 1 0 2 5 3 4 75.00 33 30.00 25 10.00
1761 2 34 420.9 23.5 45.7 19.2 3.87 4 1 0 6 5 7 32 170.00 19 65.00 1 75.00 10 120.00 29 30.00 25 15.00 23 10.00
1762 2 21 535.5 63.2 14.9 26.2 7.19 5 3 2 4 7 5 6 49 200.00 50 165.00 9 80.00 18 15.00 14 20.00 46 30.00
1763 3 13 328.8 10.5 32.8 20.4 1.07 5 1 0 2 6 5 2 51 1.00 24 40.00
1764 2 28 755.3 52.1 31.0 46.4 8.28 3 2 4 5 6 43 225.00 17 165.00 10 150.00 14 20.00 18 10.00 36 1.00
1765 2 39 964.6 73.4 39.0 56.2 4.28 2 4 5 6 2 160.00 22 105.00 45 60.00 46 40.00 18 10.00 14 20.00
1766 0 10 447.5 30.3 4.6 34.3 2.36 5 0 3 2 4 5 5 7 3.00 0 40.00 1 45.00 14 10.00 11 35.00
1767 2 35 516.8 18.1 67.7 21.2 2.38 5 1 0 2 6 5 7 47 145.00 16 85.00 48 100.00 17 70.00 9 95.00 18 10.00 23 20.00
1768 2 30 456.0 16.5 65.1 16.0 2.10 5 1 0 2 6 5 7 47 125.00 16 75.00 48 110.00 17 70.00 9 70.00 18 15.00 23 15.00
1769 2 27 442.9 26.8 41.8 22.0 3.99 4 1 0 6 5 7 32 230.00 19 70.00 1 70.00 10 95.00 29 20.00 25 10.00 23 10.00
1770 0 18 503.6 11.9 42.3 34.8 2.06 2 0 5 5 13 2.00 6 1.00 11 2.00 23 10.00 9 40.00
1771 2 30 933.5 89.0 36.8 46.1 4.80 2 4 5 6 2 225.00 22 95.00 45 45.00 46 30.00 18 15.00 14 15.00
1772 1 8 357.5 46.1 32.4 4.5 2.87 2 4 5 5 37 135.00 13 2.00 39 45.00 9 55.00 5 25.00
1773 2 30 626.2 52.9 35.8 31.9 4.62 4 2 6 4 5 6 15 180.00 20 95.00 8 75.00 17 55.00 29 20.00 18 10.00
1774 3 11 276.5 23.9 4.8 17.9 1.55 5 0 3 2 4 5 3 7 1.00 46 45.00 35 70.00
1775 3 0 328.8 10.5 32.8 20.4 1.07 5 1 0 2 6 5 2 51 1.00 24 40.00
1776 1 24 405.3 18.2 38.5 20.9 2.10 2 0 5 6 22 75.00 41 115.00 12 45.00 18 10.00 23 10.00 0 50.00
1777 0 2 482.8 30.1 41.6 24.8 4.26 4 0 2 4 5 5 5 240.00 30 50.00 4 50.00 27 25.00 25 20.00
1778 2 35 921.3 86.7 35.7 47.0 4.47 2 4 5 6 2 170.00 22 90.00 12 65.00 46 35.00 18 15.00 14 20.00
1779 0 15 561.0 37.4 5.8 43.3 2.99 5 0 3 2 4 5 5 7 4.00 0 50.00 1 60.00 14 15.00 11 35.00
1780 3 16 219.4 15.4 2.5 16.4 0.94 5 0 3 2 4 5 3 7 1.00 11 35.00 35 45.00
1781 3 1 299.4 9.3 31.8 17.9 1.03 5 1 0 2 6 5 2 51 1.00 24 35.00
1782 0 14 410.2 20.2 24.7 27.3 3.07 3 0 2 5 5 5 180.00 4 75.00 28 10.00 25 10.00 23 15.00
1783 0 10 457.2 27.8 43.9 21.6 3.84 4 0 2 4 5 5 5 225.00 30 50.00 8 60.00 27 20.00 25 25.00
1784 3 0 441.3 18.5 50.7 21.3 1.93 3 0 2 5 5 31 1.00 3 150.00 5 70.00 27 25.00 25 10.00
1785 0 18 496.6 11.5 42.2 34.2 2.03 2 0 5 5 13 2.00 6 1.00 5 2.00 23 10.00 9 35.00
1786 3 14 449.7 20.5 45.5 23.4 1.88 3 0 2 5 5 31 1.00 3 220.00 5 65.00 27 15.00 24 10.00
1787 2 34 849.8 43.5 87.0 37.4 6.71 3 2 4 5 6 43 155.00 44 190.00 18 130.00 14 20.00 18 10.00 36 1.00
1788 0 14 422.9 24.7 37.7 22.1 4.03 4 0 2 4 5 5 5 185.00 30 65.00 4 50.00 27 25.00 25 15.00
1789 1 14 904.5 60.4 61.2 50.3 5.52 2 4 5 6 42 185.00 38 2.00 6 1.00 39 60.00 9 70.00 23 10.00
1790 0 17 669.2 26.0 90.4 25.9 1.38 4 1 0 6 5 5 21 70.00 3 155.00 31 1.00 24 25.00 28 10.00
1791 2 33 738.7 64.5 35.7 39.6 5.38 4 2 6 4 5 6 15 225.00 20 100.00 8 70.00 17 45.00 29 20.00 18 10.00
1792 1 20 371.8 13.4 55.2 11.7 2.23 5 1 0 2 6 5 6 40 125.00 20 75.00 8 65.00 17 60.00 9 75.00 23 10.00
1793 0 14 282.7 13.7 11.2 22.1 2.44 6 1 0 2 6 4 5 5 32 140.00 0 55.00 8 55.00 23 15.00 17 35.00
1794 0 14 498.2 28.2 5.2 40.7 2.16 5 0 3 2 4 5 5 7 3.00 0 40.00 35 60.00 14 20.00 11 30.00
1795 3 4 358.2 11.8 33.8 22.9 1.11 5 1 0 2 6 5 2 51 1.00 24 45.00
1796 1 26 512.7 25.4 43.8 27.4 2.42 2 0 5 6 22 90.00 41 120.00 12 75.00 18 10.00 23 10.00 0 40.00
1797 2 27 548.6 47.4 29.6 28.3 4.22 4 2 6 4 5 6 15 160.00 20 70.00 8 80.00 17 45.00 29 25.00 18 10.00
1798 0 17 647.2 25.0 78.9 29.3 1.39 4 1 0 6 5 5 21 50.00 3 150.00 31 1.00 24 35.00 28 10.00
1799 0 22 393.4 23.1 4.5 32.0 2.17 5 0 3 2 4 5 5 7 2.00 0 40.00 1 55.00 14 15.00 11 30.00
1800 0 12 418.5 54.3 10.5 17.1 3.99 6 1 0 2 6 4 5 5 37 200.00 0 75.00 8 60.00 23 15.00 17 45.00
1801 1 24 478.2 52.0 29.4 17.0 3.85 3 2 4 5 6 2 145.00 34 60.00 10 115.00 16 60.00 23 10.00 18 10.00
1802 0 4 457.9 27.1 41.6 23.3 4.12 4 0 2 4 5 5 5 210.00 30 60.00 4 45.00 27 25.00 25 20.00
1803 1 28 419.9 15.2 64.6 12.0 2.75 5 1 0 2 6 5 6 40 145.00 20 100.00 8 75.00 17 40.00 4 50.00 23 10.00
1804 2 21 702.6 62.8 30.8 38.5 5.44 4 2 6 4 5 6 15 220.00 20 65.00 8 100.00 17 60.00 29 20.00 18 10.00
1805 3 14 219.4 15.4 2.5 16.4 0.94 5 0 3 2 4 5 3 7 1.00 11 35.00 35 45.00
1806 1 11 632.1 17.5 58.0 41.1 3.85 5 1 0 2 6 5 6 26 185.00 35 80.00 9 75.00 6 1.00 23 15.00 36 1.00
1807 3 12 194.2 12.0 3.1 15.1 0.90 5 0 3 2 4 5 3 12 1.00 11 45.00 35 70.00
1808 2 30 403.2 13.3 55.0 15.9 1.85 5 1 0 2 6 5 7 47 95.00 16 65.00 48 105.00 17 45.00 9 70.00 18 15.00 23 15.00
1809 0 5 532.3 20.7 38.1 35.3 3.77 4 0 2 4 5 5 5 200.00 30 50.00 4 40.00 23 25.00 25 25.00
1810 0 15 476.5 28.2 44.2 23.9 4.54 4 0 2 4 5 5 5 220.00 30 70.00 4 55.00 27 25.00 25 20.00
1811 1 29 618.5 61.2 30.1 28.1 4.42 3 2 4 5 6 2 175.00 34 60.00 10 110.00 16 70.00 23 20.00 18 10.00
1812 2 35 537.2 55.8 42.2 16.4 4.45 4 1 0 6 5 7 2 150.00 19 70.00 1 75.00 10 95.00 29 30.00 25 15.00 23 10.00
1813 2 31 516.9 41.9 34.2 25.0 3.78 4 2 6 4 5 6 15 140.00 20 90.00 8 65.00 17 60.00 29 15.00 18 10.00
1814 0 13 609.1 26.4 44.9 38.7 2.54 2 0 5 5 13 2.00 6 1.00 7 2.00 24 10.00 9 35.00
1815 0 3 448.3 28.0 41.2 21.8 4.19 4 0 2 4 5 5 5 230.00 30 60.00 4 45.00 27 20.00 25 20.00
1816 1 16 476.0 23.0 41.9 25.3 2.39 2 0 5 6 22 80.00 41 135.00 12 65.00 18 10.00 23 10.00 0 45.00
1817 3 3 200.8 14.2 2.8 14.8 0.93 5 0 3 2 4 5 3 7 1.00 11 30.00 35 55.00
1818 1 19 424.4 17.8 63.8 11.9 2.38 5 1 0 2 6 5 6 40 190.00 20 65.00 8 60.00 17 40.00 9 70.00 23 10.00
1819 0 1 500.1 27.2 34.1 31.3 3.46 3 0 2 5 5 5 205.00 4 60.00 28 15.00 25 15.00 33 25.00
1820 1 21 581.2 14.5 49.7 40.2 3.73 5 1 0 2 6 5 6 26 140.00 35 95.00 9 80.00 6 1.00 23 15.00 36 1.00
1821 2 26 423.0 20.8 50.7 18.2 3.52 4 1 0 6 5 7 32 150.00 19 75.00 1 65.00 10 110.00 29 20.00 25 20.00 23 10.00
1822 1 21 442.6 44.0 30.3 17.4 5.48 3 2 4 5 6 49 155.00 34 80.00 10 80.00 16 45.00 23 15.00 18 10.00
1823 2 22 517.6 42.3 33.6 25.1 3.98 4 2 6 4 5 6 15 140.00 20 90.00 8 85.00 17 60.00 29 25.00 16 10.00
1824 2 23 469.9 26.3 49.1 21.8 4.38 4 1 0 6 5 7 32 230.00 19 85.00 1 100.00 35 120.00 29 20.00 25 15.00 23 10.00
1825 0 17 504.4 17.1 61.8 23.7 1.39 4 1 0 6 5 5 19 60.00 3 155.00 31 1.00 24 30.00 28 10.00
1826 0 0 476.4 29.0 38.5 25.9 4.67 4 0 2 4 5 5 5 250.00 30 70.00 4 55.00 33 20.00 25 15.00
1827 2 34 519.2 18.3 68.1 21.1 2.33 5 1 0 2 6 5 7 47 145.00 16 75.00 48 105.00 17 60.00 9 90.00 18 15.00 23 20.00
1828 3 13 261.1 17.9 3.0 19.7 1.12 5 0 3 2 4 5 3 7 1.00 11 45.00 35 55.00
1829 1 7 572.9 14.0 48.5 40.0 3.63 5 1 0 2 6 5 6 26 135.00 35 95.00 35 80.00 6 1.00 23 15.00 36 1.00
1830 1 24 901.0 60.2 60.5 50.2 5.39 2 4 5 6 42 185.00 38 2.00 6 1.00 39 55.00 9 55.00 23 10.00
1831 0 23 481.9 40.6 5.6 32.6 2.84 5 0 3 2 4 5 5 7 4.00 0 50.00 1 45.00 7 1.00 11 25.00
1832 0 13 227.1 11.4 4.7 19.1 1.87 5 0 3 2 4 5 5 45 2.00 0 55.00 1 70.00 14 10.00 11 30.00
1833 0 14 456.4 31.5 5.9 34.5 2.82 5 0 3 2 4 5 5 7 3.00 0 50.00 1 75.00 14 10.00 11 35.00
1834 1 21 784.1 41.4 61.0 45.3 4.39 2 4 5 6 42 115.00 38 2.00 6 1.00 39 45.00 9 75.00 23 10.00
1835 1 22 363.0 12.7 40.7 18.5 2.68 5 1 0 2 6 5 6 26 155.00 35 95.00 9 100.00 39 1.00 23 15.00 36 1.00
1836 1 24 409.0 15.2 62.0 11.9 2.36 5 1 0 2 6 5 6 40 145.00 20 90.00 8 85.00 17 50.00 9 50.00 23 10.00
1837 1 26 372.9 14.1 54.8 11.7 2.14 5 1 0 2 6 5 6 40 140.00 20 65.00 8 70.00 17 55.00 9 50.00 23 10.00
1838 2 19 508.5 52.5 14.9 28.2 6.61 5 3 2 4 7 5 6 49 180.00 50 210.00 9 70.00 18 15.00 14 25.00 11 20.00
1839 0 8 654.8 25.1 86.2 26.7 1.29 4 1 0 6 5 5 21 65.00 3 115.00 31 1.00 24 30.00 28 10.00
1840 2 32 570.7 48.9 31.7 29.2 4.35 4 2 6 4 5 6 15 165.00 20 75.00 8 80.00 17 55.00 29 25.00 18 10.00
1841 0 16 446.6 28.3 5.0 35.2 2.44 5 0 3 2 4 5 5 7 3.00 0 55.00 1 45.00 14 15.00 11 25.00
1842 3 12 219.5 4.4 17.8 16.5 1.82 4 1 0 2 5 3 4 80.00 33 25.00 25 10.00
1843 2 39 441.7 13.8 64.0 15.8 1.85 5 1 0 2 6 5 7 47 95.00 44 75.00 48 110.00 17 60.00 9 60.00 18 10.00 23 15.00
1844 2 39 943.5 73.8 39.5 53.4 4.33 2 4 5 6 2 160.00 22 100.00 45 75.00 46 40.00 18 15.00 14 10.00
1845 3 0 299.4 9.3 31.8 17.9 1.03 5 1 0 2 6 5 2 51 1.00 24 35.00
1846 3 12 241.8 16.7 3.1 18.1 1.08 5 0 3 2 4 5 3 7 1.00 11 40.00 35 60.00
1847 2 33 722.5 42.1 50.1 39.2 7.02 3 2 4 5 6 43 170.00 44 165.00 10 145.00 14 20.00 18 15.00 36 1.00
1848 3 17 244.1 16.8 3.6 18.1 1.16 5 0 3 2 4 5 3 7 1.00 11 40.00 35 75.00
1849 0 8 416.6 23.1 39.5 21.3 3.78 4 0 2 4 5 5 5 170.00 30 50.00 4 55.00 27 25.00 25 20.00
1850 1 13 627.1 16.6 57.7 41.0 4.32 5 1 0 2 6 5 6 26 175.00 4 65.00 9 65.00 6 1.00 23 15.00 36 1.00
1851 3 9 271.3 5.6 15.4 22.9 1.42 4 1 0 2 5 3 36 1.00 33 35.00 25 10.00
1852 1 15 562.0 13.4 46.4 39.9 3.62 5 1 0 2 6 5 6 26 125.00 35 75.00 9 90.00 6 1.00 23 15.00 36 1.00
1853 0 4 455.4 24.9 31.3 28.4 3.33 3 0 2 5 5 5 180.00 4 70.00 28 20.00 25 10.00 33 20.00
1854 0 7 343.3 24.4 22.9 19.2 3.61 4 0 2 4 5 5 5 175.00 30 50.00 4 50.00 27 20.00 29 25.00
1855 0 4 416.9 22.1 33.6 24.1 3.05 3 0 2 5 5 5 160.00 4 65.00 28 20.00 25 15.00 33 15.00
1856 3 12 773.6 36.2 50.9 50.1 2.60 3 0 2 5 5 31 1.00 3 180.00 11 95.00 27 25.00 25 10.00
1857 0 12 338.2 10.9 42.4 16.3 3.04 4 0 2 4 5 5 3 180.00 30 60.00 4 55.00 27 20.00 25 20.00
1858 1 30 371.0 13.9 54.5 11.7 2.27 5 1 0 2 6 5 6 40 135.00 20 65.00 8 80.00 17 50.00 9 65.00 23 10.00
1859 2 37 898.4 76.2 31.0 51.0 4.28 2 4 5 6 2 175.00 22 75.00 45 45.00 46 40.00 18 15.00 14 20.00
1860 1 25 425.9 16.3 65.0 12.0 2.35 5 1 0 2 6 5 6 40 160.00 20 95.00 8 70.00 17 45.00 9 55.00 23 10.00
1861 3 15 430.7 18.4 51.1 19.8 1.93 3 0 2 5 5 31 1.00 3 180.00 5 70.00 27 20.00 25 10.00
1862 1 20 389.6 13.8 58.8 11.9 2.22 5 1 0 2 6 5 6 40 125.00 20 95.00 8 60.00 17 55.00 9 70.00 23 10.00
1863 2 27 603.7 51.4 33.8 31.0 4.66 4 2 6 4 5 6 15 175.00 20 75.00 8 95.00 17 70.00 29 20.00 18 10.00
1864 2 33 897.1 53.7 53.8 51.0 8.50 3 2 4 5 6 43 230.00 44 195.00 10 110.00 14 25.00 18 15.00 36 1.00
1865 2 26 517.6 42.3 34.1 25.0 3.85 4 2 6 4 5 6 15 140.00 20 85.00 8 70.00 17 65.00 29 20.00 18 10.00
1866 3 6 328.8 10.5 32.8 20.4 1.07 5 1 0 2 6 5 2 51 1.00 24 40.00
1867 3 10 456.2 20.7 52.3 21.1 2.12 3 0 2 5 5 31 1.00 3 190.00 5 90.00 27 20.00 25 10.00
1868 1 21 525.5 25.4 48.9 26.5 2.50 2 0 5 6 22 105.00 41 125.00 12 70.00 18 10.00 23 10.00 0 45.00
1869 0 13 327.8 18.9 11.6 25.2 3.54 6 1 0 2 6 4 5 5 32 200.00 0 75.00 8 45.00 23 15.00 36 1.00
1870 1 20 435.7 19.6 42.0 22.1 2.17 2 0 5 6 22 80.00 41 145.00 12 50.00 18 10.00 23 10.00 0 35.00
1871 0 22 389.8 19.0 26.1 25.4 2.77 6 1 0 2 6 4 5 5 32 210.00 44 75.00 8 55.00 23 15.00 17 40.00
1872 2 40 1129.8 64.5 34.7 81.2 4.23 2 4 5 6 2 180.00 22 90.00 45 70.00 14 40.00 18 15.00 14 20.00
1873 0 6 456.1 27.7 39.8 23.6 4.37 4 0 2 4 5 5 5 215.00 30 75.00 4 45.00 27 25.00 25 15.00
1874 1 13 448.3 45.8 48.6 7.8 3.06 2 4 5 5 37 140.00 38 2.00 39 40.00 9 60.00 5 30.00
1875 2 32 826.8 52.3 48.1 46.3 8.23 3 2 4 5 6 43 225.00 44 165.00 10 115.00 14 20.00 18 15.00 36 1.00
1876 0 14 518.5 34.6 5.4 39.9 2.75 5 0 3 2 4 5 5 7 4.00 0 50.00 1 50.00 14 15.00 11 25.00
1877 2 33 567.4 49.8 28.5 29.9 4.28 4 2 6 4 5 6 15 170.00 20 65.00 8 65.00 17 55.00 29 25.00 18 10.00
1878 1 20 440.4 43.8 48.5 8.0 2.96 2 4 5 5 37 130.00 38 2.00 39 50.00 9 45.00 5 35.00
1879 1 23 897.8 60.0 59.8 50.2 5.26 2 4 5 6 42 185.00 38 2.00 6 1.00 39 45.00 9 45.00 23 10.00
1880 2 23 504.0 54.9 21.6 23.1 6.08 5 3 2 4 7 5 6 49 180.00 50 140.00 48 65.00 18 15.00 14 20.00 46 20.00
1881 0 11 640.5 24.0 43.3 43.7 2.67 2 0 5 5 13 2.00 6 1.00 7 2.00 23 10.00 9 45.00
1882 2 17 617.6 73.4 16.0 30.5 8.44 5 3 2 4 7 5 6 49 240.00 50 225.00 9 60.00 18 15.00 14 25.00 46 30.00
1883 2 38 931.1 88.8 33.9 47.3 4.79 2 4 5 6 2 220.00 22 85.00 45 45.00 46 35.00 18 15.00 14 15.00
1884 0 8 446.9 24.9 33.1 26.7 4.01 4 0 2 4 5 5 5 155.00 30 65.00 4 55.00 27 25.00 28 20.00
1885 0 20 637.8 23.9 42.7 43.7 2.58 2 0 5 5 13 2.00 6 1.00 7 2.00 23 10.00 9 30.00
1886 3 6 270.0 8.0 30.8 15.4 0.99 5 1 0 2 6 5 2 51 1.00 24 30.00
1887 0 16 614.0 23.6 80.7 25.0 1.35 4 1 0 6 5 5 21 55.00 3 160.00 31 1.00 24 25.00 28 10.00
1888 2 32 849.6 51.4 47.5 49.7 8.17 3 2 4 5 6 43 220.00 44 160.00 10 120.00 14 25.00 18 15.00 36 1.00
1889 3 -1 328.8 10.5 32.8 20.4 1.07 5 1 0 2 6 5 2 51 1.00 24 40.00
1890 0 11 345.0 20.2 12.4 26.2 3.02 6 1 0 2 6 4 5 5 32 225.00 0 45.00 8 55.00 23 15.00 17 35.00
1891 1 21 582.6 14.6 49.9 40.2 3.78 5 1 0 2 6 5 6 26 140.00 35 80.00 9 100.00 6 1.00 23 15.00 36 1.00
1892 1 31 527.3 53.3 28.8 22.1 3.92 3 2 4 5 6 2 150.00 34 60.00 10 105.00 16 60.00 23 15.00 18 10.00
1893 3 5 444.4 18.7 42.5 25.1 1.91 3 0 2 5 5 31 1.00 3 145.00 5 70.00 27 20.00 33 10.00
1894 1 28 594.3 62.8 31.9 23.5 4.37 3 2 4 5 6 2 180.00 34 80.00 10 80.00 16 65.00 23 15.00 18 10.00
1895 0 13 532.3 22.8 60.0 24.2 2.13 4 1 0 6 5 5 21 60.00 3 130.00 36 2.00 24 25.00 28 10.00
1896 0 0 501.7 25.2 36.7 31.4 3.60 3 0 2 5 5 5 175.00 4 80.00 28 20.00 25 15.00 33 25.00
1897 2 27 739.0 42.1 54.2 39.2 7.01 3 2 4 5 6 43 170.00 44 190.00 10 130.00 14 20.00 18 15.00 36 1.00
1898 2 38 863.8 75.6 29.9 47.6 4.74 2 4 5 6 2 180.00 22 80.00 45 50.00 46 35.00 36 1.00 14 15.00
1899 0 10 287.7 14.4 11.5 22.4 2.52 6 1 0 2 6 4 5 5 32 145.00 0 65.00 8 45.00 23 15.00 17 40.00
1900 0 23 254.7 15.3 12.5 17.9 2.58 6 1 0 2 6 4 5 5 32 155.00 0 65.00 8 50.00 23 10.00 17 45.00
1901 1 29 514.4 24.4 49.4 25.5 2.44 2 0 5 6 22 105.00 41 135.00 12 65.00 18 10.00 23 10.00 0 40.00
1902 3 11 240.6 6.8 29.8 12.9 0.95 5 1 0 2 6 5 2 51 1.00 24 25.00
1903 2 36 435.7 15.2 61.5 16.0 2.19 5 1 0 2 6 5 7 47 110.00 16 85.00 48 95.00 17 70.00 9 95.00 18 15.00 23 15.00
1904 2 37 848.9 64.8 37.3 48.1 3.81 2 4 5 6 2 140.00 22 95.00 45 55.00 46 35.00 18 15.00 14 15.00
1905 0 4 475.4 27.1 34.4 28.4 3.55 3 0 2 5 5 5 210.00 4 70.00 28 15.00 25 15.00 33 20.00
1906 0 20 359.0 22.5 5.5 27.7 2.12 5 0 3 2 4 5 5 7 3.00 0 40.00 1 50.00 14 15.00 3 25.00
1907 0 17 640.5 24.0 43.3 43.7 2.67 2 0 5 5 13 2.00 6 1.00 7 2.00 23 10.00 9 45.00
1908 3 18 240.3 16.7 2.7 18.1 1.03 5 0 3 2 4 5 3 7 1.00 11 40.00 35 50.00
1909 0 14 417.4 29.2 6.0 31.2 2.75 5 0 3 2 4 5 5 7 3.00 0 55.00 1 75.00 14 10.00 11 25.00
1910 1 20 657.2 16.4 54.7 45.8 3.81 5 1 0 2 6 5 6 26 170.00 35 85.00 9 65.00 6 1.00 23 20.00 36 1.00
1911 3 0 260.2 5.3 20.4 19.9 2.29 4 1 0 2 5 3 4 105.00 33 30.00 25 10.00
1912 2 30 574.0 48.6 32.8 29.2 4.31 4 2 6 4 5 6 15 165.00 20 80.00 8 75.00 17 60.00 29 20.00 18 10.00
1913 1 16 835.8 49.6 61.1 47.4 4.88 2 4 5 6 42 145.00 38 2.00 6 1.00 39 55.00 9 70.00 23 10.00
1914 0 16 672.8 26.1 82.7 30.0 1.43 4 1 0 6 5 5 21 55.00 3 160.00 31 1.00 24 35.00 28 10.00
1915 0 19 554.8 16.7 20.9 49.3 3.41 6 1 0 2 6 4 5 5 32 145.00 0 60.00 6 1.00 23 20.00 17 35.00
1916 1 13 850.5 52.0 60.6 48.1 4.92 2 4 5 6 42 155.00 38 2.00 6 1.00 39 40.00 9 70.00 23 10.00
1917 0 20 354.3 21.1 14.1 26.3 3.33 6 1 0 2 6 4 5 5 32 225.00 0 70.00 8 60.00 23 15.00 17 40.00
1918 3 17 213.4 12.9 2.8 16.9 0.91 5 0 3 2 4 5 3 45 1.00 11 50.00 35 60.00
1919 2 36 904.0 73.1 31.4 53.1 4.27 2 4 5 6 2 175.00 22 70.00 45 70.00 46 30.00 18 20.00 14 15.00
1920 2 20 744.5 48.8 80.8 29.0 4.72 4 2 6 4 5 6 15 160.00 20 75.00 8 80.00 31 2.00 29 15.00 18 10.00
1921 0 8 639.6 24.0 43.1 43.7 2.64 2 0 5 5 13 2.00 6 1.00 7 2.00 23 10.00 9 40.00
1922 1 17 901.5 60.1 60.6 50.2 5.38 2 4 5 6 42 185.00 38 2.00 6 1.00 39 40.00 9 70.00 23 10.00
1923 0 15 669.7 26.0 82.5 29.8 1.42 4 1 0 6 5 5 21 55.00 3 155.00 31 1.00 24 35.00 28 10.00
1924 2 31 498.7 29.3 52.8 22.6 4.56 4 1 0 6 5 7 32 240.00 19 85.00 1 85.00 10 125.00 29 20.00 25 15.00 23 10.00
1925 0 14 610.9 26.5 45.3 38.7 2.60 2 0 5 5 13 2.00 6 1.00 7 2.00 24 10.00 9 45.00
1926 1 24 391.8 15.0 58.3 11.8 2.12 5 1 0 2 6 5 6 40 150.00 20 80.00 8 60.00 17 40.00 9 50.00 23 10.00
1927 3 6 242.6 16.8 3.3 18.1 1.10 5 0 3 2 4 5 3 7 1.00 11 40.00 35 65.00
1928 2 22 602.6 51.1 33.8 30.9 4.66 4 2 6 4 5 6 15 175.00 20 75.00 8 100.00 17 70.00 29 15.00 18 10.00
1929 3 18 211.8 18.2 4.2 13.6 1.25 5 0 3 2 4 5 3 7 1.00 46 30.00 35 70.00
1930 2 29 873.1 55.3 52.2 48.1 8.10 3 2 4 5 6 43 240.00 44 200.00 10 105.00 14 20.00 18 15.00 17 1.00
1931 2 31 441.5 23.7 49.0 19.6 3.70 4 1 0 6 5 7 32 180.00 19 85.00 1 70.00 10 85.00 29 30.00 25 15.00 23 10.00
1932 0 13 506.4 42.5 6.3 34.3 3.14 5 0 3 2 4 5 5 7 3.00 0 50.00 1 65.00 7 2.00 11 30.00
1933 3 8 321.6 15.5 47.2 9.8 1.70 3 0 2 5 5 31 1.00 3 170.00 5 75.00 29 15.00 25 10.00
1934 0 7 464.4 27.2 37.4 25.6 3.44 3 0 2 5 5 5 220.00 4 60.00 28 15.00 25 20.00 33 15.00
1935 1 12 441.3 44.5 48.3 7.8 2.98 2 4 5 5 37 135.00 38 2.00 39 50.00 9 45.00 5 30.00
1936 2 28 586.0 48.9 35.4 29.3 4.30 4 2 6 4 5 6 15 165.00 20 90.00 8 65.00 17 70.00 29 20.00 18 10.00
1937 2 38 616.2 45.3 43.0 28.5 6.73 3 2 4 5 6 43 175.00 44 135.00 10 100.00 11 15.00 18 20.00 36 1.00
1938 1 17 434.3 17.9 65.9 11.9 2.29 5 1 0 2 6 5 6 40 190.00 20 75.00 8 55.00 17 50.00 9 50.00 23 10.00
1939 3 10 270.0 8.0 30.8 15.4 0.99 5 1 0 2 6 5 2 51 1.00 24 30.00
1940 3 8 399.9 17.0 50.1 17.2 1.81 3 0 2 5 5 31 1.00 3 185.00 5 65.00 27 15.00 25 10.00
1941 0 5 641.4 24.1 43.5 43.8 2.70 2 0 5 5 13 2.00 6 1.00 7 2.00 23 10.00 9 50.00
1942 0 8 520.0 27.4 39.4 31.4 3.75 3 0 2 5 5 5 205.00 4 75.00 28 15.00 25 20.00 33 25.00
1943 1 22 377.9 14.5 55.1 11.9 2.39 5 1 0 2 6 5 6 40 140.00 20 80.00 8 70.00 50 40.00 9 70.00 23 10.00
1944 0 11 638.7 23.9 42.9 43.7 2.61 2 0 5 5 13 2.00 6 1.00 7 2.00 23 10.00 9 35.00
1945 0 20 288.5 14.2 11.8 22.4 2.50 6 1 0 2 6 4 5 5 32 145.00 0 55.00 8 55.00 23 15.00 17 40.00
1946 1 33 532.0 51.9 31.0 22.2 3.88 3 2 4 5 6 2 145.00 34 75.00 10 90.00 16 60.00 23 15.00 18 10.00
1947 0 20 627.0 24.2 78.6 27.3 1.39 4 1 0 6 5 5 21 50.00 3 165.00 31 1.00 24 30.00 28 10.00
1948 1 12 572.9 14.0 48.1 40.1 3.62 5 1 0 2 6 5 6 26 135.00 35 85.00 9 75.00 6 1.00 23 15.00 36 1.00
1949 3 4 100.8 7.8 4.4 5.9 0.74 5 0 3 2 4 5 3 7 1.00 3 30.00 35 70.00
1950 3 13 406.6 17.8 50.2 17.5 1.88 3 0 2 5 5 31 1.00 3 180.00 5 75.00 27 15.00 25 10.00
1951 3 9 203.1 14.3 3.3 14.8 1.01 5 0 3 2 4 5 3 7 1.00 11 30.00 35 70.00
1952 1 12 608.7 16.2 53.8 40.8 3.77 5 1 0 2 6 5 6 26 165.00 9 75.00 9 70.00 6 1.00 23 15.00 36 1.00
1953 2 19 560.6 70.6 17.0 25.1 8.35 5 3 2 4 7 5 6 49 235.00 50 225.00 9 90.00 18 15.00 14 20.00 46 25.00
1954 0 8 508.6 23.5 23.2 38.2 3.32 3 0 2 5 5 5 200.00 4 65.00 23 15.00 25 10.00 33 20.00
1955 1 19 441.4 19.8 43.0 22.0 2.01 2 0 5 6 22 95.00 41 100.00 12 50.00 18 10.00 23 10.00 0 35.00
1956 0 15 335.2 19.3 12.6 25.5 2.91 6 1 0 2 6 4 5 5 32 210.00 0 55.00 8 40.00 23 15.00 17 45.00
1957 3 0 285.6 6.6 11.3 26.3 1.93 4 1 0 2 5 3 4 75.00 33 30.00 33 10.00
1958 0 10 397.9 20.9 30.0 21.7 1.34 2 0 5 5 13 2.00 39 1.00 7 2.00 23 10.00 9 30.00
1959 2 24 553.3 71.8 13.7 24.8 7.99 5 3 2 4 7 5 6 49 245.00 50 145.00 9 70.00 18 15.00 14 20.00 46 25.00
1960 1 20 425.0 19.9 37.1 22.9 2.04 2 0 5 6 22 75.00 41 100.00 12 55.00 18 10.00 23 10.00 0 40.00
1961 1 16 439.9 43.6 48.4 8.0 2.92 2 4 5 5 37 130.00 38 2.00 39 35.00 9 55.00 5 35.00
1962 1 18 615.8 16.5 55.3 40.8 3.83 5 1 0 2 6 5 6 26 170.00 35 85.00 9 80.00 6 1.00 23 15.00 36 1.00
1963 0 11 401.9 23.7 21.9 26.7 3.17 3 0 2 5 5 5 175.00 4 70.00 28 15.00 41 15.00 33 20.00
1964 1 16 517.5 25.1 47.3 26.4 2.40 2 0 5 6 22 105.00 41 105.00 12 70.00 18 10.00 23 10.00 0 45.00
1965 3 11 448.0 19.3 50.8 21.6 1.99 3 0 2 5 5 31 1.00 3 145.00 5 80.00 27 25.00 25 10.00
1966 0 7 526.2 28.5 42.3 30.2 4.03 3 0 2 5 5 5 215.00 4 90.00 28 20.00 25 20.00 33 20.00
1967 1 25 498.9 24.0 46.3 25.4 2.48 2 0 5 6 22 95.00 41 130.00 12 65.00 18 10.00 23 10.00 0 50.00
1968 1 9 589.6 14.0 52.5 40.2 4.58 5 1 0 2 6 5 6 26 135.00 35 95.00 4 90.00 6 1.00 23 15.00 36 1.00
1969 0 7 485.8 24.5 40.5 28.2 3.63 3 0 2 5 5 5 175.00 4 85.00 28 20.00 25 20.00 33 20.00
1970 1 28 435.8 20.2 39.4 23.1 2.13 2 0 5 6 22 75.00 41 130.00 12 55.00 18 10.00 23 10.00 0 35.00
1971 0 7 660.9 25.5 86.7 27.0 1.32 4 1 0 6 5 5 21 65.00 3 125.00 31 1.00 24 30.00 28 10.00
1972 2 34 564.7 48.5 30.6 29.2 4.42 4 2 6 4 5 6 15 165.00 20 70.00 8 100.00 17 45.00 29 20.00 18 10.00
1973 0 5 637.8 23.9 42.7 43.7 2.58 2 0 5 5 13 2.00 6 1.00 7 2.00 23 10.00 9 30.00
1974 0 9 653.6 25.2 84.3 27.4 1.36 4 1 0 6 5 5 21 60.00 3 145.00 31 1.00 24 30.00 28 10.00
1975 2 34 683.6 42.7 45.1 36.3 6.87 3 2 4 5 6 43 180.00 44 155.00 10 100.00 14 15.00 18 15.00 36 1.00
1976 2 34 945.3 70.6 39.5 55.3 4.22 2 4 5 6 2 150.00 22 95.00 45 70.00 46 40.00 18 20.00 14 15.00
1977 1 19 829.9 49.2 59.9 47.4 4.66 2 4 5 6 42 145.00 38 2.00 6 1.00 39 40.00 9 50.00 23 10.00
1978 0 22 446.0 36.7 6.0 30.7 2.84 5 0 3 2 4 5 5 7 3.00 0 50.00 1 60.00 46 15.00 11 35.00
1979 1 18 403.2 15.9 60.6 11.9 2.18 5 1 0 2 6 5 6 40 155.00 20 85.00 50 70.00 17 55.00 9 55.00 23 10.00
1980 0 7 499.8 31.6 38.4 27.5 4.25 4 0 2 4 5 5 5 245.00 30 50.00 4 45.00 27 30.00 25 15.00
1981 3 0 299.4 9.3 31.8 17.9 1.03 5 1 0 2 6 5 2 51 1.00 24 35.00
1982 1 28 564.9 55.5 34.2 22.7 4.13 3 2 4 5 6 2 155.00 34 85.00 10 85.00 16 75.00 23 15.00 18 10.00
1983 2 35 402.0 21.9 43.6 18.7 3.78 4 1 0 6 5 7 32 160.00 19 60.00 1 85.00 10 115.00 29 20.00 25 15.00 23 10.00
1984 3 2 453.4 21.2 53.1 20.0 2.17 3 0 2 5 5 31 1.00 3 225.00 5 95.00 27 15.00 25 10.00
1985 0 23 561.0 35.5 6.4 44.1 3.15 5 0 3 2 4 5 5 7 4.00 0 55.00 1 75.00 14 20.00 11 25.00
1986 2 26 605.8 50.4 37.5 29.6 4.29 4 2 6 4 5 6 15 170.00 19 80.00 8 60.00 17 75.00 29 25.00 18 10.00
1987 1 7 463.0 48.8 48.8 7.7 3.11 2 4 5 5 37 155.00 38 2.00 8 35.00 9 45.00 5 25.00
1988 2 21 669.6 56.8 35.5 35.3 5.00 4 2 6 4 5 6 15 200.00 20 85.00 8 85.00 17 60.00 41 25.00 18 10.00
1989 0 14 400.0 21.0 30.5 21.7 1.39 2 0 5 5 13 2.00 16 1.00 7 2.00 23 10.00 9 40.00
1990 0 12 455.3 31.4 5.8 34.5 2.76 5 0 3 2 4 5 5 7 3.00 0 50.00 1 70.00 14 10.00 11 35.00
1991 1 17 395.6 14.1 59.8 11.9 2.23 5 1 0 2 6 5 6 40 130.00 20 95.00 8 70.00 17 55.00 9 55.00 23 10.00
1992 3 2 440.4 19.4 51.4 20.3 2.01 3 0 2 5 5 31 1.00 3 180.00 5 80.00 27 20.00 25 10.00
1993 1 10 615.5 16.5 55.2 40.8 3.82 5 1 0 2 6 5 6 26 170.00 35 65.00 9 95.00 6 1.00 23 15.00 36 1.00
1994 3 7 299.4 9.3 31.8 17.9 1.03 5 1 0 2 6 5 2 51 1.00 24 35.00
1995 0 5 459.0 28.0 39.8 23.7 3.93 4 0 2 4 5 5 5 220.00 30 45.00 4 45.00 27 25.00 25 20.00
1996 2 34 712.1 45.0 46.8 37.6 7.22 3 2 4 5 6 43 190.00 44 160.00 10 110.00 14 15.00 18 15.00 36 1.00
1997 0 13 641.4 24.1 43.5 43.8 2.70 2 0 5 5 13 2.00 6 1.00 7 2.00 23 10.00 9 50.00
1998 2 26 732.6 89.6 14.3 34.3 5.72 5 3 2 4 7 5 6 2 240.00 50 165.00 9 75.00 18 15.00 14 20.00 46 30.00
1999 0 11 724.2 28.4 95.2 29.1 1.47 4 1 0 6 5 5 21 75.00 3 165.00 31 1.00 24 30.00 28 10.00
2000 1 22 877.2 56.3 60.8 49.2 5.23 2 4 5 6 42 170.00 38 2.00 6 1.00 39 60.00 9 60.00 23 10.00
2001 2 27 836.8 52.6 50.5 46.3 8.26 3 2 4 5 6 43 225.00 44 170.00 10 110.00 14 20.00 18 20.00 36 1.00
2002 1 20 435.4 18.3 66.1 11.9 2.37 5 1 0 2 6 5 6 40 195.00 20 65.00 8 60.00 17 60.00 9 55.00 23 10.00
2003 1 18 452.2 47.7 47.8 7.6 3.05 2 4 5 5 37 150.00 38 2.00 39 45.00 9 40.00 5 25.00
2004 2 26 730.0 55.8 57.0 33.9 5.11 4 2 6 4 5 6 15 190.00 20 85.00 8 100.00 31 1.00 29 15.00 18 10.00
2005 2 24 339.9 52.8 13.8 9.2 6.07 5 3 2 4 7 5 6 49 160.00 50 165.00 9 90.00 18 10.00 5 15.00 46 25.00
2006 0 19 485.6 30.6 4.9 38.4 2.52 5 0 3 2 4 5 5 7 3.00 0 45.00 1 50.00 14 15.00 11 35.00
2007 0 3 394.6 22.6 38.9 19.0 3.03 4 0 2 4 5 5 5 175.00 30 45.00 16 55.00 27 20.00 25 20.00
2008 1 11 614.9 16.4 55.5 40.8 3.98 5 1 0 2 6 5 6 26 165.00 35 95.00 9 100.00 6 1.00 23 15.00 36 1.00
2009 0 1 471.0 24.0 41.7 26.3 3.70 3 0 2 5 5 5 195.00 4 85.00 25 20.00 25 10.00 33 25.00
2010 3 9 387.2 12.6 50.5 17.6 1.49 3 0 2 5 5 31 1.00 3 155.00 3 65.00 27 20.00 25 10.00
2011 1 30 955.7 28.7 65.1 70.2 4.45 2 0 5 6 22 80.00 41 125.00 12 70.00 18 10.00 23 10.00 6 2.00
2012 2 27 443.3 27.1 41.6 22.0 4.18 4 1 0 6 5 7 32 230.00 19 70.00 1 95.00 10 80.00 29 20.00 25 10.00 23 10.00
2013 0 14 574.4 30.6 29.0 38.7 3.12 5 0 3 2 4 5 5 7 3.00 51 1.00 1 75.00 14 15.00 11 35.00
2014 0 17 701.7 27.4 91.7 28.5 1.44 4 1 0 6 5 5 21 70.00 3 160.00 31 1.00 24 30.00 28 10.00
2015 3 9 487.6 21.4 54.0 23.8 2.19 3 0 2 5 5 31 1.00 3 210.00 5 80.00 27 25.00 25 10.00
2016 0 11 432.9 29.8 5.3 32.8 2.60 5 0 3 2 4 5 5 7 3.00 0 40.00 1 70.00 14 10.00 11 30.00
2017 1 28 448.5 18.4 68.8 12.1 2.54 5 1 0 2 6 5 6 40 190.00 20 80.00 8 80.00 17 50.00 9 55.00 23 10.00
2018 2 27 895.6 71.4 37.4 50.1 4.10 2 4 5 6 2 155.00 22 100.00 45 55.00 46 40.00 18 10.00 14 15.00
2019 1 22 560.9 17.6 52.3 35.7 4.14 5 1 0 2 6 5 6 26 160.00 35 65.00 1 85.00 6 1.00 23 10.00 36 1.00
2020 2 30 829.9 50.5 55.8 44.4 8.14 3 2 4 5 6 43 210.00 44 195.00 10 140.00 14 20.00 18 15.00 36 1.00
2021 1 15 711.0 10.1 44.8 56.2 2.15 2 0 5 6 22 105.00 41 90.00 14 55.00 18 10.00 23 10.00 0 50.00
2022 0 12 441.2 23.2 41.6 23.3 3.91 4 0 2 4 5 5 5 160.00 30 65.00 4 45.00 27 30.00 25 20.00
2023 3 15 821.5 50.9 47.5 51.5 3.38 3 0 2 5 5 31 1.00 12 165.00 5 80.00 27 25.00 25 10.00
2024 3 12 270.0 8.0 30.8 15.4 0.99 5 1 0 2 6 5 2 51 1.00 24 30.00
2025 0 11 494.2 31.1 42.4 25.3 4.42 4 0 2 4 5 5 5 250.00 30 50.00 4 55.00 27 25.00 25 20.00
2026 0 4 536.7 24.6 28.4 38.8 3.61 3 0 2 5 5 5 210.00 4 75.00 23 15.00 25 15.00 33 20.00
2027 3 4 745.9 35.0 51.4 47.1 2.56 3 0 2 5 5 31 1.00 3 215.00 11 90.00 27 20.00 25 10.00
2028 0 17 302.4 15.4 12.7 23.1 2.60 6 1 0 2 6 4 5 5 32 160.00 0 55.00 8 50.00 23 15.00 17 50.00
2029 3 -2 299.4 9.3 31.8 17.9 1.03 5 1 0 2 6 5 2 51 1.00 24 35.00
2030 2 36 622.6 28.3 61.6 33.2 4.71 3 2 4 5 6 32 250.00 44 210.00 10 135.00 14 25.00 18 10.00 36 1.00
2031 0 16 362.1 23.7 5.1 28.0 2.34 5 0 3 2 4 5 5 7 2.00 0 50.00 1 65.00 14 10.00 11 30.00
2032 1 20 803.5 45.1 59.7 46.3 4.40 2 4 5 6 42 130.00 38 2.00 6 1.00 39 40.00 9 45.00 23 10.00
2033 2 31 558.5 49.1 26.8 29.9 4.34 4 2 6 4 5 6 15 170.00 20 65.00 8 75.00 17 65.00 29 20.00 39 10.00
2034 3 6 819.7 50.2 53.5 47.6 3.45 3 0 2 5 5 31 1.00 3 175.00 46 100.00 27 25.00 25 10.00
2035 0 12 304.7 15.7 13.6 23.0 2.81 6 1 0 2 6 4 5 5 32 155.00 0 75.00 8 55.00 23 15.00 17 50.00
2036 1 26 394.5 15.0 58.8 11.8 2.15 5 1 0 2 6 5 6 40 150.00 20 80.00 8 65.00 17 45.00 9 45.00 23 10.00
2037 1 33 674.6 67.2 35.6 29.1 4.90 3 2 4 5 6 2 190.00 34 85.00 10 120.00 16 65.00 23 20.00 18 10.00
2038 1 17 478.5 22.8 42.5 25.2 2.23 2 0 5 6 22 85.00 41 130.00 12 65.00 18 10.00 23 10.00 0 30.00
2039 3 4 202.3 14.3 3.1 14.8 0.98 5 0 3 2 4 5 3 7 1.00 11 30.00 35 65.00
2040 0 22 297.3 15.2 12.2 22.9 2.61 6 1 0 2 6 4 5 5 32 155.00 0 65.00 8 45.00 23 15.00 17 45.00
2041 3 6 228.7 15.4 4.7 16.5 1.47 5 0 3 2 4 5 3 7 1.00 11 35.00 4 50.00
2042 2 35 444.8 25.8 45.5 21.1 3.99 4 1 0 6 5 7 32 210.00 19 65.00 1 65.00 10 115.00 29 25.00 25 15.00 23 10.00
2043 0 19 637.8 23.9 42.7 43.7 2.58 2 0 5 5 13 2.00 6 1.00 7 2.00 23 10.00 9 30.00
2044 1 21 503.2 23.2 49.9 24.4 2.30 2 0 5 6 22 110.00 41 125.00 12 60.00 18 10.00 23 10.00 0 35.00
2045 0 18 278.2 20.2 21.1 15.0 2.93 6 1 0 2 6 4 5 5 32 175.00 0 65.00 8 55.00 28 20.00 17 40.00
2046 0 15 664.0 25.6 86.9 27.2 1.33 4 1 0 6 5 5 21 65.00 3 130.00 31 1.00 24 30.00 28 10.00
2047 1 33 482.5 53.4 28.9 17.1 3.89 3 2 4 5 6 2 150.00 34 55.00 10 115.00 16 65.00 23 10.00 18 10.00
2048 2 35 580.3 41.7 23.7 35.6 7.36 3 2 4 5 6 43 170.00 50 175.00 10 140.00 14 15.00 18 20.00 36 1.00
2049 1 25 903.6 60.4 61.0 50.2 5.49 2 4 5 6 42 185.00 38 2.00 6 1.00 39 60.00 9 65.00 23 10.00
2050 2 20 631.6 53.7 35.5 32.6 4.38 4 2 6 4 5 6 15 185.00 20 80.00 16 85.00 17 50.00 29 20.00 18 10.00
2051 1 25 425.3 16.9 64.6 12.0 2.58 5 1 0 2 6 5 6 40 170.00 20 75.00 8 85.00 17 50.00 9 75.00 23 10.00
2052 0 20 644.9 24.7 88.5 24.6 1.26 4 1 0 6 5 5 21 70.00 3 115.00 31 1.00 24 25.00 28 10.00
2053 0 4 516.7 28.0 32.0 34.1 3.99 3 0 2 5 5 5 220.00 4 90.00 33 15.00 25 15.00 33 20.00
2054 0 20 402.2 21.1 30.9 21.7 1.45 2 0 5 5 13 2.00 48 1.00 7 2.00 23 10.00 9 50.00
2055 2 39 1033.2 79.7 38.8 60.8 4.81 2 4 5 6 2 225.00 22 100.00 45 70.00 45 40.00 18 15.00 14 15.00
2056 0 14 246.6 14.1 12.6 17.5 2.89 6 1 0 2 6 4 5 5 32 145.00 0 60.00 8 55.00 23 10.00 30 30.00
2057 0 9 615.7 25.4 44.3 40.2 2.66 2 0 5 5 13 2.00 6 1.00 7 2.00 33 10.00 9 35.00
2058 0 14 492.1 29.1 41.9 26.3 4.13 4 0 2 4 5 5 5 220.00 30 55.00 4 40.00 27 30.00 25 20.00
2059 0 23 527.0 31.4 5.8 42.6 2.85 5 0 3 2 4 5 5 7 3.00 0 55.00 1 65.00 14 20.00 11 35.00
2060 1 29 504.8 52.8 34.2 17.5 4.25 3 2 4 5 6 2 145.00 34 85.00 10 120.00 16 70.00 23 10.00 30 10.00
2061 2 15 455.1 54.6 12.3 22.2 6.61 5 3 2 4 7 5 6 49 165.00 50 210.00 9 90.00 35 20.00 14 15.00 46 30.00
2062 2 23 486.6 31.4 19.8 34.6 4.36 5 3 2 4 7 5 6 32 245.00 50 195.00 9 85.00 18 15.00 14 20.00 46 20.00
2063 3 8 437.6 19.9 52.2 19.2 2.06 3 0 2 5 5 31 1.00 3 215.00 5 85.00 27 15.00 25 10.00
2064 3 6 270.0 8.0 30.8 15.4 0.99 5 1 0 2 6 5 2 51 1.00 24 30.00
2065 3 0 394.9 17.7 48.9 16.9 1.85 3 0 2 5 5 31 1.00 3 145.00 5 85.00 27 15.00 25 10.00
2066 0 6 641.4 24.1 43.5 43.8 2.70 2 0 5 5 13 2.00 6 1.00 7 2.00 23 10.00 9 50.00
2067 2 28 418.0 21.9 45.4 19.2 3.32 4 1 0 6 5 7 32 170.00 19 80.00 9 80.00 10 105.00 29 30.00 25 10.00 23 10.00
2068 1 10 578.2 14.3 49.0 40.2 3.63 5 1 0 2 6 5 6 26 140.00 35 75.00 9 80.00 6 1.00 23 15.00 36 1.00
2069 1 17 516.4 47.3 47.8 16.2 3.35 2 4 5 5 42 140.00 38 2.00 39 40.00 9 45.00 5 25.00
2070 2 16 484.2 57.2 14.7 23.3 6.81 5 3 2 4 7 5 6 49 190.00 50 175.00 9 80.00 18 15.00 14 20.00 46 20.00
2071 0 16 336.8 19.3 13.4 25.3 3.05 6 1 0 2 6 4 5 5 32 205.00 0 65.00 8 50.00 23 15.00 17 45.00
2072 2 42 474.7 13.6 61.7 21.0 2.74 5 1 0 2 6 5 7 47 95.00 16 65.00 48 110.00 17 75.00 4 75.00 18 15.00 23 20.00
2073 2 25 862.4 86.6 38.2 39.0 4.41 2 4 5 6 2 185.00 22 100.00 12 50.00 46 30.00 18 15.00 14 15.00
2074 1 19 425.0 19.9 37.1 22.9 2.04 2 0 5 6 22 75.00 41 100.00 12 55.00 18 10.00 23 10.00 0 40.00
2075 2 23 588.7 28.6 83.0 19.7 4.27 4 1 0 6 5 7 32 175.00 19 100.00 1 100.00 18 105.00 29 25.00 25 15.00 23 10.00
2076 2 40 919.6 84.5 34.1 48.0 4.62 2 4 5 6 2 200.00 22 85.00 45 45.00 46 40.00 18 15.00 14 15.00
2077 3 15 344.2 16.4 49.2 11.0 1.80 3 0 2 5 5 31 1.00 3 215.00 5 70.00 29 15.00 25 10.00
2078 2 30 830.9 49.7 56.5 44.3 7.96 3 2 4 5 6 43 210.00 44 210.00 10 105.00 14 20.00 18 15.00 36 1.00
2079 1 21 477.5 21.9 47.4 23.3 2.25 2 0 5 6 22 105.00 41 110.00 12 55.00 18 10.00 23 10.00 0 45.00
2080 0 17 520.9 34.9 5.8 40.0 2.85 5 0 3 2 4 5 5 7 4.00 0 60.00 1 50.00 14 15.00 11 25.00
2081 2 29 527.5 29.5 60.0 22.4 4.59 4 1 0 6 5 7 32 235.00 19 100.00 1 90.00 10 100.00 29 30.00 25 20.00 23 10.00
2082 0 11 333.0 14.4 11.7 27.4 2.65 6 1 0 2 6 4 5 5 32 145.00 0 65.00 8 55.00 23 20.00 17 35.00
2083 0 25 544.2 36.1 11.2 39.1 2.26 5 0 3 2 4 5 5 7 4.00 0 40.00 48 45.00 14 10.00 11 35.00
2084 1 33 654.6 75.4 31.1 24.8 5.02 3 2 4 5 6 2 220.00 34 65.00 10 110.00 16 70.00 23 15.00 18 10.00
2085 0 19 498.4 18.7 81.4 13.0 1.32 4 1 0 6 5 5 21 60.00 3 160.00 31 1.00 41 30.00 28 10.00
2086 2 24 335.6 15.4 62.3 4.0 2.10 4 2 6 4 5 6 26 140.00 20 85.00 8 85.00 17 60.00 29 15.00 18 10.00
2087 0 6 462.0 27.5 36.4 25.7 3.98 3 0 2 5 5 5 220.00 4 100.00 28 15.00 25 15.00 33 15.00
2088 0 15 420.5 18.8 28.8 27.5 2.70 3 0 2 5 5 7 2.00 4 85.00 28 15.00 25 15.00 33 20.00
2089 3 2 289.7 6.0 20.4 23.1 2.25 4 1 0 2 5 3 4 95.00 33 35.00 25 10.00
2090 0 9 600.5 19.0 37.3 44.2 2.52 2 0 5 5 38 1.00 6 1.00 7 2.00 23 10.00 9 45.00
2091 2 31 863.6 49.6 57.8 47.8 8.05 3 2 4 5 6 43 205.00 44 200.00 10 130.00 14 25.00 18 20.00 36 1.00
2092 1 9 287.3 10.9 35.1 13.0 2.26 5 1 0 2 6 5 6 26 135.00 35 80.00 9 70.00 4 1.00 23 10.00 36 1.00
2093 1 12 417.5 39.3 48.2 7.6 2.70 2 4 5 5 37 115.00 38 2.00 39 40.00 9 50.00 5 30.00
2094 0 23 340.1 19.6 12.7 25.7 3.03 6 1 0 2 6 4 5 5 32 215.00 0 50.00 8 60.00 23 15.00 17 35.00
2095 1 14 792.4 56.3 61.6 39.2 5.08 2 4 5 6 42 170.00 38 2.00 6 1.00 39 45.00 9 70.00 41 10.00
2096 1 17 354.9 13.0 51.5 11.6 2.16 5 1 0 2 6 5 6 40 125.00 20 60.00 8 85.00 17 55.00 9 50.00 23 10.00
2097 1 18 452.6 19.4 66.8 13.0 2.89 5 1 0 2 6 5 6 40 180.00 34 90.00 8 65.00 17 50.00 9 60.00 23 10.00
2098 2 31 703.4 41.6 45.8 39.2 6.85 3 2 4 5 6 43 170.00 44 140.00 10 130.00 14 20.00 18 20.00 36 1.00
2099 2 32 581.7 60.7 58.3 13.6 7.73 3 2 4 5 6 49 220.00 44 210.00 10 100.00 14 15.00 18 20.00 36 1.00
2100 0 6 640.5 24.0 43.3 43.7 2.67 2 0 5 5 13 2.00 6 1.00 7 2.00 23 10.00 9 45.00
2101 0 5 453.0 25.0 39.6 24.4 3.84 3 0 2 5 5 5 195.00 4 100.00 28 15.00 25 20.00 33 15.00
2102 3 13 433.2 18.0 51.7 19.9 1.91 3 0 2 5 5 31 1.00 3 200.00 5 60.00 27 20.00 25 10.00
2103 0 9 639.6 24.0 43.1 43.7 2.64 2 0 5 5 13 2.00 6 1.00 7 2.00 23 10.00 9 40.00
2104 0 18 321.0 20.9 15.4 22.6 3.01 6 1 0 2 6 4 5 5 32 190.00 0 60.00 8 45.00 33 20.00 17 45.00
2105 2 31 994.0 92.9 43.8 48.0 5.06 2 4 5 6 2 215.00 22 110.00 45 50.00 46 45.00 18 20.00 14 10.00
2106 3 5 229.1 4.6 20.1 16.6 2.27 4 1 0 2 5 3 4 110.00 33 25.00 25 10.00
2107 3 4 413.6 17.2 49.9 18.9 1.83 3 0 2 5 5 31 1.00 3 160.00 5 65.00 27 20.00 25 10.00
2108 3 -1 260.2 5.3 20.4 19.9 2.29 4 1 0 2 5 3 4 105.00 33 30.00 25 10.00
2109 0 9 663.1 25.7 89.9 25.5 1.35 4 1 0 6 5 5 21 70.00 3 145.00 31 1.00 24 25.00 28 10.00
2110 3 10 318.8 8.1 14.7 28.1 2.38 4 1 0 2 5 3 4 100.00 33 35.00 27 10.00
2111 0 15 469.9 30.0 5.5 36.8 2.70 5 0 3 2 4 5 5 7 3.00 0 45.00 1 70.00 14 15.00 11 30.00
2112 0 14 444.7 23.6 33.9 26.6 3.42 3 0 2 5 5 5 175.00 4 80.00 28 15.00 25 15.00 33 20.00
2113 3 17 244.8 16.6 3.3 18.1 1.38 5 0 3 2 4 5 3 7 1.00 11 40.00 36 1.00
2114 1 19 424.0 16.5 64.4 12.0 2.35 5 1 0 2 6 5 6 40 165.00 20 90.00 8 70.00 17 40.00 9 55.00 23 10.00
2115 2 20 737.4 64.9 35.1 39.6 5.44 4 2 6 4 5 6 15 225.00 20 95.00 8 75.00 17 45.00 29 25.00 18 10.00
2116 1 27 552.0 26.7 51.6 27.6 2.52 2 0 5 6 22 110.00 41 145.00 12 75.00 18 10.00 23 10.00 0 30.00
2117 1 27 423.0 18.8 41.9 21.0 2.08 2 0 5 6 22 90.00 41 100.00 12 45.00 18 10.00 23 10.00 0 50.00
2118 1 11 733.9 42.7 69.1 35.7 4.40 2 4 5 6 42 120.00 38 2.00 6 1.00 39 40.00 9 75.00 25 10.00
2119 0 25 468.8 29.9 5.4 36.8 2.64 5 0 3 2 4 5 5 7 3.00 0 45.00 1 65.00 14 15.00 11 30.00
2120 1 20 800.3 51.7 61.9 42.4 4.58 2 4 5 6 42 145.00 38 2.00 6 1.00 39 40.00 9 50.00 24 10.00
2121 3 3 121.3 10.8 4.4 6.9 0.97 5 0 3 2 4 5 3 7 1.00 5 40.00 35 70.00
2122 2 25 555.1 60.2 52.5 13.8 7.78 3 2 4 5 6 49 215.00 44 165.00 10 150.00 14 15.00 18 20.00 36 1.00
2123 2 38 739.0 54.1 20.2 48.3 8.81 3 2 4 5 6 43 240.00 35 135.00 10 145.00 14 20.00 18 10.00 36 1.00
2124 0 10 330.4 18.7 12.8 25.0 2.92 6 1 0 2 6 4 5 5 32 200.00 0 60.00 8 45.00 23 15.00 17 45.00
2125 1 26 528.7 25.7 49.5 26.5 2.57 2 0 5 6 22 105.00 41 130.00 12 70.00 18 10.00 23 10.00 0 50.00
2126 2 29 670.0 59.2 31.7 36.0 4.94 4 2 6 4 5 6 15 205.00 20 80.00 8 60.00 17 55.00 29 25.00 18 10.00
2127 1 18 409.3 37.9 47.7 7.5 2.54 2 4 5 5 37 110.00 38 2.00 39 30.00 9 45.00 5 30.00
2128 1 15 580.8 41.4 52.1 24.2 4.34 2 4 5 6 42 125.00 38 2.00 36 2.00 39 40.00 9 55.00 23 10.00
2129 2 34 574.8 46.4 38.3 27.7 4.33 4 2 6 4 5 6 15 155.00 20 100.00 8 95.00 17 60.00 29 15.00 18 10.00
2130 2 36 449.8 16.0 63.9 16.0 2.04 5 1 0 2 6 5 7 47 120.00 16 60.00 48 120.00 17 65.00 9 70.00 18 15.00 23 15.00
2131 3 9 222.7 4.5 18.6 16.6 1.97 4 1 0 2 5 3 4 90.00 33 25.00 25 10.00
2132 2 34 461.5 22.0 55.4 19.7 3.38 4 1 0 6 5 7 32 185.00 19 90.00 35 90.00 10 90.00 29 20.00 25 20.00 23 10.00
2133 0 6 504.9 27.7 34.3 31.6 3.50 3 0 2 5 5 5 210.00 4 60.00 28 15.00 25 15.00 33 25.00
2134 3 13 299.4 9.3 31.8 17.9 1.03 5 1 0 2 6 5 2 51 1.00 24 35.00
2135 0 12 303.0 17.1 10.9 23.6 3.18 6 1 0 2 6 4 5 5 32 165.00 0 65.00 8 60.00 23 15.00 0 50.00
2136 2 25 579.3 49.7 33.6 29.4 4.35 4 2 6 4 5 6 15 165.00 20 100.00 0 65.00 17 45.00 29 15.00 18 10.00
2137 2 27 429.7 23.7 46.4 19.6 3.90 4 1 0 6 5 7 32 180.00 19 75.00 1 95.00 10 80.00 29 25.00 25 15.00 23 10.00
2138 1 18 601.7 17.6 51.8 40.6 4.50 5 1 0 2 6 5 6 26 150.00 1 95.00 9 90.00 6 1.00 23 15.00 36 1.00
2139 3 3 328.8 10.5 32.8 20.4 1.07 5 1 0 2 6 5 2 51 1.00 24 40.00
2140 2 36 905.1 69.5 34.6 53.4 4.10 2 4 5 6 2 150.00 22 85.00 45 65.00 46 40.00 18 15.00 14 15.00
2141 2 31 455.1 16.0 65.1 16.0 2.11 5 1 0 2 6 5 7 47 120.00 16 80.00 48 130.00 17 55.00 9 75.00 18 10.00 23 15.00
2142 3 14 419.6 16.9 47.8 20.3 1.60 3 0 2 5 5 31 1.00 3 155.00 7 1.00 27 20.00 25 10.00
2143 0 3 402.6 24.4 37.8 19.8 3.55 4 0 2 4 5 5 5 190.00 30 60.00 39 50.00 27 20.00 25 20.00
2144 0 15 328.8 18.6 13.1 24.8 2.98 6 1 0 2 6 4 5 5 32 195.00 0 70.00 8 45.00 23 15.00 17 45.00
2145 2 34 682.4 61.2 29.3 37.6 5.15 4 2 6 4 5 6 15 215.00 20 65.00 8 75.00 17 60.00 29 20.00 18 10.00
2146 2 27 660.9 37.6 44.3 36.4 6.01 3 2 4 5 6 43 150.00 48 190.00 10 95.00 14 20.00 18 10.00 36 1.00
2147 2 24 591.4 52.1 28.6 31.6 4.51 4 2 6 4 5 6 15 180.00 20 60.00 8 75.00 17 65.00 29 20.00 18 10.00
2148 3 7 260.7 5.7 19.0 19.9 1.60 4 1 0 2 5 3 8 110.00 33 30.00 25 10.00
2149 1 11 594.6 15.3 51.9 40.4 3.83 5 1 0 2 6 5 6 26 150.00 35 80.00 9 100.00 6 1.00 23 15.00 36 1.00
2150 0 3 431.6 26.4 38.8 22.1 3.82 4 0 2 4 5 5 5 185.00 1 70.00 4 50.00 27 25.00 25 25.00
2151 1 7 597.6 13.7 54.6 39.7 3.28 5 1 0 2 6 5 6 26 120.00 35 75.00 48 75.00 6 1.00 23 15.00 36 1.00
2152 1 26 408.8 15.0 62.3 11.9 2.35 5 1 0 2 6 5 6 40 140.00 20 95.00 8 70.00 17 55.00 9 65.00 23 10.00
2153 1 17 585.5 12.6 42.3 44.7 2.96 5 1 0 2 6 5 6 26 120.00 35 60.00 9 85.00 6 1.00 23 20.00 16 1.00
2154 0 20 436.0 24.1 5.5 36.1 2.56 5 0 3 2 4 5 5 7 2.00 0 50.00 1 75.00 14 20.00 11 30.00
2155 0 9 600.5 19.0 37.3 44.2 2.52 2 0 5 5 38 1.00 6 1.00 7 2.00 23 10.00 9 45.00
2156 0 15 414.4 25.2 22.1 27.4 3.26 3 0 2 5 5 5 190.00 4 70.00 28 15.00 41 10.00 33 20.00
2157 0 16 583.1 22.1 73.4 25.7 1.26 4 1 0 6 5 5 21 45.00 3 125.00 31 1.00 24 30.00 28 10.00
2158 3 0 313.5 17.2 24.1 17.8 1.60 3 0 2 5 5 18 1.00 3 200.00 5 75.00 27 15.00 25 10.00
2159 0 21 362.4 17.8 21.5 24.6 2.50 6 1 0 2 6 4 5 5 32 195.00 48 65.00 8 50.00 23 15.00 17 40.00
2160 0 8 444.2 27.1 37.9 23.3 4.14 4 0 2 4 5 5 5 210.00 30 60.00 4 50.00 27 25.00 25 15.00
2161 0 14 263.1 11.0 4.3 23.5 1.75 5 0 3 2 4 5 5 45 3.00 0 55.00 1 55.00 14 15.00 11 30.00
2162 1 9 581.4 14.6 49.4 40.3 3.56 5 1 0 2 6 5 6 26 145.00 35 80.00 9 60.00 6 1.00 23 15.00 36 1.00
2163 0 7 329.3 10.7 40.2 16.2 2.71 4 0 2 4 5 5 3 180.00 30 50.00 4 45.00 27 20.00 25 20.00
2164 2 32 441.5 24.7 45.7 20.7 3.76 4 1 0 6 5 7 32 205.00 19 75.00 1 70.00 10 75.00 29 25.00 25 15.00 23 10.00
2165 2 17 507.8 66.6 16.7 20.9 7.65 5 3 2 4 7 5 6 49 220.00 50 190.00 9 70.00 18 20.00 14 15.00 46 25.00
2166 3 12 244.0 15.4 8.8 16.5 1.71 5 0 3 2 4 5 3 7 1.00 11 35.00 30 55.00
2167 3 5 219.4 15.4 2.5 16.4 0.94 5 0 3 2 4 5 3 7 1.00 11 35.00 35 45.00
2168 1 13 455.6 47.2 48.9 7.9 3.19 2 4 5 5 37 145.00 38 2.00 39 50.00 9 60.00 5 30.00
2169 2 23 451.5 27.6 42.9 22.4 3.83 4 1 0 6 5 7 32 235.00 19 60.00 10 85.00 10 100.00 29 25.00 25 10.00 23 10.00
2170 3 9 270.0 8.0 30.8 15.4 0.99 5 1 0 2 6 5 2 51 1.00 24 30.00
2171 1 20 348.2 43.8 32.0 4.7 2.69 2 4 5 5 37 125.00 13 2.00 39 40.00 9 45.00 5 30.00
2172 0 9 640.5 24.0 43.3 43.7 2.67 2 0 5 5 13 2.00 6 1.00 7 2.00 23 10.00 9 45.00
2173 2 27 628.5 55.2 30.8 33.4 4.69 4 2 6 4 5 6 15 190.00 20 75.00 8 65.00 17 55.00 29 25.00 18 10.00
2174 0 19 485.6 30.6 4.9 38.4 2.52 5 0 3 2 4 5 5 7 3.00 0 45.00 1 50.00 14 15.00 11 35.00
2175 0 2 514.0 29.7 46.7 26.5 4.37 4 0 2 4 5 5 5 225.00 30 50.00 4 55.00 27 30.00 25 25.00
2176 1 18 455.1 18.3 70.4 12.1 2.48 5 1 0 2 6 5 6 40 185.00 20 95.00 8 60.00 17 50.00 9 65.00 23 10.00
2177 0 14 640.5 24.0 43.3 43.7 2.67 2 0 5 5 13 2.00 6 1.00 7 2.00 23 10.00 9 45.00
2178 2 23 511.1 51.8 14.7 28.7 6.21 5 3 2 4 7 5 6 49 160.00 50 170.00 9 80.00 18 15.00 14 25.00 46 25.00
2179 2 32 805.6 46.3 60.2 41.8 7.56 3 2 4 5 6 43 190.00 44 225.00 10 115.00 14 20.00 18 15.00 36 1.00
2180 0 12 484.6 28.6 5.3 39.2 2.63 5 0 3 2 4 5 5 7 3.00 0 45.00 1 65.00 14 20.00 11 25.00
2181 1 15 905.4 60.5 61.4 50.3 5.55 2 4 5 6 42 185.00 38 2.00 6 1.00 39 60.00 9 75.00 23 10.00
2182 2 44 541.0 36.0 37.9 28.6 3.35 5 1 0 2 6 5 7 42 115.00 16 85.00 48 105.00 17 45.00 9 70.00 18 15.00 23 20.00
2183 0 12 364.1 22.7 34.8 16.9 3.07 3 0 2 5 5 5 180.00 4 70.00 28 10.00 25 15.00 28 15.00
2184 3 11 242.6 16.8 3.3 18.1 1.10 5 0 3 2 4 5 3 7 1.00 11 40.00 35 65.00
2185 3 -1 299.4 9.3 31.8 17.9 1.03 5 1 0 2 6 5 2 51 1.00 24 35.00
2186 1 18 480.9 22.5 45.0 24.3 2.22 2 0 5 6 22 110.00 41 100.00 12 60.00 39 10.00 23 10.00 0 40.00
2187 2 30 452.0 26.8 47.2 21.0 4.44 4 1 0 6 5 7 32 205.00 19 65.00 1 100.00 10 125.00 29 25.00 25 15.00 23 10.00
2188 2 34 520.7 43.4 31.9 25.8 4.06 4 2 6 4 5 6 15 145.00 20 75.00 8 95.00 17 50.00 29 20.00 18 10.00
2189 0 2 481.9 27.6 34.9 28.6 3.67 3 0 2 5 5 5 215.00 4 75.00 28 15.00 25 15.00 33 20.00
2190 0 6 640.5 24.0 43.3 43.7 2.67 2 0 5 5 13 2.00 6 1.00 7 2.00 23 10.00 9 45.00
2191 2 31 816.1 62.6 44.1 41.5 8.78 3 2 4 5 6 43 250.00 44 150.00 10 95.00 11 25.00 18 15.00 36 1.00
2192 3 12 253.8 5.2 18.9 19.8 2.00 4 1 0 2 5 3 4 85.00 33 30.00 25 10.00
2193 0 6 515.6 18.4 65.0 23.0 1.39 4 1 0 6 5 5 22 70.00 3 120.00 31 1.00 24 30.00 28 10.00
2194 1 10 371.8 13.3 42.0 18.7 2.63 5 1 0 2 6 5 6 26 165.00 35 85.00 9 90.00 1 1.00 23 15.00 36 1.00
2195 0 24 341.9 19.8 14.3 25.5 2.94 6 1 0 2 6 4 5 5 32 210.00 0 75.00 16 45.00 23 15.00 17 35.00
2196 1 13 462.2 48.7 48.2 8.1 3.12 2 4 5 5 37 150.00 38 2.00 39 35.00 9 50.00 5 35.00
2197 2 37 471.0 17.9 67.6 16.1 2.11 5 1 0 2 6 5 7 47 145.00 16 95.00 48 95.00 17 65.00 35 65.00 18 15.00 23 15.00
2198 3 6 270.0 8.0 30.8 15.4 0.99 5 1 0 2 6 5 2 51 1.00 24 30.00
2199 1 27 466.2 23.2 37.3 26.1 2.31 2 0 5 6 22 70.00 41 115.00 12 70.00 18 10.00 23 10.00 0 45.00
2200 2 29 546.4 67.9 16.1 25.0 7.96 5 3 2 4 7 5 6 49 225.00 50 205.00 9 85.00 18 15.00 14 20.00 46 25.00
2201 0 25 364.6 17.2 41.1 16.1 2.04 6 1 0 2 6 4 5 5 47 160.00 0 65.00 8 50.00 23 15.00 17 40.00
2202 3 16 223.9 15.6 3.6 16.4 1.09 5 0 3 2 4 5 3 7 1.00 11 35.00 35 75.00
2203 2 28 709.2 38.5 55.2 37.1 5.95 3 2 4 5 6 43 155.00 44 215.00 10 105.00 14 20.00 18 15.00 17 1.00
2204 2 38 417.4 14.3 57.7 15.9 1.96 5 1 0 2 6 5 7 47 105.00 16 70.00 48 90.00 17 75.00 9 70.00 18 15.00 23 15.00
2205 0 12 665.1 26.0 88.3 26.4 1.44 4 1 0 6 5 5 21 65.00 3 180.00 31 1.00 24 25.00 28 10.00
2206 0 9 432.8 22.4 30.8 27.2 3.21 3 0 2 5 5 5 155.00 4 75.00 28 20.00 25 10.00 33 20.00
2207 1 22 338.9 14.4 68.2 1.9 2.20 5 1 0 2 6 5 6 40 135.00 20 90.00 8 70.00 17 60.00 9 50.00 25 10.00
2208 1 23 870.6 55.0 61.3 48.9 5.21 2 4 5 6 42 165.00 38 2.00 6 1.00 39 55.00 9 75.00 23 10.00
2209 3 8 266.6 5.5 22.0 19.9 2.60 4 1 0 2 5 3 4 125.00 33 30.00 25 10.00
2210 0 15 670.9 25.9 84.3 29.2 1.34 4 1 0 6 5 5 21 60.00 3 125.00 31 1.00 24 35.00 28 10.00
2211 1 27 402.1 14.4 61.1 11.9 2.42 5 1 0 2 6 5 6 40 130.00 20 95.00 8 85.00 17 55.00 9 65.00 23 10.00
2212 0 10 639.6 24.0 43.1 43.7 2.64 2 0 5 5 13 2.00 6 1.00 7 2.00 23 10.00 9 40.00
2213 3 5 240.6 6.8 29.8 12.9 0.95 5 1 0 2 6 5 2 51 1.00 24 25.00
2214 2 32 485.2 17.8 71.3 16.1 2.23 5 1 0 2 6 5 7 47 135.00 16 75.00 48 130.00 17 75.00 35 85.00 18 15.00 23 15.00
2215 3 4 240.6 6.8 29.8 12.9 0.95 5 1 0 2 6 5 2 51 1.00 24 25.00
2216 3 4 465.7 19.7 52.6 22.6 2.05 3 0 2 5 5 31 1.00 3 190.00 5 70.00 27 25.00 25 10.00
2217 1 22 403.5 15.0 60.5 11.9 2.52 5 1 0 2 6 5 6 40 150.00 20 85.00 8 70.00 17 40.00 36 1.00 23 10.00
2218 1 6 436.4 43.3 48.5 7.7 2.95 2 4 5 5 37 130.00 38 2.00 39 50.00 9 50.00 5 30.00
2219 2 19 521.2 66.6 14.3 23.4 7.68 5 3 2 4 7 5 6 49 230.00 50 170.00 9 70.00 18 15.00 14 20.00 46 20.00
2220 2 31 458.9 24.0 53.3 19.9 3.92 4 1 0 6 5 7 32 185.00 19 80.00 1 70.00 10 115.00 29 20.00 25 20.00 23 10.00
2221 3 13 508.3 23.2 55.0 24.8 2.34 3 0 2 5 5 31 1.00 3 220.00 5 95.00 27 25.00 25 10.00
2222 1 21 412.8 14.2 64.5 11.9 2.94 5 1 0 2 6 5 6 40 135.00 20 85.00 8 80.00 17 50.00 30 55.00 23 10.00
2223 0 18 433.0 29.8 5.4 32.8 2.57 5 0 3 2 4 5 5 7 3.00 0 55.00 1 55.00 14 10.00 11 30.00
2224 1 23 442.0 17.7 67.8 12.1 2.50 5 1 0 2 6 5 6 40 180.00 20 85.00 8 75.00 17 50.00 9 60.00 23 10.00
2225 2 26 942.8 74.6 28.4 58.0 4.33 2 4 5 6 2 170.00 22 70.00 45 65.00 46 40.00 18 10.00 14 20.00
2226 0 19 638.7 23.9 42.9 43.7 2.61 2 0 5 5 13 2.00 6 1.00 7 2.00 23 10.00 9 35.00
2227 0 18 691.2 27.1 81.4 32.4 1.50 4 1 0 6 5 5 21 55.00 3 175.00 31 1.00 24 35.00 27 10.00
2228 0 21 420.8 23.5 6.4 33.7 2.11 5 0 3 2 4 5 5 7 2.00 0 50.00 8 55.00 14 15.00 11 35.00
2229 3 13 361.5 18.8 25.4 22.3 1.73 3 0 2 5 5 48 1.00 3 185.00 5 75.00 27 25.00 25 10.00
2230 2 25 643.1 53.9 37.0 32.8 4.73 4 2 6 4 5 6 15 185.00 20 100.00 8 80.00 17 55.00 29 15.00 18 10.00
2231 2 21 461.6 24.8 54.1 19.0 3.71 4 1 0 6 5 7 32 155.00 22 95.00 1 80.00 10 85.00 29 25.00 25 15.00 23 10.00
2232 3 4 291.3 6.0 20.7 23.1 2.32 4 1 0 2 5 3 4 100.00 33 35.00 25 10.00
2233 2 38 850.1 48.4 57.2 47.2 7.90 3 2 4 5 6 43 200.00 44 205.00 10 130.00 14 25.00 18 15.00 36 1.00
2234 2 24 435.6 26.4 41.6 21.3 3.99 4 1 0 6 5 7 32 215.00 19 70.00 1 80.00 10 85.00 29 30.00 25 10.00 23 10.00
2235 2 29 871.7 79.8 32.8 45.2 4.42 2 4 5 6 2 185.00 22 95.00 45 50.00 46 40.00 39 15.00 14 10.00
2236 2 38 390.4 16.8 59.8 11.1 2.66 5 1 0 2 6 5 7 47 110.00 16 75.00 48 120.00 1 70.00 9 75.00 18 15.00 23 10.00
2237 1 22 398.4 15.0 59.9 11.8 2.23 5 1 0 2 6 5 6 40 145.00 20 85.00 8 60.00 17 50.00 9 65.00 23 10.00
2238 0 12 498.7 18.4 56.0 25.4 1.71 4 1 0 6 5 5 34 45.00 3 185.00 31 1.00 24 30.00 28 10.00
2239 0 9 681.9 26.6 83.4 30.5 1.48 4 1 0 6 5 5 21 55.00 3 175.00 31 1.00 24 35.00 28 10.00
2240 2 40 839.4 56.3 49.8 44.8 8.71 3 2 4 5 6 43 245.00 44 175.00 10 110.00 14 15.00 18 15.00 36 1.00
2241 2 40 545.9 18.3 74.7 21.2 2.49 5 1 0 2 6 5 7 47 135.00 16 100.00 48 140.00 17 65.00 9 85.00 18 15.00 23 20.00
2242 0 17 306.5 15.8 12.9 23.3 2.64 6 1 0 2 6 4 5 5 32 165.00 0 50.00 8 55.00 23 15.00 17 50.00
2243 2 32 449.0 16.1 63.8 16.0 2.05 5 1 0 2 6 5 7 47 120.00 16 80.00 48 105.00 17 55.00 9 65.00 18 20.00 23 15.00
2244 1 16 388.6 15.2 57.5 11.7 2.14 5 1 0 2 6 5 6 40 155.00 20 70.00 8 55.00 17 45.00 9 60.00 23 10.00
2245 3 12 427.5 19.8 49.6 19.5 1.77 3 0 2 5 5 31 1.00 3 140.00 5 90.00 24 20.00 25 10.00
2246 1 23 839.1 50.6 60.0 47.7 4.77 2 4 5 6 42 150.00 38 2.00 6 1.00 39 45.00 9 50.00 23 10.00
2247 1 10 805.1 49.8 62.6 43.6 4.89 2 4 5 6 42 140.00 38 2.00 6 1.00 39 55.00 9 75.00 33 10.00
2248 0 13 433.5 25.1 43.9 20.0 3.56 4 0 2 4 5 5 5 195.00 30 70.00 44 50.00 27 20.00 25 15.00
2249 0 15 599.6 19.0 37.1 44.2 2.49 2 0 5 5 38 1.00 6 1.00 7 2.00 23 10.00 9 40.00
2250 2 28 528.8 69.5 15.8 22.3 7.89 5 3 2 4 7 5 6 49 225.00 50 175.00 9 95.00 18 15.00 14 15.00 46 30.00
2251 0 18 638.7 23.9 42.9 43.7 2.61 2 0 5 5 13 2.00 6 1.00 7 2.00 23 10.00 9 35.00
2252 2 29 876.2 51.0 56.2 49.1 8.19 3 2 4 5 6 43 215.00 44 205.00 10 115.00 14 25.00 18 15.00 36 1.00
2253 1 15 665.6 46.1 30.7 43.1 4.44 2 4 5 6 42 140.00 13 1.00 6 1.00 39 50.00 9 65.00 23 10.00
2254 3 -2 299.4 9.3 31.8 17.9 1.03 5 1 0 2 6 5 2 51 1.00 24 35.00
2255 1 17 460.8 20.6 40.4 25.4 2.31 2 0 5 6 20 105.00 41 130.00 12 65.00 18 10.00 23 10.00 0 30.00
2256 2 30 436.2 24.3 46.8 20.1 3.90 4 1 0 6 5 7 32 190.00 19 70.00 1 70.00 10 120.00 29 20.00 25 15.00 23 10.00
2257 0 5 371.2 11.8 33.0 23.7 2.71 3 0 2 5 5 3 175.00 4 95.00 28 15.00 25 10.00 33 20.00
2258 1 20 594.5 15.3 51.9 40.4 3.82 5 1 0 2 6 5 6 26 150.00 35 85.00 9 95.00 6 1.00 23 15.00 36 1.00
2259 2 26 723.1 62.9 35.3 38.7 5.33 4 2 6 4 5 6 15 220.00 20 95.00 8 80.00 17 50.00 29 15.00 18 10.00
2260 0 16 298.5 11.4 3.9 27.4 1.71 5 0 3 2 4 5 5 11 3.00 0 45.00 1 55.00 14 20.00 11 30.00
2261 3 1 409.0 18.1 45.3 19.8 1.81 3 0 2 5 5 31 1.00 3 170.00 5 65.00 27 15.00 28 10.00
2262 3 0 328.8 10.5 32.8 20.4 1.07 5 1 0 2 6 5 2 51 1.00 24 40.00
2263 0 5 596.2 34.3 27.6 42.4 3.83 3 0 2 5 5 5 225.00 4 75.00 28 15.00 24 20.00 33 25.00
2264 1 21 557.5 55.6 32.6 22.7 4.15 3 2 4 5 6 2 155.00 34 80.00 10 105.00 16 55.00 23 15.00 18 10.00
2265 0 5 483.2 30.5 40.7 25.0 4.13 4 0 2 4 5 5 5 245.00 30 45.00 4 45.00 27 25.00 25 20.00
2266 1 18 383.7 13.9 57.3 11.8 2.23 5 1 0 2 6 5 6 40 130.00 20 85.00 8 65.00 17 50.00 9 70.00 23 10.00
2267 0 6 588.7 25.6 23.3 46.6 3.46 3 0 2 5 5 5 180.00 4 65.00 28 20.00 23 15.00 33 25.00
2268 1 16 611.7 39.0 21.1 43.5 4.64 5 1 0 2 6 5 6 37 135.00 35 85.00 9 75.00 6 1.00 23 20.00 36 1.00
2269 0 23 503.5 29.8 5.2 40.9 2.64 5 0 3 2 4 5 5 7 3.00 0 40.00 1 65.00 14 20.00 11 30.00
2270 1 19 612.0 49.2 48.2 26.1 3.72 2 4 5 6 42 155.00 38 2.00 44 1.00 39 50.00 9 65.00 23 10.00
2271 0 13 648.6 25.3 85.2 26.2 1.44 4 1 0 6 5 5 21 60.00 3 185.00 31 1.00 24 25.00 28 10.00
2272 1 18 390.8 17.2 35.8 20.8 1.86 2 0 5 6 22 70.00 41 110.00 12 45.00 18 10.00 23 10.00 0 30.00
2273 2 29 810.2 45.4 53.2 45.7 7.34 3 2 4 5 6 43 190.00 44 190.00 10 90.00 14 25.00 18 20.00 36 1.00
2274 0 4 409.0 21.4 32.0 24.4 3.37 3 0 2 5 5 5 160.00 4 90.00 28 10.00 25 15.00 33 20.00
2275 0 22 286.9 14.5 11.2 22.4 2.55 6 1 0 2 6 4 5 5 32 145.00 0 70.00 8 45.00 23 15.00 17 35.00
2276 0 10 321.6 17.7 13.0 24.3 2.89 6 1 0 2 6 4 5 5 32 185.00 0 65.00 8 50.00 23 15.00 17 45.00
2277 1 16 651.9 43.6 31.4 42.4 4.42 2 4 5 6 42 130.00 13 1.00 6 1.00 39 60.00 9 75.00 23 10.00
2278 0 4 502.3 23.3 24.5 38.0 3.66 3 0 2 5 5 5 140.00 4 100.00 28 15.00 33 20.00 33 20.00
2279 1 5 410.6 17.1 69.9 8.6 1.79 2 4 5 5 26 110.00 38 2.00 39 30.00 9 55.00 5 25.00
2280 0 23 530.2 21.6 24.2 42.8 3.76 6 1 0 2 6 4 5 5 32 220.00 6 1.00 8 60.00 23 10.00 17 40.00
2281 1 18 898.4 60.4 60.8 50.0 5.67 2 4 5 6 42 180.00 38 2.00 6 1.00 39 45.00 0 75.00 23 10.00
2282 0 15 721.4 22.1 59.5 46.8 2.80 2 0 5 5 38 2.00 6 1.00 7 2.00 23 10.00 9 50.00
2283 3 17 221.7 15.5 3.0 16.4 1.02 5 0 3 2 4 5 3 7 1.00 11 35.00 35 60.00
2284 2 26 827.8 48.2 62.5 42.6 7.94 3 2 4 5 6 43 195.00 44 225.00 10 150.00 14 20.00 18 15.00 36 1.00
2285 2 26 538.2 43.5 35.8 26.0 4.08 4 2 6 4 5 6 15 145.00 20 95.00 8 95.00 17 45.00 29 15.00 18 10.00
2286 2 20 421.6 21.8 49.5 18.2 3.81 4 1 0 6 5 7 32 150.00 19 70.00 1 95.00 10 90.00 29 30.00 25 20.00 23 10.00
2287 1 30 558.2 49.2 31.0 26.7 3.92 3 2 4 5 6 2 135.00 34 65.00 10 115.00 16 65.00 23 20.00 18 10.00
2288 1 8 560.7 13.3 46.1 39.9 3.57 5 1 0 2 6 5 6 26 125.00 35 90.00 9 70.00 6 1.00 23 15.00 36 1.00
2289 1 11 813.6 46.5 60.0 46.7 4.54 2 4 5 6 42 135.00 38 2.00 6 1.00 39 45.00 9 50.00 23 10.00
2290 3 13 270.0 8.0 30.8 15.4 0.99 5 1 0 2 6 5 2 51 1.00 24 30.00
2291 0 23 473.4 30.4 6.1 36.9 2.85 5 0 3 2 4 5 5 7 3.00 0 60.00 1 70.00 14 15.00 11 30.00
2292 1 20 507.6 24.7 45.4 26.3 2.35 2 0 5 6 22 100.00 41 100.00 12 70.00 18 10.00 23 10.00 0 45.00
2293 2 25 470.0 64.0 12.9 19.5 7.84 5 3 2 4 7 5 6 49 220.00 50 215.00 9 90.00 30 10.00 14 15.00 46 20.00
2294 2 27 1129.3 63.4 55.0 79.3 7.44 4 2 6 4 5 6 15 200.00 20 85.00 8 95.00 6 2.00 29 20.00 18 10.00
2295 2 41 517.5 18.2 78.5 16.1 2.28 5 1 0 2 6 5 7 47 135.00 16 85.00 48 140.00 44 60.00 9 65.00 18 15.00 23 15.00
2296 3 14 261.8 5.4 20.8 19.9 2.37 4 1 0 2 5 3 4 110.00 33 30.00 25 10.00
2297 1 10 673.5 44.2 47.0 34.7 3.13 2 4 5 5 37 145.00 38 2.00 39 30.00 9 55.00 14 35.00
2298 2 33 588.6 50.4 34.4 29.1 4.34 4 2 6 4 5 6 15 165.00 22 65.00 8 90.00 17 50.00 29 20.00 18 10.00
2299 1 23 818.0 46.8 60.9 46.7 4.70 2 4 5 6 42 135.00 38 2.00 6 1.00 39 50.00 9 70.00 23 10.00
2300 1 13 544.5 13.4 45.2 38.0 3.61 5 1 0 2 6 5 6 40 115.00 35 90.00 9 85.00 6 1.00 23 15.00 36 1.00
2301 0 8 442.2 28.6 33.9 24.0 4.00 4 0 2 4 5 5 5 225.00 4 55.00 4 50.00 27 25.00 25 15.00
2302 2 28 456.9 26.9 45.9 21.8 4.16 4 1 0 6 5 7 32 225.00 19 70.00 1 85.00 10 85.00 29 25.00 25 15.00 23 10.00
2303 2 26 682.5 57.6 39.4 34.6 5.12 4 2 6 4 5 6 15 195.00 20 100.00 8 90.00 17 70.00 29 25.00 18 10.00
2304 1 27 380.5 13.3 57.0 11.8 2.17 5 1 0 2 6 5 6 40 120.00 20 95.00 8 65.00 17 45.00 9 65.00 23 10.00
2305 2 37 827.8 48.4 60.5 43.1 7.81 3 2 4 5 6 43 200.00 44 220.00 10 110.00 14 20.00 18 20.00 36 1.00
2306 0 4 531.1 31.2 47.9 27.3 4.51 4 0 2 4 5 5 5 240.00 30 60.00 4 45.00 27 30.00 25 25.00
2307 2 41 403.6 13.1 55.3 15.9 2.04 5 1 0 2 6 5 7 47 95.00 16 75.00 48 100.00 17 75.00 9 95.00 17 15.00 23 15.00
2308 2 26 710.9 58.4 44.8 35.1 4.66 4 2 6 4 5 6 15 200.00 20 95.00 44 65.00 17 60.00 29 20.00 18 10.00
2309 2 31 486.8 27.3 50.5 22.4 4.09 4 1 0 6 5 7 32 235.00 19 85.00 8 80.00 10 120.00 29 25.00 25 10.00 23 10.00
2310 2 35 707.0 53.9 48.8 32.0 8.06 3 2 4 5 6 43 215.00 44 160.00 10 135.00 12 15.00 18 15.00 36 1.00
2311 0 16 639.6 24.0 43.1 43.7 2.64 2 0 5 5 13 2.00 6 1.00 7 2.00 23 10.00 9 40.00
2312 1 23 713.7 44.6 60.5 36.0 4.32 2 4 5 6 42 125.00 38 2.00 6 1.00 39 40.00 9 55.00 29 10.00
2313 1 13 662.4 41.8 47.1 34.6 3.06 2 4 5 5 37 135.00 38 2.00 39 45.00 9 45.00 14 35.00
2314 2 34 1130.0 79.1 42.2 72.7 5.49 2 4 5 6 2 175.00 22 85.00 45 55.00 46 40.00 6 1.00 14 15.00
2315 1 7 585.0 14.7 50.1 40.3 3.68 5 1 0 2 6 5 6 26 145.00 35 80.00 9 80.00 6 1.00 23 15.00 36 1.00
2316 3 10 328.8 10.5 32.8 20.4 1.07 5 1 0 2 6 5 2 51 1.00 24 40.00
2317 1 15 498.1 18.5 24.1 40.8 4.22 5 1 0 2 6 5 6 32 175.00 35 75.00 9 75.00 6 1.00 23 10.00 36 1.00
2318 2 40 984.7 85.2 38.9 52.8 4.79 2 4 5 6 2 210.00 22 100.00 45 65.00 46 30.00 18 15.00 14 15.00
2319 0 19 303.8 15.6 13.0 23.4 3.10 6 1 0 2 6 4 5 5 32 165.00 0 55.00 4 60.00 23 15.00 17 35.00
2320 0 16 1147.8 24.4 81.2 84.9 2.51 4 1 0 6 5 5 21 60.00 45 180.00 31 1.00 24 25.00 28 10.00
2321 1 19 852.9 52.2 61.1 48.1 5.02 2 4 5 6 42 155.00 38 2.00 6 1.00 39 50.00 9 75.00 23 10.00
2322 2 36 458.4 17.4 64.4 16.1 2.17 5 1 0 2 6 5 7 47 145.00 16 65.00 48 115.00 17 45.00 9 90.00 16 20.00 23 15.00
2323 2 32 299.5 18.7 40.0 8.8 2.75 4 2 6 4 5 6 32 155.00 20 90.00 8 85.00 17 75.00 29 20.00 18 10.00
2324 3 13 270.0 8.0 30.8 15.4 0.99 5 1 0 2 6 5 2 51 1.00 24 30.00
2325 3 10 371.8 0.7 15.9 35.3 2.15 4 1 0 2 5 3 4 100.00 23 35.00 25 10.00
2326 1 18 467.9 22.7 40.2 25.1 2.21 2 0 5 6 22 85.00 41 95.00 12 65.00 18 10.00 23 10.00 0 45.00
2327 2 26 842.6 66.5 40.0 45.3 3.84 2 4 5 6 2 150.00 22 105.00 45 50.00 46 30.00 18 15.00 14 15.00
2328 0 10 708.7 27.0 94.6 28.4 1.50 4 1 0 6 5 5 21 65.00 3 185.00 31 1.00 24 35.00 25 10.00
2329 2 22 486.0 56.1 12.9 24.7 6.54 5 3 2 4 7 5 6 49 180.00 50 145.00 9 95.00 18 10.00 14 20.00 46 25.00
2330 3 6 296.1 6.2 21.9 23.2 2.54 4 1 0 2 5 3 4 115.00 33 35.00 25 10.00
2331 1 11 879.0 56.4 61.2 49.2 5.29 2 4 5 6 42 170.00 38 2.00 6 1.00 39 60.00 9 70.00 23 10.00
2332 2 36 441.1 15.5 62.3 16.0 1.98 5 1 0 2 6 5 7 47 115.00 16 65.00 48 120.00 17 55.00 9 65.00 18 15.00 23 15.00
2333 3 9 455.9 20.0 51.3 22.0 2.05 3 0 2 5 5 31 1.00 3 150.00 5 85.00 27 25.00 25 10.00
2334 3 13 473.2 21.8 53.4 22.0 2.22 3 0 2 5 5 31 1.00 3 210.00 5 95.00 27 20.00 25 10.00
2335 2 25 951.4 85.1 28.1 53.9 4.74 2 4 5 6 2 210.00 22 70.00 45 65.00 46 35.00 18 10.00 14 15.00
2336 3 12 297.7 6.2 22.3 23.2 2.62 4 1 0 2 5 3 4 120.00 33 35.00 25 10.00
2337 1 23 884.5 57.4 60.6 49.5 5.23 2 4 5 6 42 175.00 38 2.00 6 1.00 39 40.00 9 70.00 23 10.00
2338 1 19 545.8 15.0 50.9 35.4 3.59 5 1 0 2 6 5 6 26 150.00 35 85.00 9 70.00 6 1.00 23 10.00 36 1.00
2339 2 30 535.1 43.8 34.6 26.0 4.16 4 2 6 4 5 6 15 145.00 20 90.00 8 85.00 17 75.00 29 25.00 8 10.00
2340 0 4 444.6 23.2 34.9 26.4 3.61 3 0 2 5 5 5 170.00 4 95.00 28 15.00 25 15.00 33 20.00
2341 1 27 515.4 25.4 44.4 27.3 2.33 2 0 5 6 22 95.00 41 110.00 12 75.00 18 10.00 23 10.00 0 35.00
2342 1 20 779.1 47.5 63.1 41.4 4.65 2 4 5 6 42 130.00 38 2.00 6 1.00 39 45.00 9 75.00 27 10.00
2343 0 11 644.4 23.9 43.9 43.8 3.00 2 0 5 5 13 2.00 6 1.00 7 2.00 23 10.00 36 1.00
2344 2 29 851.0 62.5 32.1 51.6 3.85 2 4 5 6 2 175.00 22 80.00 45 50.00 45 40.00 18 15.00 14 15.00
2345 0 3 485.1 28.1 34.7 28.9 3.63 3 0 2 5 5 5 220.00 4 70.00 28 15.00 25 15.00 33 20.00
2346 0 17 630.4 24.3 83.8 25.2 1.35 4 1 0 6 5 5 21 60.00 3 155.00 31 1.00 24 25.00 28 10.00
2347 1 29 435.6 18.6 65.7 12.0 2.53 5 1 0 2 6 5 6 40 195.00 20 60.00 8 75.00 17 60.00 50 65.00 23 10.00
2348 2 28 832.8 52.5 49.5 46.3 8.29 3 2 4 5 6 43 225.00 44 170.00 10 120.00 14 20.00 18 15.00 36 1.00
2349 2 37 438.6 14.2 62.9 15.9 1.99 5 1 0 2 6 5 7 47 95.00 16 80.00 48 140.00 17 55.00 9 60.00 18 15.00 23 15.00
2350 0 13 460.8 29.1 42.3 22.3 4.37 4 0 2 4 5 5 5 240.00 30 65.00 4 45.00 27 20.00 25 20.00
2351 2 25 843.0 64.8 38.7 46.8 3.82 2 4 5 6 2 145.00 22 95.00 45 55.00 46 30.00 18 20.00 14 15.00
2352 2 32 931.6 56.3 56.8 52.4 8.90 3 2 4 5 6 43 240.00 44 205.00 10 125.00 14 25.00 18 15.00 36 1.00
2353 1 26 399.9 15.0 60.3 11.8 2.19 5 1 0 2 6 5 6 40 145.00 20 85.00 8 55.00 17 60.00 9 60.00 23 10.00
2354 2 22 400.5 20.8 42.9 18.7 3.19 4 1 0 6 5 7 32 160.00 19 75.00 50 80.00 10 105.00 29 25.00 25 10.00 23 10.00
2355 3 0 448.7 18.6 51.5 21.7 1.95 3 0 2 5 5 31 1.00 3 170.00 5 65.00 27 25.00 25 10.00
2356 0 18 249.0 14.4 12.7 17.4 2.52 6 1 0 2 6 4 5 5 32 145.00 0 60.00 8 60.00 23 10.00 17 45.00
2357 2 24 523.7 53.6 16.2 28.9 6.60 5 3 2 4 7 5 6 49 165.00 50 210.00 9 85.00 18 15.00 14 25.00 46 25.00
2358 1 35 632.0 71.6 29.5 24.4 4.66 3 2 4 5 6 2 210.00 34 75.00 10 75.00 16 55.00 23 15.00 18 10.00
2359 1 16 448.4 53.4 28.1 12.6 3.76 5 1 0 2 6 5 6 37 195.00 20 75.00 8 60.00 17 55.00 9 55.00 23 10.00
2360 0 20 639.6 24.0 43.1 43.7 2.64 2 0 5 5 13 2.00 6 1.00 7 2.00 23 10.00 9 40.00
2361 3 12 270.0 8.0 30.8 15.4 0.99 5 1 0 2 6 5 2 51 1.00 24 30.00
2362 0 19 667.4 25.7 92.1 25.1 1.29 4 1 0 6 5 5 21 75.00 3 120.00 31 1.00 24 25.00 28 10.00
2363 0 7 414.9 25.1 35.7 21.8 3.62 4 0 2 4 5 5 5 180.00 30 50.00 4 60.00 24 25.00 25 15.00
2364 3 11 220.2 15.4 2.7 16.4 0.97 5 0 3 2 4 5 3 7 1.00 11 35.00 35 50.00
2365 0 5 668.9 26.0 85.5 28.2 1.44 4 1 0 6 5 5 21 60.00 3 170.00 31 1.00 24 30.00 28 10.00
2366 2 32 765.8 42.5 51.8 43.3 7.11 3 2 4 5 6 43 170.00 44 165.00 10 145.00 14 25.00 18 20.00 36 1.00
2367 0 19 638.7 23.9 42.9 43.7 2.61 2 0 5 5 13 2.00 6 1.00 7 2.00 23 10.00 9 35.00
2368 1 16 496.0 22.3 51.2 23.4 2.30 2 0 5 6 22 110.00 41 145.00 12 55.00 18 10.00 23 10.00 0 30.00
2369 3 4 358.2 11.8 33.8 22.9 1.11 5 1 0 2 6 5 2 51 1.00 24 45.00
2370 0 19 611.7 23.4 77.4 26.5 1.32 4 1 0 6 5 5 21 50.00 3 140.00 31 1.00 24 30.00 28 10.00
2371 3 13 456.9 20.0 52.9 21.2 2.08 3 0 2 5 5 31 1.00 3 215.00 5 75.00 27 20.00 25 10.00
2372 0 14 617.8 23.7 77.9 26.8 1.35 4 1 0 6 5 5 21 50.00 3 150.00 31 1.00 24 30.00 28 10.00
2373 3 13 257.0 5.3 19.7 19.8 2.15 4 1 0 2 5 3 4 95.00 33 30.00 25 10.00
2374 0 16 309.5 16.3 12.7 23.6 2.69 6 1 0 2 6 4 5 5 32 170.00 0 60.00 8 45.00 23 15.00 17 50.00
2375 3 9 270.0 8.0 30.8 15.4 0.99 5 1 0 2 6 5 2 51 1.00 24 30.00
2376 2 33 688.8 60.8 32.9 36.9 5.24 4 2 6 4 5 6 15 210.00 20 75.00 8 85.00 17 65.00 29 25.00 18 10.00
2377 0 19 639.6 24.0 43.1 43.7 2.64 2 0 5 5 13 2.00 6 1.00 7 2.00 23 10.00 9 40.00
2378 2 39 918.7 77.3 27.3 54.7 4.97 2 4 5 6 2 190.00 34 90.00 45 70.00 46 30.00 18 15.00 14 15.00
2379 3 0 328.8 10.5 32.8 20.4 1.07 5 1 0 2 6 5 2 51 1.00 24 40.00
2380 3 2 284.9 5.9 19.2 23.1 2.02 4 1 0 2 5 3 4 80.00 33 35.00 25 10.00
2381 0 15 277.4 17.6 12.4 19.5 2.73 6 1 0 2 6 4 5 5 32 190.00 0 50.00 8 55.00 23 10.00 17 40.00
2382 1 22 377.0 14.1 55.7 11.7 2.34 5 1 0 2 6 5 6 40 135.00 20 70.00 8 85.00 17 45.00 9 70.00 23 10.00
2383 1 17 430.7 41.3 48.9 7.9 2.89 2 4 5 5 37 120.00 38 2.00 39 45.00 9 60.00 5 35.00
2384 3 9 328.8 10.5 32.8 20.4 1.07 5 1 0 2 6 5 2 51 1.00 24 40.00
2385 3 12 174.7 10.5 3.1 13.6 0.84 5 0 3 2 4 5 3 45 1.00 11 40.00 35 70.00
2386 0 13 640.5 24.0 43.3 43.7 2.67 2 0 5 5 13 2.00 6 1.00 7 2.00 23 10.00 9 45.00
2387 1 5 441.7 47.6 48.5 7.4 5.05 2 4 5 5 49 155.00 38 2.00 39 35.00 9 50.00 5 35.00
2388 1 9 624.5 42.4 101.1 8.0 3.19 2 4 5 5 37 120.00 38 2.00 39 50.00 31 2.00 5 25.00
2389 1 22 885.7 57.6 60.8 49.5 5.31 2 4 5 6 42 175.00 38 2.00 6 1.00 39 60.00 9 60.00 23 10.00
2390 0 25 412.9 28.6 5.3 31.1 2.53 5 0 3 2 4 5 5 7 3.00 0 45.00 1 65.00 14 10.00 11 25.00
2391 0 4 497.1 30.4 34.3 29.4 4.29 4 0 2 4 5 5 5 210.00 30 65.00 4 45.00 27 25.00 28 20.00
2392 2 29 428.3 28.1 52.2 15.5 4.06 4 1 0 6 5 7 32 195.00 19 80.00 1 80.00 10 120.00 29 25.00 25 15.00 24 10.00
2393 3 13 270.0 8.0 30.8 15.4 0.99 5 1 0 2 6 5 2 51 1.00 24 30.00
2394 3 14 205.9 4.1 14.1 16.4 1.22 4 1 0 2 5 3 36 1.00 33 25.00 25 10.00
2395 0 15 254.7 11.1 4.1 22.6 1.68 5 0 3 2 4 5 5 5 3.00 0 55.00 1 50.00 14 15.00 11 30.00
2396 3 15 108.5 8.2 4.7 6.3 0.73 5 0 3 2 4 5 3 7 1.00 3 45.00 35 60.00
2397 1 19 491.1 45.8 59.8 8.1 2.97 2 4 5 5 37 130.00 38 2.00 39 45.00 18 40.00 5 35.00
2398 1 27 431.5 18.7 39.8 23.3 2.31 2 0 5 6 20 100.00 41 135.00 12 55.00 18 10.00 23 10.00 0 40.00
2399 0 11 972.0 11.9 45.1 86.6 4.53 4 0 2 4 5 5 45 205.00 30 70.00 4 45.00 27 25.00 25 25.00
2400 2 25 484.1 53.4 13.7 24.0 4.11 5 3 2 4 7 5 6 37 165.00 50 155.00 9 80.00 18 15.00 14 20.00 46 20.00
2401 2 39 829.2 65.0 31.0 48.6 3.81 2 4 5 6 2 150.00 22 75.00 45 60.00 46 30.00 18 15.00 14 15.00
2402 0 14 490.1 31.2 5.6 38.5 2.74 5 0 3 2 4 5 5 7 3.00 0 55.00 1 60.00 14 15.00 11 35.00
2403 0 21 356.5 22.9 4.3 27.9 2.06 5 0 3 2 4 5 5 7 2.00 0 40.00 1 50.00 14 10.00 11 30.00
2404 0 16 339.6 14.8 11.9 27.8 2.58 6 1 0 2 6 4 5 5 32 155.00 0 50.00 8 50.00 23 20.00 17 45.00
2405 2 43 520.2 35.6 44.9 23.3 3.46 5 1 0 2 6 5 7 42 110.00 16 65.00 48 145.00 17 55.00 9 100.00 18 15.00 23 15.00
2406 1 23 569.9 66.1 32.7 18.6 4.30 3 2 4 5 6 2 190.00 34 70.00 10 90.00 48 50.00 23 10.00 18 10.00
2407 1 22 407.4 15.2 61.7 11.9 2.32 5 1 0 2 6 5 6 40 145.00 20 90.00 8 80.00 17 50.00 9 50.00 23 10.00
2408 0 18 639.6 24.0 43.1 43.7 2.64 2 0 5 5 13 2.00 6 1.00 7 2.00 23 10.00 9 40.00
2409 2 39 909.1 68.3 38.8 52.5 4.02 2 4 5 6 2 150.00 22 100.00 45 55.00 46 35.00 18 15.00 14 20.00
2410 2 24 488.6 53.6 16.2 24.8 6.58 5 3 2 4 7 5 6 49 165.00 50 225.00 9 75.00 18 15.00 14 20.00 46 25.00
2411 1 7 590.0 19.3 59.0 35.7 4.02 5 1 0 2 6 5 6 26 175.00 35 85.00 9 95.00 6 1.00 33 15.00 36 1.00
2412 3 3 243.3 16.8 3.4 18.1 1.13 5 0 3 2 4 5 3 7 1.00 11 40.00 35 70.00
2413 0 9 418.0 24.2 37.5 21.8 3.99 4 0 2 4 5 5 5 180.00 30 65.00 4 50.00 27 25.00 25 15.00
2414 0 1 427.8 23.2 30.3 26.4 3.47 3 0 2 5 5 5 170.00 4 90.00 28 15.00 25 10.00 33 20.00
2415 1 8 658.6 16.5 55.0 45.8 3.86 5 1 0 2 6 5 6 26 170.00 35 70.00 9 85.00 6 1.00 23 20.00 36 1.00
2416 0 14 1650.6 22.4 75.2 146.2 2.46 4 1 0 6 5 5 21 55.00 14 150.00 31 1.00 24 35.00 28 10.00
2417 0 12 597.8 18.9 36.7 44.2 2.43 2 0 5 5 38 1.00 6 1.00 7 2.00 23 10.00 9 30.00
2418 1 30 578.1 66.4 34.1 19.0 4.57 3 2 4 5 6 2 190.00 34 85.00 10 90.00 16 70.00 23 10.00 18 10.00
2419 3 7 461.8 20.5 53.1 21.4 2.12 3 0 2 5 5 31 1.00 3 215.00 5 80.00 27 20.00 25 10.00
2420 3 7 402.9 18.3 49.3 17.3 1.91 3 0 2 5 5 31 1.00 3 150.00 5 90.00 27 15.00 25 10.00
2421 2 38 695.8 37.4 54.2 36.5 6.32 3 2 4 5 6 43 150.00 44 200.00 10 100.00 14 20.00 18 15.00 36 1.00
2422 1 25 422.6 16.0 64.5 12.0 2.40 5 1 0 2 6 5 6 40 155.00 20 95.00 8 75.00 17 45.00 9 60.00 23 10.00
2423 1 19 510.6 25.3 43.4 27.3 2.31 2 0 5 6 22 95.00 41 95.00 12 75.00 18 10.00 23 10.00 0 40.00
2424 0 9 427.7 24.7 43.3 20.1 4.41 4 0 2 4 5 5 5 195.00 30 75.00 4 60.00 27 20.00 25 20.00
2425 1 18 596.0 15.4 51.9 40.5 3.70 5 1 0 2 6 5 6 26 155.00 35 85.00 9 70.00 6 1.00 23 15.00 36 1.00
2426 0 3 480.6 24.5 35.3 29.9 3.67 3 0 2 5 5 5 175.00 4 90.00 28 15.00 25 15.00 33 25.00
2427 1 10 793.0 14.6 95.6 45.3 3.84 5 1 0 2 6 5 6 26 115.00 31 2.00 9 70.00 6 1.00 23 20.00 36 1.00
2428 0 1 392.4 23.3 21.7 26.0 3.24 3 0 2 5 5 5 160.00 4 80.00 28 15.00 29 15.00 33 20.00
2429 1 9 569.9 17.0 48.4 37.9 3.40 5 1 0 2 6 5 6 47 140.00 35 75.00 9 65.00 6 1.00 23 15.00 36 1.00
2430 1 18 818.9 46.8 61.1 46.8 4.73 2 4 5 6 42 135.00 38 2.00 6 1.00 39 50.00 9 75.00 23 10.00
2431 0 21 385.8 20.2 12.3 30.9 3.48 6 1 0 2 6 4 5 5 32 215.00 0 70.00 8 55.00 23 20.00 8 40.00
2432 1 17 789.2 42.5 60.2 45.6 4.34 2 4 5 6 42 120.00 38 2.00 6 1.00 39 40.00 9 60.00 23 10.00
2433 1 25 826.6 48.1 61.0 47.1 4.77 2 4 5 6 42 140.00 38 2.00 6 1.00 39 45.00 9 75.00 23 10.00
2434 0 18 691.4 27.1 89.1 28.7 1.47 4 1 0 6 5 5 21 65.00 3 175.00 31 1.00 24 30.00 28 10.00
2435 1 20 631.0 17.4 57.7 41.1 3.82 5 1 0 2 6 5 6 26 185.00 35 85.00 9 65.00 6 1.00 23 15.00 36 1.00
2436 0 10 372.6 17.3 13.9 29.7 2.85 6 1 0 2 6 4 5 5 32 195.00 9 70.00 8 55.00 23 20.00 17 45.00
2437 2 36 914.1 85.0 32.2 47.9 4.67 2 4 5 6 2 220.00 22 80.00 45 55.00 46 25.00 18 15.00 14 15.00
2438 3 12 231.9 6.0 11.9 19.9 2.10 4 1 0 2 5 3 4 95.00 33 30.00 29 10.00
2439 0 23 378.9 24.4 4.7 29.6 2.21 5 0 3 2 4 5 5 7 2.00 0 55.00 1 45.00 14 10.00 11 35.00
2440 0 6 635.9 25.6 84.4 25.0 1.33 4 1 0 6 5 5 21 65.00 3 155.00 31 1.00 24 30.00 29 10.00
2441 1 16 656.0 48.0 47.2 30.8 3.29 2 4 5 5 37 160.00 38 2.00 39 30.00 9 60.00 14 30.00
2442 0 17 641.4 24.1 43.5 43.8 2.70 2 0 5 5 13 2.00 6 1.00 7 2.00 23 10.00 9 50.00
2443 1 30 456.2 20.2 46.0 22.2 2.08 2 0 5 6 22 100.00 41 120.00 12 50.00 18 10.00 23 10.00 0 30.00
2444 0 6 483.7 26.2 34.9 29.7 3.94 3 0 2 5 5 5 200.00 4 100.00 28 10.00 25 15.00 33 25.00
2445 2 32 861.8 70.0 32.5 49.2 4.04 2 4 5 6 2 165.00 22 80.00 45 60.00 46 30.00 18 15.00 14 15.00
2446 0 11 472.2 26.3 43.1 24.8 4.28 4 0 2 4 5 5 5 190.00 30 60.00 4 60.00 27 30.00 25 20.00
2447 0 13 492.2 18.6 78.9 13.5 1.35 4 1 0 6 5 5 21 55.00 3 185.00 31 1.00 41 25.00 28 10.00
2448 3 11 299.4 9.3 31.8 17.9 1.03 5 1 0 2 6 5 2 51 1.00 24 35.00
2449 2 36 913.9 66.8 36.2 54.9 4.00 2 4 5 6 2 140.00 22 95.00 45 70.00 46 40.00 18 10.00 14 15.00
2450 3 0 324.8 6.2 29.7 23.2 2.89 4 1 0 2 5 3 30 115.00 33 35.00 25 10.00
2451 3 7 240.3 16.7 2.7 18.1 1.03 5 0 3 2 4 5 3 7 1.00 11 40.00 35 50.00
2452 1 17 883.1 57.5 60.3 49.5 5.21 2 4 5 6 42 175.00 38 2.00 6 1.00 39 55.00 9 50.00 23 10.00
2453 0 21 370.4 30.2 6.1 25.2 2.53 5 0 3 2 4 5 5 7 3.00 0 45.00 1 65.00 3 15.00 11 30.00
2454 1 24 395.5 15.7 58.6 11.8 2.36 5 1 0 2 6 5 6 40 160.00 20 65.00 8 80.00 17 40.00 9 65.00 23 10.00
2455 1 21 417.4 19.8 35.5 22.9 2.09 2 0 5 6 22 70.00 41 95.00 12 55.00 18 10.00 23 10.00 0 50.00
2456 3 13 299.4 9.3 31.8 17.9 1.03 5 1 0 2 6 5 2 51 1.00 24 35.00
2457 0 10 310.9 16.0 13.4 23.5 2.42 6 1 0 2 6 4 5 5 32 170.00 10 55.00 8 40.00 23 15.00 17 45.00
2458 0 25 413.6 24.3 4.5 33.6 2.22 5 0 3 2 4 5 5 7 2.00 0 45.00 1 50.00 14 15.00 11 35.00
2459 1 17 435.4 42.5 48.7 7.9 2.93 2 4 5 5 37 125.00 38 2.00 39 50.00 9 50.00 5 35.00
2460 0 24 327.9 18.1 14.3 24.5 2.67 6 1 0 2 6 4 5 5 32 190.00 0 65.00 17 45.00 23 15.00 17 45.00
2461 1 18 597.4 19.9 86.0 22.6 3.49 2 0 5 6 22 85.00 41 90.00 12 50.00 51 2.00 23 10.00 0 50.00
2462 0 5 393.9 20.1 28.1 24.9 3.01 3 0 2 5 5 5 140.00 4 75.00 28 15.00 25 10.00 33 20.00
2463 2 24 582.0 58.9 22.6 30.2 8.41 5 3 2 4 7 5 6 49 185.00 4 170.00 9 75.00 18 15.00 14 25.00 46 30.00
2464 1 15 445.8 45.6 48.2 7.8 2.97 2 4 5 5 37 140.00 38 2.00 39 40.00 35 55.00 5 30.00
2465 2 28 487.2 27.2 52.2 22.0 4.05 4 1 0 6 5 7 32 230.00 19 95.00 1 70.00 10 85.00 29 20.00 25 15.00 23 10.00
2466 2 21 675.0 72.3 38.9 27.5 5.79 4 1 0 6 5 7 42 235.00 19 70.00 1 65.00 10 120.00 29 20.00 25 10.00 23 10.00
2467 0 17 376.5 18.6 13.8 29.8 3.12 6 1 0 2 6 4 5 5 32 195.00 0 65.00 8 60.00 23 20.00 17 45.00
2468 3 1 257.0 5.3 19.7 19.8 2.15 4 1 0 2 5 3 4 95.00 33 30.00 25 10.00
2469 2 24 540.5 66.7 9.7 27.3 7.59 5 3 2 4 7 5 6 49 235.00 50 145.00 9 65.00 17 15.00 14 25.00 46 20.00
2470 2 33 423.2 34.9 37.8 15.9 4.50 5 1 0 2 6 5 7 49 125.00 16 85.00 48 105.00 17 45.00 9 60.00 18 15.00 23 15.00
2471 0 10 667.0 25.8 87.1 27.4 1.35 4 1 0 6 5 5 21 65.00 3 135.00 31 1.00 24 30.00 28 10.00
2472 1 23 469.0 22.7 40.6 25.2 2.34 2 0 5 6 22 75.00 41 140.00 12 65.00 18 10.00 23 10.00 0 40.00
2473 0 2 492.2 31.0 41.9 25.3 4.28 4 0 2 4 5 5 5 250.00 30 55.00 4 40.00 27 25.00 25 20.00
2474 0 14 413.8 22.5 5.1 34.5 2.36 5 0 3 2 4 5 5 7 2.00 0 60.00 1 55.00 14 20.00 11 25.00
2475 2 33 845.5 74.5 34.6 44.1 4.10 2 4 5 6 2 195.00 22 90.00 45 55.00 11 25.00 18 15.00 14 10.00
2476 3 12 329.3 18.3 25.0 18.7 1.70 3 0 2 5 5 1 1.00 3 220.00 5 80.00 27 15.00 25 10.00
2477 3 7 453.8 19.8 52.7 21.0 2.06 3 0 2 5 5 31 1.00 3 210.00 5 75.00 27 20.00 25 10.00
2478 0 7 432.1 26.7 23.4 28.2 3.53 3 0 2 5 5 5 205.00 4 80.00 28 15.00 41 10.00 33 20.00
2479 0 12 720.5 22.0 59.3 46.7 2.77 2 0 5 5 38 2.00 6 1.00 7 2.00 23 10.00 9 45.00
2480 2 37 750.3 45.0 47.5 41.7 7.20 3 2 4 5 6 43 190.00 44 160.00 10 95.00 14 20.00 18 20.00 36 1.00
2481 3 3 176.2 10.4 2.5 14.1 0.77 5 0 3 2 4 5 3 14 1.00 11 40.00 35 55.00
2482 3 17 203.8 14.3 3.5 14.8 1.03 5 0 3 2 4 5 3 7 1.00 11 30.00 35 75.00
2483 2 34 1037.8 87.2 36.5 59.0 4.98 2 4 5 6 2 205.00 22 90.00 45 75.00 46 40.00 18 15.00 14 15.00
2484 3 2 473.2 21.8 53.4 22.0 2.22 3 0 2 5 5 31 1.00 3 210.00 5 95.00 27 20.00 25 10.00
2485 2 33 989.3 83.3 39.6 54.0 4.74 2 4 5 6 2 185.00 22 100.00 45 70.00 46 45.00 18 15.00 14 10.00
2486 1 24 373.9 15.5 61.7 8.4 2.29 5 1 0 2 6 5 6 40 125.00 20 100.00 8 65.00 17 60.00 9 60.00 33 10.00
2487 3 4 294.5 6.1 21.5 23.1 2.47 4 1 0 2 5 3 4 110.00 33 35.00 25 10.00
2488 1 8 633.9 17.6 58.3 41.1 3.91 5 1 0 2 6 5 6 26 185.00 35 80.00 9 85.00 6 1.00 23 15.00 36 1.00
2489 1 18 436.4 17.4 66.9 12.0 2.46 5 1 0 2 6 5 6 40 175.00 20 85.00 8 60.00 17 55.00 9 75.00 23 10.00
2490 3 13 422.8 17.7 50.7 19.4 1.88 3 0 2 5 5 31 1.00 3 175.00 5 65.00 27 20.00 25 10.00
2491 0 21 359.0 17.2 12.3 29.1 2.84 6 1 0 2 6 4 5 5 32 180.00 0 65.00 8 40.00 23 20.00 17 45.00
2492 2 29 592.0 70.4 16.0 29.1 8.25 5 3 2 4 7 5 6 49 235.00 50 220.00 9 70.00 18 15.00 14 25.00 46 25.00
2493 3 2 197.6 5.2 10.8 16.6 1.93 4 1 0 2 5 3 4 90.00 33 25.00 29 10.00
2494 2 44 489.0 15.5 63.2 21.0 2.21 5 1 0 2 6 5 7 47 115.00 16 95.00 48 115.00 17 55.00 9 80.00 18 10.00 23 20.00
2495 3 6 447.8 19.5 52.2 20.7 2.03 3 0 2 5 5 31 1.00 3 200.00 5 75.00 27 20.00 25 10.00
2496 1 21 569.5 42.4 48.2 24.3 3.34 2 4 5 6 42 130.00 38 2.00 44 1.00 39 50.00 9 65.00 23 10.00
2497 2 42 527.9 18.1 70.3 21.1 2.22 5 1 0 2 6 5 7 47 140.00 16 70.00 48 135.00 17 55.00 9 65.00 18 15.00 23 20.00
2498 2 26 681.9 47.9 21.7 44.3 7.94 3 2 4 5 6 43 210.00 35 150.00 10 110.00 14 20.00 18 20.00 36 1.00
2499 0 23 547.8 30.7 31.0 34.6 2.32 5 0 3 2 4 5 5 7 3.00 0 55.00 31 1.00 14 10.00 11 35.00
2500 0 7 640.5 24.0 43.3 43.7 2.67 2 0 5 5 13 2.00 6 1.00 7 2.00 23 10.00 9 45.00
